# vtk DataFile Version 4.2
vtk output
ASCII
DATASET UNSTRUCTURED_GRID
POINTS 10296 float
-4.67995E-06 -8.49526E-06 -3.10350E-06 -3.18475E-06 -7.86454E-06 1.42530E-06 -4.10447E-06 -7.90282E-06 -4.03170E-07 
-3.98624E-06 -7.90166E-06 -1.76830E-06 -3.09613E-06 -7.86633E-06 -2.83250E-06 -3.14099E-06 -7.70220E-06 3.42790E-07 
-2.19173E-06 -7.92232E-06 -4.17360E-06 9.35410E-06 -1.80656E-05 -6.25760E-07 -6.30942E-06 -2.44101E-05 2.34910E-06 
-1.33080E-06 -7.90531E-06 2.84340E-06 6.18059E-07 -8.75165E-06 -6.54920E-06 -6.91142E-07 -7.74524E-06 -4.04470E-06 
4.92276E-06 -2.32133E-05 -5.82130E-06 -3.58325E-08 -7.72390E-06 2.20250E-06 2.11397E-07 -7.56212E-06 8.16930E-07 
3.93402E-09 -8.08972E-06 -5.43010E-06 1.45267E-06 -7.66962E-06 1.43540E-06 -1.54023E-06 -7.56711E-06 -1.88430E-06 
1.08553E-06 -2.61190E-05 -2.59880E-06 7.85178E-07 -7.71403E-06 -4.28090E-06 2.59040E-06 -7.68499E-06 4.21010E-07 
-6.58204E-06 -2.21192E-05 5.61050E-06 1.77760E-06 -7.56721E-06 -2.79700E-06 2.31448E-06 -7.90978E-06 -4.27620E-06 
3.25754E-06 -7.84051E-06 -3.00360E-06 -5.12882E-06 -8.63002E-06 1.29370E-06 -5.21257E-06 -8.52685E-06 1.08180E-07 
-1.62046E-06 -7.54183E-06 -2.83990E-07 -4.51400E-06 -9.28450E-06 -5.06700E-06 -4.31414E-06 -8.46341E-06 2.28380E-06 
-3.48129E-06 -8.33834E-06 -4.33050E-06 6.33663E-06 -9.84396E-06 6.96400E-07 -1.63203E-06 -9.41400E-06 -7.02200E-06 
-1.95770E-06 -8.61813E-06 4.38140E-06 -8.48076E-07 -8.66706E-06 -6.31740E-06 -8.61604E-08 -8.33840E-06 4.06280E-06 
1.34631E-06 -8.74140E-06 4.50250E-06 1.65478E-06 -8.17618E-06 3.21360E-06 2.40263E-06 -8.90953E-06 4.26900E-06 
-6.63608E-06 -1.11673E-05 4.29240E-06 2.02181E-06 -9.00460E-06 -6.60160E-06 3.39552E-06 -8.82610E-06 3.40270E-06 
2.89052E-06 -8.08712E-06 1.97240E-06 3.97798E-06 -8.22744E-06 8.27270E-07 3.55380E-06 -8.24098E-06 -4.17700E-06 
3.08401E-06 -8.61924E-06 -5.49150E-06 4.08706E-06 -8.64029E-06 2.14290E-06 -6.36754E-06 -1.17255E-05 -5.91670E-06 
4.47645E-06 -8.41564E-06 -3.28020E-06 4.49710E-06 -8.87234E-06 -4.65540E-06 5.22032E-06 -8.71111E-06 -2.22250E-06 
-5.76651E-06 -9.19712E-06 2.05320E-06 -6.07001E-06 -9.10508E-06 7.39630E-07 -6.18295E-06 -9.13450E-06 -6.00730E-07 
-5.15630E-06 -9.36445E-06 3.44230E-06 -5.59518E-06 -9.50156E-06 -3.99420E-06 -3.01673E-08 -1.91337E-05 -1.01610E-05 
-3.20276E-06 -9.54359E-06 5.25870E-06 8.07499E-06 -2.11191E-05 -3.45500E-06 -1.92306E-06 -9.51261E-06 5.67340E-06 
-6.68413E-07 -9.18267E-06 5.42260E-06 -2.13373E-07 -9.63832E-06 -7.56210E-06 -4.60212E-07 -1.07358E-05 -8.44690E-06 
6.51459E-07 -9.12213E-06 5.25350E-06 1.16673E-06 -9.53289E-06 -7.39480E-06 3.17471E-06 -1.21993E-05 -8.90550E-06 
2.37371E-06 -9.96704E-06 -7.58170E-06 3.18937E-06 -9.45286E-06 -6.65540E-06 -9.22070E-06 -2.06964E-05 -7.99650E-07 
5.16280E-06 -9.04394E-06 1.43170E-06 -4.17613E-07 -2.60525E-05 -3.19340E-06 5.69822E-06 -9.31602E-06 -3.57110E-06 
6.52104E-06 -9.79209E-06 -6.60130E-07 6.19741E-06 -9.43306E-06 -1.89730E-06 -6.87030E-06 -9.94733E-06 1.32740E-06 
-6.90582E-06 -9.78978E-06 1.80300E-07 -7.15888E-06 -1.00332E-05 -1.00130E-06 -6.50371E-06 -1.01958E-05 2.95640E-06 
-6.68874E-06 -1.04474E-05 -3.75720E-06 -5.84987E-06 -1.04433E-05 -5.12220E-06 -5.63903E-06 -1.02691E-05 4.32350E-06 
-5.01388E-06 -1.06922E-05 -6.33390E-06 -9.59099E-06 -1.50126E-05 1.41840E-06 -3.99769E-06 -1.03359E-05 5.78370E-06 
-2.69602E-06 -1.04558E-05 6.48350E-06 -7.65602E-06 -2.31643E-05 -1.26320E-06 -1.69190E-06 -1.10635E-05 7.19050E-06 
-1.12958E-06 -1.01114E-05 6.47080E-06 5.02785E-07 -1.00075E-05 6.30600E-06 1.08172E-06 -1.06350E-05 -8.40710E-06 
2.71148E-06 -1.10949E-05 -8.40320E-06 3.36777E-06 -9.75932E-06 4.79760E-06 3.89637E-06 -1.04435E-05 -7.31780E-06 
4.40901E-06 -9.89116E-06 4.08870E-06 5.99499E-06 -1.01151E-05 2.24070E-06 5.27071E-06 -1.06614E-05 -6.44750E-06 
6.75004E-06 -1.01692E-05 -2.86930E-06 1.94096E-06 -1.60304E-05 -1.03350E-05 7.24259E-06 -1.06865E-05 -2.66830E-08 
6.78290E-06 -1.76518E-05 -7.78770E-06 -7.81340E-06 -1.08092E-05 2.88910E-07 -7.94890E-06 -1.10378E-05 -1.12070E-06 
-7.38316E-06 -1.12899E-05 3.19960E-06 -7.64495E-06 -1.09825E-05 1.91180E-06 -2.55877E-06 -1.10880E-05 -8.20160E-06 
-6.87583E-06 -1.13736E-05 -4.85150E-06 -6.19037E-06 -1.60626E-05 7.56570E-06 -5.36710E-06 -1.11877E-05 5.63290E-06 
2.50309E-06 -2.41564E-05 5.37220E-06 -3.96226E-06 -1.12129E-05 6.59500E-06 -8.18577E-06 -1.21145E-05 2.68480E-06 
-3.63881E-07 -1.10118E-05 7.24300E-06 -1.41191E-06 -1.14509E-05 -8.79040E-06 9.52150E-07 -1.11462E-05 7.15630E-06 
1.97615E-06 -1.07373E-05 6.55700E-06 3.23295E-06 -1.06980E-05 5.90420E-06 4.54097E-06 -1.08249E-05 5.05600E-06 
4.09085E-06 -1.17432E-05 -8.22430E-06 -8.46095E-06 -2.19397E-05 2.31060E-06 4.99531E-06 -1.14168E-05 -7.36240E-06 
6.48565E-06 -1.10596E-05 2.83180E-06 6.18197E-06 -1.09595E-05 -5.65910E-06 7.86761E-06 -1.14785E-05 -8.38690E-07 
7.26437E-06 -1.05737E-05 -1.57800E-06 7.39330E-06 -1.09678E-05 -2.85150E-06 -5.64020E-06 -2.44447E-05 -3.00420E-06 
4.89080E-06 -1.55244E-05 7.26230E-06 -8.54583E-06 -1.20533E-05 1.20160E-06 -8.43809E-06 -1.20726E-05 -2.07220E-06 
-7.59247E-06 -1.21987E-05 4.02280E-06 -7.79411E-06 -1.18715E-05 -3.74100E-06 -7.33604E-06 -1.25475E-05 -5.30260E-06 
-6.72972E-06 -1.22796E-05 5.31530E-06 1.97240E-06 -9.63254E-06 5.49420E-06 -5.90182E-06 -1.25576E-05 6.31740E-06 
5.05196E-06 -2.10105E-05 -7.89780E-06 -4.64108E-06 -1.24393E-05 7.11130E-06 -4.52030E-06 -1.23936E-05 -7.97730E-06 
-6.22328E-06 -1.51145E-05 -7.74690E-06 -3.42170E-06 -1.21508E-05 -8.45440E-06 -2.33516E-06 -1.21532E-05 -8.90420E-06 
-2.56489E-06 -8.80674E-06 -5.87820E-06 4.31736E-07 -1.19494E-05 7.79530E-06 -7.67216E-06 -1.99569E-05 -5.64830E-06 
3.00108E-06 -1.17859E-05 6.86830E-06 7.41665E-06 -1.40864E-05 4.08380E-06 4.33068E-06 -1.19491E-05 6.14190E-06 
5.67168E-06 -1.21293E-05 5.05760E-06 5.26490E-06 -1.23946E-05 -7.85530E-06 6.36860E-06 -1.16991E-05 3.77850E-06 
6.22986E-06 -1.20013E-05 -6.68110E-06 6.54036E-06 -1.60991E-05 -8.07970E-06 7.11567E-06 -1.20091E-05 2.90910E-06 
7.12636E-06 -1.11548E-05 1.64990E-06 7.98153E-06 -1.19527E-05 3.87170E-07 7.14662E-06 -1.18810E-05 -5.21310E-06 
8.48540E-06 -1.26135E-05 -8.07120E-07 8.13130E-06 -1.19722E-05 -2.15230E-06 7.71208E-06 -1.18271E-05 -3.77090E-06 
-8.96281E-06 -1.33993E-05 2.07100E-06 -9.22031E-06 -1.33979E-05 3.99020E-07 -9.15081E-06 -1.34112E-05 -1.32560E-06 
-8.41267E-06 -1.33335E-05 3.64430E-06 -8.75864E-06 -1.33259E-05 -3.02450E-06 -8.19731E-06 -1.34805E-05 -4.50520E-06 
-6.82939E-06 -1.34916E-05 6.08490E-06 -7.70195E-06 -1.33874E-05 4.94430E-06 -7.65690E-06 -1.37492E-05 -5.61520E-06 
-6.62006E-06 -1.32995E-05 -6.72160E-06 -5.42518E-06 -1.33585E-05 -7.82270E-06 -4.76004E-06 -1.38293E-05 7.80590E-06 
-5.72620E-06 -1.35808E-05 7.09100E-06 -3.59696E-06 -1.34759E-05 8.14910E-06 -2.89938E-06 -1.32913E-05 -9.22270E-06 
-2.28092E-06 -1.31705E-05 8.35000E-06 -9.19490E-07 -2.06177E-05 8.70320E-06 -1.34961E-06 -1.29713E-05 -9.55860E-06 
1.44041E-07 -1.30477E-05 8.37180E-06 4.27002E-07 -1.32084E-05 -9.84640E-06 1.69080E-06 -1.36148E-05 -9.90090E-06 
1.37844E-06 -1.29480E-05 8.12240E-06 2.71297E-06 -1.30057E-05 7.67620E-06 2.86849E-06 -1.33072E-05 -9.52770E-06 
3.79988E-06 -1.29671E-05 7.09650E-06 5.38038E-06 -1.35040E-05 -8.35050E-06 6.83169E-06 -1.27969E-05 4.09760E-06 
6.34609E-06 -1.33984E-05 -7.46760E-06 7.54793E-06 -1.31036E-05 3.12450E-06 7.97210E-06 -1.27228E-05 1.82380E-06 
7.39214E-06 -1.34475E-05 -6.22450E-06 8.57305E-06 -1.32238E-05 4.60990E-07 8.81556E-06 -1.34806E-05 -1.94350E-06 
8.50894E-06 -1.31128E-05 -3.27530E-06 8.03604E-06 -1.30694E-05 -4.67600E-06 -4.56571E-06 -9.83814E-06 4.78540E-06 
-9.11638E-06 -1.46751E-05 3.10830E-06 -9.66247E-06 -1.49053E-05 -5.28950E-07 -9.41670E-06 -1.48946E-05 -2.26780E-06 
-8.47502E-06 -1.46569E-05 4.53210E-06 -8.89276E-06 -1.48036E-05 -3.86150E-06 -8.23317E-06 -1.47860E-05 -5.20600E-06 
-7.62418E-06 -1.47004E-05 5.81770E-06 -7.41586E-06 -1.48351E-05 -6.39400E-06 -5.44965E-06 -1.48468E-05 7.79890E-06 
-6.57648E-06 -1.47482E-05 6.91360E-06 -5.00370E-06 -1.44736E-05 -8.50310E-06 -4.17037E-06 -1.50388E-05 8.48820E-06 
-3.79070E-06 -1.46302E-05 -9.24620E-06 -2.58701E-06 -1.45888E-05 8.81120E-06 -2.05315E-06 -1.47503E-05 -9.94540E-06 
-9.87157E-07 -1.40323E-05 8.79690E-06 -5.79079E-07 -1.42154E-05 -1.01040E-05 7.57683E-07 -1.41732E-05 8.71380E-06 
2.12463E-06 -1.42384E-05 8.37720E-06 3.66512E-06 -1.44317E-05 7.74690E-06 3.82748E-06 -1.40984E-05 -9.46780E-06 
2.18955E-06 -2.31577E-05 6.60170E-06 4.90458E-06 -1.43717E-05 -8.99490E-06 -4.23557E-06 -8.14580E-06 8.99950E-07 
6.00082E-06 -1.47004E-05 -8.29810E-06 8.11658E-06 -1.41495E-05 2.81070E-06 7.07203E-06 -1.48539E-05 -7.30580E-06 
8.60334E-06 -1.42145E-05 1.60920E-06 8.96013E-06 -1.44429E-05 4.59790E-07 8.98369E-06 -1.39741E-05 -6.45690E-07 
8.65164E-06 -1.42823E-05 -4.19260E-06 8.20994E-06 -1.42499E-05 -5.26550E-06 9.03262E-07 -1.48245E-05 -1.02940E-05 
-9.93346E-06 -1.65264E-05 2.24440E-07 -9.80267E-06 -1.64608E-05 -1.41280E-06 -9.03245E-06 -1.59093E-05 4.00850E-06 
-9.50260E-06 -1.59620E-05 2.73060E-06 -9.33190E-06 -1.66410E-05 -3.34600E-06 -8.31217E-06 -1.60107E-05 5.32090E-06 
-8.69623E-06 -1.59698E-05 -4.69990E-06 -2.96715E-06 -1.19696E-05 7.52700E-06 -8.08555E-06 -1.61162E-05 -5.79450E-06 
-7.25180E-06 -1.60631E-05 -6.88640E-06 -5.12093E-06 -1.60193E-05 8.25340E-06 -4.90172E-06 -1.58095E-05 -8.86240E-06 
-3.33602E-06 -1.62978E-05 -9.69470E-06 -2.80520E-06 -1.61833E-05 9.07340E-06 -1.79301E-06 -1.66552E-05 -1.02260E-05 
-1.48692E-06 -1.57699E-05 9.19270E-06 1.03750E-08 -1.55081E-05 9.11810E-06 -6.17435E-07 -1.56022E-05 -1.03660E-05 
1.43575E-06 -1.55804E-05 8.88940E-06 1.64403E-06 -1.21895E-05 -9.30120E-06 2.64908E-06 -1.55430E-05 8.48000E-06 
4.15535E-06 -1.53955E-05 -9.61030E-06 5.34324E-06 -1.57728E-05 -8.98850E-06 -9.10280E-06 -1.84822E-05 -3.66880E-06 
7.98621E-06 -1.54792E-05 3.74090E-06 9.05796E-06 -1.55396E-05 1.08920E-06 9.27121E-06 -1.53937E-05 -2.86700E-07 
-7.02798E-06 -2.39939E-05 1.39850E-06 9.24652E-06 -1.49904E-05 -1.64530E-06 9.00439E-06 -1.55068E-05 -3.83610E-06 
8.64334E-06 -1.54745E-05 -4.93490E-06 2.64728E-06 -1.48208E-05 -1.00310E-05 -9.43033E-06 -1.71346E-05 3.32040E-06 
-9.77857E-06 -1.68072E-05 1.85910E-06 -8.85786E-06 -1.72354E-05 4.60550E-06 5.53551E-06 -1.06796E-05 3.80390E-06 
-9.89863E-06 -1.78965E-05 -5.29450E-07 -7.36107E-06 -1.61289E-05 6.53860E-06 -6.70750E-06 -1.66523E-05 -7.51280E-06 
-5.39065E-06 -1.72756E-05 8.20040E-06 -5.74583E-06 -1.69041E-05 -8.35370E-06 -4.19941E-06 -1.66744E-05 8.72210E-06 
-3.14854E-06 -1.74114E-05 9.05970E-06 3.90127E-06 -2.53433E-05 -2.19410E-06 -6.05406E-07 -1.69521E-05 -1.04460E-05 
-5.90570E-07 -1.67508E-05 9.30440E-06 7.07876E-07 -1.69292E-05 9.16300E-06 5.93678E-07 -1.63860E-05 -1.04950E-05 
3.64585E-06 -1.62956E-05 8.13290E-06 3.25136E-06 -1.67039E-05 -1.00460E-05 2.91646E-06 -2.27671E-05 -7.68290E-06 
4.56148E-06 -1.66298E-05 -9.47840E-06 -3.93815E-07 -7.56889E-06 -8.57030E-07 -6.24962E-06 -9.44887E-06 -2.37660E-06 
7.55896E-06 -1.63994E-05 -7.00360E-06 7.95854E-06 -1.51283E-05 -6.15900E-06 9.33215E-06 -1.67835E-05 2.79460E-07 
9.45626E-06 -1.65984E-05 -1.27340E-06 9.31054E-06 -1.61333E-05 -2.71150E-06 9.00159E-06 -1.68709E-05 -4.14800E-06 
8.38902E-06 -1.66303E-05 -5.67280E-06 -9.62938E-06 -1.83028E-05 2.47620E-06 -9.88813E-06 -1.80538E-05 9.87940E-07 
2.66331E-06 -1.89676E-05 8.43130E-06 -9.16389E-06 -1.84778E-05 3.82730E-06 -4.10925E-06 -2.58752E-05 1.08600E-07 
-8.55254E-06 -1.75287E-05 -5.05310E-06 -7.51456E-06 -1.07793E-05 -2.35940E-06 -8.43464E-06 -1.86327E-05 5.15380E-06 
-6.79406E-06 -1.74401E-05 7.17920E-06 2.80113E-06 -2.49114E-05 4.05810E-06 -6.53696E-06 -1.79113E-05 -7.60410E-06 
-4.92394E-06 -1.86232E-05 8.35210E-06 -5.37081E-06 -1.83509E-05 -8.46120E-06 -4.11207E-06 -1.79921E-05 8.75570E-06 
-4.12038E-06 -1.89834E-05 -9.06490E-06 -1.74020E-06 -1.76117E-05 9.28300E-06 -1.17458E-06 -1.81438E-05 -1.02540E-05 
-2.42896E-07 -1.78334E-05 9.26100E-06 2.03060E-07 -1.78645E-05 -1.04370E-05 1.03095E-06 -1.85033E-05 9.00430E-06 
2.30478E-06 -1.71623E-05 8.76440E-06 1.69866E-06 -1.74072E-05 -1.03710E-05 3.52384E-06 -1.77272E-05 8.21140E-06 
4.63074E-06 -1.72465E-05 7.58270E-06 5.76215E-06 -1.68202E-05 6.72480E-06 5.66941E-06 -1.71530E-05 -8.79620E-06 
6.80688E-06 -1.67540E-05 5.67090E-06 7.70750E-06 -1.68537E-05 4.46530E-06 8.44411E-06 -1.68726E-05 3.15030E-06 
7.86110E-06 -1.80256E-05 -6.39660E-06 4.37325E-06 -1.81825E-05 -9.41760E-06 8.96167E-06 -1.68508E-05 1.80310E-06 
9.29079E-06 -1.79117E-05 -2.44730E-06 8.54304E-06 -1.79002E-05 -5.15880E-06 -9.63545E-06 -1.93871E-05 1.51040E-06 
-9.72168E-06 -1.92960E-05 1.04300E-07 -9.64936E-06 -1.91604E-05 -1.14030E-06 -8.66558E-06 -1.97875E-05 4.28070E-06 
-9.27485E-06 -1.95956E-05 2.92560E-06 -3.74314E-06 -9.88886E-06 -6.46590E-06 -8.39770E-06 -1.90517E-05 -4.90890E-06 
-6.06746E-06 -1.87572E-05 7.65220E-06 -7.31991E-06 -1.89780E-05 6.48980E-06 8.59043E-06 -1.55124E-05 2.46290E-06 
-7.13873E-06 -1.89227E-05 -6.75350E-06 -6.03489E-06 -1.93344E-05 -7.70120E-06 -4.96575E-06 -1.96093E-05 -8.37660E-06 
-2.99092E-06 -1.84696E-05 9.02760E-06 -6.02830E-07 -1.89296E-05 9.16400E-06 2.76356E-06 -1.84658E-05 -9.99420E-06 
4.32750E-06 -1.88495E-05 7.62680E-06 4.29097E-06 -9.55988E-06 -6.01040E-06 5.36802E-06 -1.80697E-05 6.99050E-06 
6.26954E-06 -1.81292E-05 6.18100E-06 8.24019E-06 -1.90961E-05 -5.28320E-06 7.20607E-06 -1.82426E-05 5.07580E-06 
7.99766E-06 -1.82830E-05 3.82310E-06 8.65870E-06 -1.82639E-05 2.45020E-06 9.11693E-06 -1.81909E-05 9.18450E-07 
5.79517E-06 -1.86511E-05 -8.44380E-06 8.83719E-06 -1.87190E-05 -3.96740E-06 -9.41130E-06 -2.03559E-05 7.27600E-07 
-5.15477E-06 -8.45419E-06 -1.35930E-06 -8.68200E-06 -2.08417E-05 3.38710E-06 6.06188E-06 -1.52227E-05 6.19910E-06 
-5.81940E-06 -2.36055E-05 -4.38910E-06 -7.94079E-06 -1.98692E-05 5.40480E-06 -8.51767E-06 -2.02006E-05 -3.98180E-06 
-7.12405E-06 -2.06612E-05 6.02310E-06 -6.55455E-06 -2.03331E-05 -6.77940E-06 -6.22331E-06 -2.01825E-05 7.11300E-06 
-5.03205E-06 -1.97737E-05 8.03190E-06 -5.23826E-06 -2.07455E-05 -7.70730E-06 6.84725E-07 -2.61490E-05 2.44410E-06 
4.14624E-06 -8.06014E-06 -1.87080E-06 -3.73906E-06 -8.85667E-06 3.87240E-06 -2.87996E-06 -1.99537E-05 -9.31140E-06 
-1.46821E-06 -1.95121E-05 -9.86170E-06 3.29397E-07 -1.98186E-05 8.86780E-06 9.62607E-07 -1.99225E-05 -9.88250E-06 
1.44856E-06 -1.98816E-05 8.59360E-06 2.16262E-06 -1.98536E-05 -9.74520E-06 -6.54465E-06 -2.37229E-05 3.57700E-06 
3.49017E-06 -2.00554E-05 7.76450E-06 3.54890E-06 -1.96281E-05 -9.39490E-06 4.55664E-06 -2.03023E-05 7.02540E-06 
4.78184E-06 -1.97081E-05 -8.75370E-06 5.52211E-06 -1.92990E-05 6.63360E-06 6.47743E-06 -1.95378E-05 5.58330E-06 
-5.67243E-06 -2.35533E-05 4.95750E-06 5.78467E-06 -1.98892E-05 -7.98130E-06 7.36392E-06 -1.96280E-05 4.37640E-06 
8.12399E-06 -1.95794E-05 3.02040E-06 8.01933E-06 -2.06427E-05 2.28790E-06 -4.40941E-06 -1.74344E-05 -9.17930E-06 
7.60643E-06 -1.94694E-05 -6.17740E-06 8.67659E-06 -1.96302E-05 1.42040E-06 9.07639E-06 -1.91989E-05 -1.30270E-08 
9.07616E-06 -1.93931E-05 -1.25240E-06 8.79299E-06 -1.98602E-05 -2.73450E-06 6.82262E-06 -1.92736E-05 -7.29150E-06 
-8.96993E-06 -2.13961E-05 8.13150E-07 -9.64896E-06 -1.80517E-05 -2.10310E-06 -9.16309E-06 -2.06354E-05 1.99420E-06 
-8.71246E-06 -2.10899E-05 -2.44590E-06 -7.85402E-06 -2.10990E-05 4.77050E-06 -7.92359E-06 -2.17458E-05 -3.58720E-06 
-7.69070E-06 -2.10592E-05 -4.76940E-06 -6.83668E-06 -2.13116E-05 -5.77950E-06 -6.12850E-06 -2.14419E-05 6.53530E-06 
-5.98208E-06 -2.14428E-05 -6.60990E-06 -4.95282E-06 -2.20483E-05 -7.00620E-06 -3.96633E-06 -2.05179E-05 8.23980E-06 
-3.97570E-06 -2.16650E-05 -7.92980E-06 -2.67706E-06 -2.05029E-05 8.59390E-06 -2.84987E-06 -2.13425E-05 -8.65930E-06 
-1.64226E-06 -2.23790E-05 -8.31110E-06 6.29138E-07 -2.31892E-05 -7.79860E-06 -1.49174E-06 -2.10559E-05 -9.22310E-06 
-2.08748E-06 -2.34121E-05 -7.28450E-06 -7.99391E-08 -2.05523E-05 -9.65920E-06 7.28853E-07 -2.09703E-05 8.38580E-06 
1.52015E-06 -2.11378E-05 -9.24940E-06 2.31429E-06 -2.07469E-05 8.05210E-06 2.95320E-06 -2.08737E-05 -9.05230E-06 
3.51516E-06 -2.11692E-05 7.28200E-06 4.02064E-06 -2.06182E-05 -8.73560E-06 4.48947E-06 -2.14734E-05 6.46680E-06 
5.55519E-06 -2.06387E-05 6.04390E-06 6.42596E-06 -2.10296E-05 4.79750E-06 7.08294E-06 -2.04503E-05 -6.31660E-06 
6.17350E-06 -2.07342E-05 -7.13690E-06 7.40500E-06 -2.08533E-05 3.44340E-06 7.77243E-06 -2.10166E-05 -4.51460E-06 
7.77095E-06 -2.02752E-05 -5.35890E-06 8.68730E-06 -2.04583E-05 -1.61790E-07 8.66852E-06 -2.05280E-05 -1.45650E-06 
8.27509E-06 -2.12101E-05 -2.23660E-06 -8.37586E-06 -2.24220E-05 1.00000E-06 -8.54939E-06 -2.21779E-05 -2.37860E-07 
-8.51859E-06 -2.19167E-05 -1.45940E-06 -8.02956E-06 -2.18916E-05 3.61870E-06 -1.39016E-06 -1.03602E-05 -8.01610E-06 
-7.96231E-06 -1.74191E-05 5.92550E-06 -8.05377E-06 -2.22556E-05 -2.39470E-06 -7.13088E-06 -2.25516E-05 4.42630E-06 
6.80677E-06 -2.33727E-05 -2.45700E-08 -6.89855E-06 -2.23764E-05 -4.58220E-06 -5.84173E-06 -2.25476E-05 -5.74520E-06 
-4.51964E-06 -2.30918E-05 -6.33840E-06 -3.33000E-06 -2.14703E-05 8.00580E-06 -3.89519E-06 -2.22915E-05 7.32710E-06 
-3.95191E-06 -2.25527E-05 -7.24510E-06 -2.90737E-06 -2.25012E-05 -7.79220E-06 -1.91542E-06 -2.17831E-05 8.11600E-06 
7.31202E-06 -2.19242E-05 2.25870E-06 -3.19227E-07 -2.21236E-05 7.95350E-06 1.36507E-06 -2.20788E-05 7.66070E-06 
2.59343E-06 -2.19178E-05 7.32950E-06 2.55282E-06 -2.17922E-05 -8.60120E-06 3.45819E-06 -2.22999E-05 6.64380E-06 
3.72131E-06 -2.16483E-05 -8.24280E-06 4.32188E-06 -2.24108E-05 5.93100E-06 -7.32875E-07 -2.33398E-05 -7.64800E-06 
5.25740E-06 -2.18648E-05 5.52550E-06 5.71783E-06 -2.22990E-05 4.59850E-06 6.55936E-06 -2.20615E-05 3.65290E-06 
7.14637E-06 -2.13726E-05 -5.34820E-06 6.44483E-06 -2.14351E-05 -6.19310E-06 8.15133E-06 -2.11534E-05 1.15770E-06 
8.13695E-06 -2.15552E-05 5.10770E-08 8.26634E-06 -2.14066E-05 -9.71070E-07 2.50002E-06 -2.56644E-05 -3.17660E-06 
7.28379E-06 -2.20182E-05 -4.20070E-06 -7.56518E-06 -2.29030E-05 3.10020E-06 -7.77907E-06 -2.31276E-05 1.79050E-06 
-7.80656E-06 -2.32546E-05 4.15840E-07 -7.08162E-06 -2.36786E-05 2.47520E-06 -3.58558E-06 -2.32463E-05 6.69820E-06 
-6.97206E-06 -2.32685E-05 -3.03080E-06 -3.62247E-06 -2.53989E-05 3.62150E-06 1.08131E-06 -2.63593E-05 6.99280E-07 
-2.77837E-06 -8.06321E-06 2.60200E-06 -7.59889E-06 -1.74419E-05 -6.52900E-06 -4.88485E-06 -2.36309E-05 -5.33960E-06 
-3.74070E-06 -2.40992E-05 -5.66340E-06 -3.30762E-06 -2.33777E-05 -6.80830E-06 -2.74160E-06 -2.25834E-05 7.48550E-06 
-1.55652E-06 -2.28572E-05 7.44870E-06 5.22426E-06 -8.71517E-06 -4.92440E-07 7.09673E-08 -7.57951E-06 -2.61760E-06 
6.95485E-07 -2.30908E-05 7.10730E-06 1.55913E-06 -2.25493E-05 -8.26040E-06 -4.24421E-08 -2.21310E-05 -8.72370E-06 
5.35653E-06 -2.40187E-05 2.57150E-06 9.02478E-06 -1.45377E-05 -2.96050E-06 3.55000E-06 -2.32213E-05 5.77440E-06 
4.76427E-06 -2.30618E-05 4.88960E-06 4.39831E-06 -2.24102E-05 -7.18460E-06 5.65913E-06 -2.30535E-05 3.79570E-06 
1.24272E-06 -7.56286E-06 -8.58330E-07 6.37777E-06 -2.28904E-05 2.76340E-06 8.34124E-06 -2.00071E-05 -4.26210E-06 
7.52199E-06 -2.23351E-05 7.48990E-07 1.80513E-06 -1.18485E-05 7.40200E-06 6.27934E-06 -2.25216E-05 -5.21760E-06 
7.70444E-06 -2.23247E-05 -5.68160E-07 7.83959E-06 -2.20859E-05 -1.59560E-06 7.55578E-06 -2.22168E-05 -2.79490E-06 
-6.88051E-06 -2.41739E-05 -5.95690E-08 -2.69186E-06 -9.99604E-06 -7.19430E-06 -4.49271E-07 -2.65298E-05 -5.22010E-07 
-3.95034E-06 -1.10614E-05 -7.45680E-06 -6.21889E-06 -2.44840E-05 -1.51780E-06 -4.41538E-06 -2.36875E-05 5.79240E-06 
-4.35831E-06 -2.45741E-05 -4.40750E-06 5.05295E-06 -2.44315E-05 -3.38140E-06 -2.15966E-06 -2.36058E-05 6.76310E-06 
-2.35800E-06 -2.42301E-05 -6.22150E-06 -8.61722E-06 -1.20375E-05 -3.38570E-07 -6.16167E-07 -2.35959E-05 6.86180E-06 
-1.25649E-06 -2.46579E-05 5.67320E-06 -1.03055E-06 -2.42798E-05 -6.51990E-06 7.46419E-07 -2.42267E-05 6.01960E-06 
-5.23502E-06 -2.46407E-05 3.64760E-06 4.24127E-06 -1.30421E-05 -8.87100E-06 2.63714E-07 -2.41645E-05 -6.75480E-06 
1.88421E-06 -2.37407E-05 -7.01250E-06 -9.26908E-06 -1.96435E-05 -2.40060E-06 1.54609E-06 -8.21290E-06 -5.49590E-06 
-4.01725E-06 -2.04236E-05 -8.60430E-06 4.79520E-06 -2.37841E-05 3.87890E-06 -1.70426E-06 -7.51745E-06 1.30270E-06 
6.56353E-06 -2.32471E-05 1.52220E-06 6.06520E-06 -2.39309E-05 -2.27030E-06 6.46959E-06 -2.32474E-05 -3.48500E-06 
5.43478E-06 -2.36347E-05 -4.58460E-06 -4.28219E-06 -1.33153E-05 -8.55150E-06 7.04041E-06 -2.31264E-05 -1.68980E-06 
-6.12210E-06 -2.47828E-05 1.04290E-06 -5.04792E-07 -2.64557E-05 1.19120E-06 -5.92979E-06 -2.49001E-05 -1.77030E-07 
-3.81951E-06 -1.93581E-05 8.66900E-06 -5.32335E-06 -2.51541E-05 2.00730E-06 -5.17831E-06 -2.53992E-05 6.15200E-07 
-5.08939E-06 -2.53581E-05 -6.95750E-07 -4.99212E-06 -2.52066E-05 -1.84690E-06 -5.41549E-06 -1.20256E-05 -7.09950E-06 
-4.22613E-06 -2.45424E-05 4.77640E-06 -4.22016E-06 -2.53067E-05 -2.81040E-06 6.71413E-06 -1.06282E-05 -4.22570E-06 
-3.11854E-06 -2.42506E-05 5.80010E-06 -3.04447E-06 -2.54748E-05 -3.61710E-06 -2.81144E-06 -2.49273E-05 -4.94200E-06 
4.82657E-06 -9.42160E-06 2.86140E-06 -1.68641E-06 -2.56135E-05 -4.10910E-06 -4.85787E-06 -2.12515E-05 7.50300E-06 
-1.41429E-06 -2.50016E-05 -5.38560E-06 5.66198E-08 -2.51293E-05 4.92300E-06 -3.82817E-08 -2.49986E-05 -5.56190E-06 
1.37122E-06 -2.50664E-05 4.63670E-06 9.13607E-07 -2.56057E-05 -4.27000E-06 1.34188E-06 -2.48003E-05 -5.74320E-06 
1.69067E-06 -2.56226E-05 3.33970E-06 2.52289E-06 -2.50642E-05 -4.74060E-06 -2.09288E-06 -1.93548E-05 9.02260E-06 
2.92219E-06 -2.54585E-05 2.63430E-06 3.61592E-06 -2.50661E-05 -3.75200E-06 2.67709E-06 -2.44024E-05 -5.81180E-06 
4.05912E-06 -2.46143E-05 3.30630E-06 4.25266E-06 -2.50418E-05 1.86110E-06 4.77487E-06 -2.50186E-05 -7.67080E-07 
4.03388E-06 -2.43240E-05 -4.97670E-06 1.29691E-06 -1.87852E-05 -1.02060E-05 5.51189E-06 -2.44075E-05 6.95720E-07 
5.18214E-06 -2.46382E-05 -1.98850E-06 3.78044E-06 -2.40637E-05 4.58510E-06 5.97595E-06 -2.41632E-05 -9.62130E-07 
-4.31947E-06 -2.54513E-05 2.65660E-06 -4.23650E-06 -2.57786E-05 1.40350E-06 -7.97268E-06 -1.86006E-05 -5.76460E-06 
-3.81322E-06 -2.58508E-05 -1.30730E-06 -2.66910E-06 -2.52095E-05 4.54150E-06 2.98459E-06 -7.67759E-06 -8.25430E-07 
-3.16477E-06 -2.59813E-05 2.20750E-06 -3.04668E-06 -2.62023E-05 8.91840E-07 -3.02851E-06 -2.62157E-05 -2.94200E-07 
-3.07323E-06 -2.58520E-05 -2.36850E-06 -1.10076E-06 -2.55730E-05 4.20260E-06 -2.17901E-06 -2.58828E-05 3.20250E-06 
-1.91178E-06 -2.63057E-05 1.79240E-06 -2.16029E-06 -2.63184E-05 -1.28170E-06 -1.90856E-06 -2.60455E-05 -2.76990E-06 
-7.48156E-07 -2.61200E-05 2.83830E-06 -1.86160E-06 -2.64361E-05 2.84080E-07 -9.23046E-07 -2.63383E-05 -1.97300E-06 
-5.12158E-07 -2.55284E-05 -4.52410E-06 3.51569E-07 -2.57004E-05 3.80140E-06 6.43570E-06 -1.38068E-05 5.26150E-06 
-5.11362E-06 -2.26012E-05 6.44540E-06 5.03455E-06 -1.36867E-05 6.54620E-06 1.09166E-07 -2.63553E-05 -1.89790E-06 
2.45171E-06 -2.60003E-05 -1.71420E-06 5.58613E-06 -2.20405E-05 -6.58230E-06 1.10739E-06 -2.63694E-05 -1.05530E-06 
-1.31310E-06 -8.18556E-06 -5.26570E-06 1.89443E-06 -2.59817E-05 2.06720E-06 5.52954E-06 -9.92127E-06 -5.17320E-06 
2.23051E-06 -2.61331E-05 -2.91650E-07 2.94227E-06 -2.58301E-05 1.00880E-06 4.26111E-06 -2.52867E-05 4.40790E-07 
3.48743E-06 -2.56789E-05 -6.03240E-07 3.50780E-06 -2.36290E-05 -6.43520E-06 -1.09901E-06 -1.22849E-05 8.03910E-06 
7.17310E-06 -1.53471E-05 4.96540E-06 -2.81242E-06 -1.81714E-05 -9.81160E-06 -7.88787E-09 -1.18398E-05 -9.21600E-06 
4.67995E-06 8.79526E-06 -3.10350E-06 3.18475E-06 8.16454E-06 1.42530E-06 4.10447E-06 8.20282E-06 -4.03170E-07 
3.98624E-06 8.20166E-06 -1.76830E-06 3.09613E-06 8.16633E-06 -2.83250E-06 3.14099E-06 8.00220E-06 3.42790E-07 
2.19173E-06 8.22232E-06 -4.17360E-06 -9.35410E-06 1.83656E-05 -6.25760E-07 6.30942E-06 2.47101E-05 2.34910E-06 
1.33080E-06 8.20531E-06 2.84340E-06 -6.18059E-07 9.05165E-06 -6.54920E-06 6.91142E-07 8.04524E-06 -4.04470E-06 
-4.92276E-06 2.35133E-05 -5.82130E-06 3.58325E-08 8.02390E-06 2.20250E-06 -2.11397E-07 7.86212E-06 8.16930E-07 
-3.93402E-09 8.38972E-06 -5.43010E-06 -1.45267E-06 7.96962E-06 1.43540E-06 1.54023E-06 7.86711E-06 -1.88430E-06 
-1.08553E-06 2.64190E-05 -2.59880E-06 -7.85178E-07 8.01403E-06 -4.28090E-06 -2.59040E-06 7.98499E-06 4.21010E-07 
6.58204E-06 2.24192E-05 5.61050E-06 -1.77760E-06 7.86721E-06 -2.79700E-06 -2.31448E-06 8.20978E-06 -4.27620E-06 
-3.25754E-06 8.14051E-06 -3.00360E-06 5.12882E-06 8.93001E-06 1.29370E-06 5.21257E-06 8.82686E-06 1.08180E-07 
1.62046E-06 7.84183E-06 -2.83990E-07 4.51400E-06 9.58450E-06 -5.06700E-06 4.31414E-06 8.76341E-06 2.28380E-06 
3.48129E-06 8.63834E-06 -4.33050E-06 -6.33663E-06 1.01440E-05 6.96400E-07 1.63203E-06 9.71400E-06 -7.02200E-06 
1.95770E-06 8.91813E-06 4.38140E-06 8.48076E-07 8.96706E-06 -6.31740E-06 8.61604E-08 8.63840E-06 4.06280E-06 
-1.34631E-06 9.04140E-06 4.50250E-06 -1.65478E-06 8.47618E-06 3.21360E-06 -2.40263E-06 9.20953E-06 4.26900E-06 
6.63608E-06 1.14673E-05 4.29240E-06 -2.02181E-06 9.30460E-06 -6.60160E-06 -3.39552E-06 9.12610E-06 3.40270E-06 
-2.89052E-06 8.38712E-06 1.97240E-06 -3.97798E-06 8.52744E-06 8.27270E-07 -3.55380E-06 8.54098E-06 -4.17700E-06 
-3.08401E-06 8.91925E-06 -5.49150E-06 -4.08706E-06 8.94029E-06 2.14290E-06 6.36754E-06 1.20255E-05 -5.91670E-06 
-4.47645E-06 8.71564E-06 -3.28020E-06 -4.49710E-06 9.17234E-06 -4.65540E-06 -5.22032E-06 9.01112E-06 -2.22250E-06 
5.76651E-06 9.49712E-06 2.05320E-06 6.07001E-06 9.40508E-06 7.39630E-07 6.18295E-06 9.43450E-06 -6.00730E-07 
5.15630E-06 9.66445E-06 3.44230E-06 5.59518E-06 9.80156E-06 -3.99420E-06 3.01673E-08 1.94337E-05 -1.01610E-05 
3.20276E-06 9.84359E-06 5.25870E-06 -8.07499E-06 2.14191E-05 -3.45500E-06 1.92306E-06 9.81261E-06 5.67340E-06 
6.68413E-07 9.48267E-06 5.42260E-06 2.13373E-07 9.93832E-06 -7.56210E-06 4.60212E-07 1.10358E-05 -8.44690E-06 
-6.51459E-07 9.42213E-06 5.25350E-06 -1.16673E-06 9.83289E-06 -7.39480E-06 -3.17471E-06 1.24993E-05 -8.90550E-06 
-2.37371E-06 1.02670E-05 -7.58170E-06 -3.18937E-06 9.75286E-06 -6.65540E-06 9.22070E-06 2.09964E-05 -7.99650E-07 
-5.16280E-06 9.34393E-06 1.43170E-06 4.17613E-07 2.63525E-05 -3.19340E-06 -5.69822E-06 9.61601E-06 -3.57110E-06 
-6.52104E-06 1.00921E-05 -6.60130E-07 -6.19741E-06 9.73306E-06 -1.89730E-06 6.87030E-06 1.02473E-05 1.32740E-06 
6.90582E-06 1.00898E-05 1.80300E-07 7.15888E-06 1.03332E-05 -1.00130E-06 6.50371E-06 1.04958E-05 2.95640E-06 
6.68874E-06 1.07474E-05 -3.75720E-06 5.84987E-06 1.07433E-05 -5.12220E-06 5.63903E-06 1.05691E-05 4.32350E-06 
5.01388E-06 1.09922E-05 -6.33390E-06 9.59099E-06 1.53126E-05 1.41840E-06 3.99769E-06 1.06359E-05 5.78370E-06 
2.69602E-06 1.07558E-05 6.48350E-06 7.65602E-06 2.34643E-05 -1.26320E-06 1.69190E-06 1.13635E-05 7.19050E-06 
1.12958E-06 1.04114E-05 6.47080E-06 -5.02785E-07 1.03075E-05 6.30600E-06 -1.08172E-06 1.09350E-05 -8.40710E-06 
-2.71148E-06 1.13949E-05 -8.40320E-06 -3.36777E-06 1.00593E-05 4.79760E-06 -3.89637E-06 1.07435E-05 -7.31780E-06 
-4.40901E-06 1.01912E-05 4.08870E-06 -5.99499E-06 1.04151E-05 2.24070E-06 -5.27071E-06 1.09614E-05 -6.44750E-06 
-6.75004E-06 1.04692E-05 -2.86930E-06 -1.94096E-06 1.63304E-05 -1.03350E-05 -7.24259E-06 1.09865E-05 -2.66830E-08 
-6.78290E-06 1.79518E-05 -7.78770E-06 7.81340E-06 1.11092E-05 2.88910E-07 7.94890E-06 1.13378E-05 -1.12070E-06 
7.38316E-06 1.15899E-05 3.19960E-06 7.64495E-06 1.12825E-05 1.91180E-06 2.55877E-06 1.13880E-05 -8.20160E-06 
6.87583E-06 1.16736E-05 -4.85150E-06 6.19037E-06 1.63626E-05 7.56570E-06 5.36710E-06 1.14877E-05 5.63290E-06 
-2.50309E-06 2.44564E-05 5.37220E-06 3.96226E-06 1.15129E-05 6.59500E-06 8.18577E-06 1.24145E-05 2.68480E-06 
3.63881E-07 1.13118E-05 7.24300E-06 1.41191E-06 1.17509E-05 -8.79040E-06 -9.52150E-07 1.14462E-05 7.15630E-06 
-1.97615E-06 1.10373E-05 6.55700E-06 -3.23295E-06 1.09980E-05 5.90420E-06 -4.54097E-06 1.11249E-05 5.05600E-06 
-4.09085E-06 1.20432E-05 -8.22430E-06 8.46095E-06 2.22397E-05 2.31060E-06 -4.99531E-06 1.17168E-05 -7.36240E-06 
-6.48565E-06 1.13596E-05 2.83180E-06 -6.18197E-06 1.12595E-05 -5.65910E-06 -7.86761E-06 1.17785E-05 -8.38690E-07 
-7.26437E-06 1.08737E-05 -1.57800E-06 -7.39330E-06 1.12678E-05 -2.85150E-06 5.64020E-06 2.47447E-05 -3.00420E-06 
-4.89080E-06 1.58244E-05 7.26230E-06 8.54583E-06 1.23533E-05 1.20160E-06 8.43809E-06 1.23726E-05 -2.07220E-06 
7.59247E-06 1.24987E-05 4.02280E-06 7.79411E-06 1.21715E-05 -3.74100E-06 7.33604E-06 1.28475E-05 -5.30260E-06 
6.72972E-06 1.25796E-05 5.31530E-06 -1.97240E-06 9.93254E-06 5.49420E-06 5.90182E-06 1.28576E-05 6.31740E-06 
-5.05196E-06 2.13105E-05 -7.89780E-06 4.64108E-06 1.27393E-05 7.11130E-06 4.52030E-06 1.26936E-05 -7.97730E-06 
6.22328E-06 1.54145E-05 -7.74690E-06 3.42170E-06 1.24508E-05 -8.45440E-06 2.33516E-06 1.24532E-05 -8.90420E-06 
2.56489E-06 9.10674E-06 -5.87820E-06 -4.31736E-07 1.22494E-05 7.79530E-06 7.67216E-06 2.02569E-05 -5.64830E-06 
-3.00108E-06 1.20859E-05 6.86830E-06 -7.41665E-06 1.43864E-05 4.08380E-06 -4.33068E-06 1.22491E-05 6.14190E-06 
-5.67168E-06 1.24293E-05 5.05760E-06 -5.26490E-06 1.26946E-05 -7.85530E-06 -6.36860E-06 1.19991E-05 3.77850E-06 
-6.22986E-06 1.23013E-05 -6.68110E-06 -6.54036E-06 1.63991E-05 -8.07970E-06 -7.11567E-06 1.23091E-05 2.90910E-06 
-7.12636E-06 1.14548E-05 1.64990E-06 -7.98153E-06 1.22527E-05 3.87170E-07 -7.14662E-06 1.21810E-05 -5.21310E-06 
-8.48540E-06 1.29135E-05 -8.07120E-07 -8.13130E-06 1.22722E-05 -2.15230E-06 -7.71208E-06 1.21271E-05 -3.77090E-06 
8.96281E-06 1.36993E-05 2.07100E-06 9.22031E-06 1.36979E-05 3.99020E-07 9.15081E-06 1.37112E-05 -1.32560E-06 
8.41267E-06 1.36335E-05 3.64430E-06 8.75864E-06 1.36259E-05 -3.02450E-06 8.19731E-06 1.37805E-05 -4.50520E-06 
6.82939E-06 1.37916E-05 6.08490E-06 7.70195E-06 1.36874E-05 4.94430E-06 7.65690E-06 1.40492E-05 -5.61520E-06 
6.62006E-06 1.35995E-05 -6.72160E-06 5.42518E-06 1.36585E-05 -7.82270E-06 4.76004E-06 1.41293E-05 7.80590E-06 
5.72620E-06 1.38808E-05 7.09100E-06 3.59696E-06 1.37759E-05 8.14910E-06 2.89938E-06 1.35913E-05 -9.22270E-06 
2.28092E-06 1.34705E-05 8.35000E-06 9.19490E-07 2.09177E-05 8.70320E-06 1.34961E-06 1.32713E-05 -9.55860E-06 
-1.44041E-07 1.33477E-05 8.37180E-06 -4.27002E-07 1.35084E-05 -9.84640E-06 -1.69080E-06 1.39148E-05 -9.90090E-06 
-1.37844E-06 1.32480E-05 8.12240E-06 -2.71297E-06 1.33057E-05 7.67620E-06 -2.86849E-06 1.36072E-05 -9.52770E-06 
-3.79988E-06 1.32671E-05 7.09650E-06 -5.38038E-06 1.38040E-05 -8.35050E-06 -6.83169E-06 1.30969E-05 4.09760E-06 
-6.34609E-06 1.36984E-05 -7.46760E-06 -7.54793E-06 1.34036E-05 3.12450E-06 -7.97210E-06 1.30228E-05 1.82380E-06 
-7.39214E-06 1.37475E-05 -6.22450E-06 -8.57305E-06 1.35238E-05 4.60990E-07 -8.81556E-06 1.37806E-05 -1.94350E-06 
-8.50894E-06 1.34128E-05 -3.27530E-06 -8.03604E-06 1.33694E-05 -4.67600E-06 4.56571E-06 1.01381E-05 4.78540E-06 
9.11638E-06 1.49751E-05 3.10830E-06 9.66247E-06 1.52053E-05 -5.28950E-07 9.41670E-06 1.51946E-05 -2.26780E-06 
8.47502E-06 1.49569E-05 4.53210E-06 8.89276E-06 1.51036E-05 -3.86150E-06 8.23317E-06 1.50860E-05 -5.20600E-06 
7.62418E-06 1.50004E-05 5.81770E-06 7.41586E-06 1.51351E-05 -6.39400E-06 5.44965E-06 1.51468E-05 7.79890E-06 
6.57648E-06 1.50482E-05 6.91360E-06 5.00370E-06 1.47736E-05 -8.50310E-06 4.17037E-06 1.53388E-05 8.48820E-06 
3.79070E-06 1.49302E-05 -9.24620E-06 2.58701E-06 1.48888E-05 8.81120E-06 2.05315E-06 1.50503E-05 -9.94540E-06 
9.87157E-07 1.43323E-05 8.79690E-06 5.79079E-07 1.45154E-05 -1.01040E-05 -7.57683E-07 1.44732E-05 8.71380E-06 
-2.12463E-06 1.45384E-05 8.37720E-06 -3.66512E-06 1.47317E-05 7.74690E-06 -3.82748E-06 1.43984E-05 -9.46780E-06 
-2.18955E-06 2.34577E-05 6.60170E-06 -4.90458E-06 1.46717E-05 -8.99490E-06 4.23557E-06 8.44580E-06 8.99950E-07 
-6.00082E-06 1.50004E-05 -8.29810E-06 -8.11658E-06 1.44495E-05 2.81070E-06 -7.07203E-06 1.51539E-05 -7.30580E-06 
-8.60334E-06 1.45145E-05 1.60920E-06 -8.96013E-06 1.47429E-05 4.59790E-07 -8.98369E-06 1.42741E-05 -6.45690E-07 
-8.65164E-06 1.45823E-05 -4.19260E-06 -8.20994E-06 1.45499E-05 -5.26550E-06 -9.03262E-07 1.51245E-05 -1.02940E-05 
9.93346E-06 1.68264E-05 2.24440E-07 9.80267E-06 1.67608E-05 -1.41280E-06 9.03245E-06 1.62093E-05 4.00850E-06 
9.50260E-06 1.62620E-05 2.73060E-06 9.33190E-06 1.69410E-05 -3.34600E-06 8.31217E-06 1.63107E-05 5.32090E-06 
8.69623E-06 1.62698E-05 -4.69990E-06 2.96715E-06 1.22696E-05 7.52700E-06 8.08555E-06 1.64162E-05 -5.79450E-06 
7.25180E-06 1.63631E-05 -6.88640E-06 5.12093E-06 1.63193E-05 8.25340E-06 4.90172E-06 1.61095E-05 -8.86240E-06 
3.33602E-06 1.65978E-05 -9.69470E-06 2.80520E-06 1.64833E-05 9.07340E-06 1.79301E-06 1.69552E-05 -1.02260E-05 
1.48692E-06 1.60699E-05 9.19270E-06 -1.03750E-08 1.58081E-05 9.11810E-06 6.17435E-07 1.59022E-05 -1.03660E-05 
-1.43575E-06 1.58804E-05 8.88940E-06 -1.64403E-06 1.24895E-05 -9.30120E-06 -2.64908E-06 1.58430E-05 8.48000E-06 
-4.15535E-06 1.56955E-05 -9.61030E-06 -5.34324E-06 1.60728E-05 -8.98850E-06 9.10280E-06 1.87822E-05 -3.66880E-06 
-7.98621E-06 1.57792E-05 3.74090E-06 -9.05796E-06 1.58396E-05 1.08920E-06 -9.27121E-06 1.56937E-05 -2.86700E-07 
7.02798E-06 2.42939E-05 1.39850E-06 -9.24652E-06 1.52904E-05 -1.64530E-06 -9.00439E-06 1.58068E-05 -3.83610E-06 
-8.64334E-06 1.57745E-05 -4.93490E-06 -2.64728E-06 1.51208E-05 -1.00310E-05 9.43033E-06 1.74346E-05 3.32040E-06 
9.77857E-06 1.71072E-05 1.85910E-06 8.85786E-06 1.75354E-05 4.60550E-06 -5.53551E-06 1.09796E-05 3.80390E-06 
9.89863E-06 1.81965E-05 -5.29450E-07 7.36107E-06 1.64289E-05 6.53860E-06 6.70750E-06 1.69523E-05 -7.51280E-06 
5.39065E-06 1.75756E-05 8.20040E-06 5.74583E-06 1.72041E-05 -8.35370E-06 4.19941E-06 1.69744E-05 8.72210E-06 
3.14854E-06 1.77114E-05 9.05970E-06 -3.90127E-06 2.56433E-05 -2.19410E-06 6.05406E-07 1.72521E-05 -1.04460E-05 
5.90570E-07 1.70508E-05 9.30440E-06 -7.07876E-07 1.72292E-05 9.16300E-06 -5.93678E-07 1.66860E-05 -1.04950E-05 
-3.64585E-06 1.65956E-05 8.13290E-06 -3.25136E-06 1.70039E-05 -1.00460E-05 -2.91646E-06 2.30671E-05 -7.68290E-06 
-4.56148E-06 1.69298E-05 -9.47840E-06 3.93815E-07 7.86889E-06 -8.57030E-07 6.24962E-06 9.74887E-06 -2.37660E-06 
-7.55896E-06 1.66994E-05 -7.00360E-06 -7.95854E-06 1.54283E-05 -6.15900E-06 -9.33215E-06 1.70835E-05 2.79460E-07 
-9.45626E-06 1.68984E-05 -1.27340E-06 -9.31054E-06 1.64333E-05 -2.71150E-06 -9.00159E-06 1.71709E-05 -4.14800E-06 
-8.38902E-06 1.69303E-05 -5.67280E-06 9.62938E-06 1.86028E-05 2.47620E-06 9.88813E-06 1.83538E-05 9.87940E-07 
-2.66331E-06 1.92676E-05 8.43130E-06 9.16389E-06 1.87778E-05 3.82730E-06 4.10925E-06 2.61752E-05 1.08600E-07 
8.55254E-06 1.78287E-05 -5.05310E-06 7.51456E-06 1.10793E-05 -2.35940E-06 8.43464E-06 1.89327E-05 5.15380E-06 
6.79406E-06 1.77401E-05 7.17920E-06 -2.80113E-06 2.52114E-05 4.05810E-06 6.53696E-06 1.82113E-05 -7.60410E-06 
4.92394E-06 1.89232E-05 8.35210E-06 5.37081E-06 1.86509E-05 -8.46120E-06 4.11207E-06 1.82921E-05 8.75570E-06 
4.12038E-06 1.92834E-05 -9.06490E-06 1.74020E-06 1.79117E-05 9.28300E-06 1.17458E-06 1.84439E-05 -1.02540E-05 
2.42896E-07 1.81334E-05 9.26100E-06 -2.03060E-07 1.81645E-05 -1.04370E-05 -1.03095E-06 1.88033E-05 9.00430E-06 
-2.30478E-06 1.74623E-05 8.76440E-06 -1.69866E-06 1.77072E-05 -1.03710E-05 -3.52384E-06 1.80272E-05 8.21140E-06 
-4.63074E-06 1.75465E-05 7.58270E-06 -5.76215E-06 1.71202E-05 6.72480E-06 -5.66941E-06 1.74530E-05 -8.79620E-06 
-6.80688E-06 1.70540E-05 5.67090E-06 -7.70750E-06 1.71537E-05 4.46530E-06 -8.44411E-06 1.71726E-05 3.15030E-06 
-7.86110E-06 1.83256E-05 -6.39660E-06 -4.37325E-06 1.84825E-05 -9.41760E-06 -8.96167E-06 1.71508E-05 1.80310E-06 
-9.29079E-06 1.82117E-05 -2.44730E-06 -8.54304E-06 1.82002E-05 -5.15880E-06 9.63545E-06 1.96871E-05 1.51040E-06 
9.72168E-06 1.95960E-05 1.04300E-07 9.64936E-06 1.94604E-05 -1.14030E-06 8.66558E-06 2.00875E-05 4.28070E-06 
9.27485E-06 1.98956E-05 2.92560E-06 3.74314E-06 1.01889E-05 -6.46590E-06 8.39770E-06 1.93517E-05 -4.90890E-06 
6.06746E-06 1.90572E-05 7.65220E-06 7.31991E-06 1.92780E-05 6.48980E-06 -8.59043E-06 1.58124E-05 2.46290E-06 
7.13873E-06 1.92227E-05 -6.75350E-06 6.03489E-06 1.96344E-05 -7.70120E-06 4.96575E-06 1.99093E-05 -8.37660E-06 
2.99092E-06 1.87696E-05 9.02760E-06 6.02830E-07 1.92296E-05 9.16400E-06 -2.76356E-06 1.87658E-05 -9.99420E-06 
-4.32750E-06 1.91495E-05 7.62680E-06 -4.29097E-06 9.85988E-06 -6.01040E-06 -5.36802E-06 1.83697E-05 6.99050E-06 
-6.26954E-06 1.84292E-05 6.18100E-06 -8.24019E-06 1.93961E-05 -5.28320E-06 -7.20607E-06 1.85426E-05 5.07580E-06 
-7.99766E-06 1.85830E-05 3.82310E-06 -8.65870E-06 1.85639E-05 2.45020E-06 -9.11693E-06 1.84909E-05 9.18450E-07 
-5.79517E-06 1.89511E-05 -8.44380E-06 -8.83719E-06 1.90190E-05 -3.96740E-06 9.41130E-06 2.06559E-05 7.27600E-07 
5.15477E-06 8.75419E-06 -1.35930E-06 8.68200E-06 2.11417E-05 3.38710E-06 -6.06188E-06 1.55227E-05 6.19910E-06 
5.81940E-06 2.39055E-05 -4.38910E-06 7.94079E-06 2.01692E-05 5.40480E-06 8.51767E-06 2.05006E-05 -3.98180E-06 
7.12405E-06 2.09612E-05 6.02310E-06 6.55455E-06 2.06331E-05 -6.77940E-06 6.22331E-06 2.04825E-05 7.11300E-06 
5.03205E-06 2.00737E-05 8.03190E-06 5.23826E-06 2.10455E-05 -7.70730E-06 -6.84725E-07 2.64490E-05 2.44410E-06 
-4.14624E-06 8.36014E-06 -1.87080E-06 3.73906E-06 9.15667E-06 3.87240E-06 2.87996E-06 2.02537E-05 -9.31140E-06 
1.46821E-06 1.98121E-05 -9.86170E-06 -3.29397E-07 2.01186E-05 8.86780E-06 -9.62607E-07 2.02225E-05 -9.88250E-06 
-1.44856E-06 2.01816E-05 8.59360E-06 -2.16262E-06 2.01536E-05 -9.74520E-06 6.54465E-06 2.40229E-05 3.57700E-06 
-3.49017E-06 2.03554E-05 7.76450E-06 -3.54890E-06 1.99281E-05 -9.39490E-06 -4.55664E-06 2.06023E-05 7.02540E-06 
-4.78184E-06 2.00081E-05 -8.75370E-06 -5.52211E-06 1.95990E-05 6.63360E-06 -6.47743E-06 1.98378E-05 5.58330E-06 
5.67243E-06 2.38533E-05 4.95750E-06 -5.78467E-06 2.01892E-05 -7.98130E-06 -7.36392E-06 1.99280E-05 4.37640E-06 
-8.12399E-06 1.98794E-05 3.02040E-06 -8.01933E-06 2.09427E-05 2.28790E-06 4.40941E-06 1.77344E-05 -9.17930E-06 
-7.60643E-06 1.97694E-05 -6.17740E-06 -8.67659E-06 1.99302E-05 1.42040E-06 -9.07639E-06 1.94989E-05 -1.30270E-08 
-9.07616E-06 1.96931E-05 -1.25240E-06 -8.79299E-06 2.01602E-05 -2.73450E-06 -6.82262E-06 1.95736E-05 -7.29150E-06 
8.96993E-06 2.16961E-05 8.13150E-07 9.64896E-06 1.83517E-05 -2.10310E-06 9.16309E-06 2.09354E-05 1.99420E-06 
8.71246E-06 2.13899E-05 -2.44590E-06 7.85402E-06 2.13990E-05 4.77050E-06 7.92359E-06 2.20458E-05 -3.58720E-06 
7.69070E-06 2.13592E-05 -4.76940E-06 6.83668E-06 2.16116E-05 -5.77950E-06 6.12850E-06 2.17419E-05 6.53530E-06 
5.98208E-06 2.17428E-05 -6.60990E-06 4.95282E-06 2.23483E-05 -7.00620E-06 3.96633E-06 2.08179E-05 8.23980E-06 
3.97570E-06 2.19650E-05 -7.92980E-06 2.67706E-06 2.08029E-05 8.59390E-06 2.84987E-06 2.16425E-05 -8.65930E-06 
1.64226E-06 2.26790E-05 -8.31110E-06 -6.29138E-07 2.34892E-05 -7.79860E-06 1.49174E-06 2.13559E-05 -9.22310E-06 
2.08748E-06 2.37121E-05 -7.28450E-06 7.99391E-08 2.08523E-05 -9.65920E-06 -7.28853E-07 2.12703E-05 8.38580E-06 
-1.52015E-06 2.14378E-05 -9.24940E-06 -2.31429E-06 2.10469E-05 8.05210E-06 -2.95320E-06 2.11737E-05 -9.05230E-06 
-3.51516E-06 2.14692E-05 7.28200E-06 -4.02064E-06 2.09182E-05 -8.73560E-06 -4.48947E-06 2.17734E-05 6.46680E-06 
-5.55519E-06 2.09387E-05 6.04390E-06 -6.42596E-06 2.13296E-05 4.79750E-06 -7.08294E-06 2.07503E-05 -6.31660E-06 
-6.17350E-06 2.10342E-05 -7.13690E-06 -7.40500E-06 2.11533E-05 3.44340E-06 -7.77243E-06 2.13166E-05 -4.51460E-06 
-7.77095E-06 2.05752E-05 -5.35890E-06 -8.68730E-06 2.07583E-05 -1.61790E-07 -8.66852E-06 2.08280E-05 -1.45650E-06 
-8.27509E-06 2.15101E-05 -2.23660E-06 8.37586E-06 2.27220E-05 1.00000E-06 8.54939E-06 2.24779E-05 -2.37860E-07 
8.51859E-06 2.22167E-05 -1.45940E-06 8.02956E-06 2.21916E-05 3.61870E-06 1.39016E-06 1.06602E-05 -8.01610E-06 
7.96231E-06 1.77191E-05 5.92550E-06 8.05377E-06 2.25556E-05 -2.39470E-06 7.13088E-06 2.28516E-05 4.42630E-06 
-6.80677E-06 2.36727E-05 -2.45700E-08 6.89855E-06 2.26764E-05 -4.58220E-06 5.84173E-06 2.28476E-05 -5.74520E-06 
4.51964E-06 2.33918E-05 -6.33840E-06 3.33000E-06 2.17703E-05 8.00580E-06 3.89519E-06 2.25915E-05 7.32710E-06 
3.95191E-06 2.28527E-05 -7.24510E-06 2.90737E-06 2.28012E-05 -7.79220E-06 1.91542E-06 2.20831E-05 8.11600E-06 
-7.31202E-06 2.22242E-05 2.25870E-06 3.19227E-07 2.24236E-05 7.95350E-06 -1.36507E-06 2.23788E-05 7.66070E-06 
-2.59343E-06 2.22178E-05 7.32950E-06 -2.55282E-06 2.20922E-05 -8.60120E-06 -3.45819E-06 2.25999E-05 6.64380E-06 
-3.72131E-06 2.19483E-05 -8.24280E-06 -4.32188E-06 2.27108E-05 5.93100E-06 7.32875E-07 2.36398E-05 -7.64800E-06 
-5.25740E-06 2.21648E-05 5.52550E-06 -5.71783E-06 2.25990E-05 4.59850E-06 -6.55936E-06 2.23615E-05 3.65290E-06 
-7.14637E-06 2.16726E-05 -5.34820E-06 -6.44483E-06 2.17351E-05 -6.19310E-06 -8.15133E-06 2.14534E-05 1.15770E-06 
-8.13695E-06 2.18552E-05 5.10770E-08 -8.26634E-06 2.17066E-05 -9.71070E-07 -2.50002E-06 2.59644E-05 -3.17660E-06 
-7.28379E-06 2.23182E-05 -4.20070E-06 7.56518E-06 2.32030E-05 3.10020E-06 7.77907E-06 2.34276E-05 1.79050E-06 
7.80656E-06 2.35546E-05 4.15840E-07 7.08162E-06 2.39786E-05 2.47520E-06 3.58558E-06 2.35463E-05 6.69820E-06 
6.97206E-06 2.35685E-05 -3.03080E-06 3.62247E-06 2.56989E-05 3.62150E-06 -1.08131E-06 2.66593E-05 6.99280E-07 
2.77837E-06 8.36321E-06 2.60200E-06 7.59889E-06 1.77419E-05 -6.52900E-06 4.88485E-06 2.39309E-05 -5.33960E-06 
3.74070E-06 2.43992E-05 -5.66340E-06 3.30762E-06 2.36777E-05 -6.80830E-06 2.74160E-06 2.28834E-05 7.48550E-06 
1.55652E-06 2.31573E-05 7.44870E-06 -5.22426E-06 9.01517E-06 -4.92440E-07 -7.09673E-08 7.87951E-06 -2.61760E-06 
-6.95485E-07 2.33908E-05 7.10730E-06 -1.55913E-06 2.28493E-05 -8.26040E-06 4.24421E-08 2.24310E-05 -8.72370E-06 
-5.35653E-06 2.43187E-05 2.57150E-06 -9.02478E-06 1.48377E-05 -2.96050E-06 -3.55000E-06 2.35213E-05 5.77440E-06 
-4.76427E-06 2.33618E-05 4.88960E-06 -4.39831E-06 2.27102E-05 -7.18460E-06 -5.65913E-06 2.33535E-05 3.79570E-06 
-1.24272E-06 7.86286E-06 -8.58330E-07 -6.37777E-06 2.31904E-05 2.76340E-06 -8.34124E-06 2.03071E-05 -4.26210E-06 
-7.52199E-06 2.26351E-05 7.48990E-07 -1.80513E-06 1.21485E-05 7.40200E-06 -6.27934E-06 2.28216E-05 -5.21760E-06 
-7.70444E-06 2.26247E-05 -5.68160E-07 -7.83959E-06 2.23859E-05 -1.59560E-06 -7.55578E-06 2.25168E-05 -2.79490E-06 
6.88051E-06 2.44739E-05 -5.95690E-08 2.69186E-06 1.02960E-05 -7.19430E-06 4.49271E-07 2.68298E-05 -5.22010E-07 
3.95034E-06 1.13614E-05 -7.45680E-06 6.21889E-06 2.47840E-05 -1.51780E-06 4.41538E-06 2.39875E-05 5.79240E-06 
4.35831E-06 2.48741E-05 -4.40750E-06 -5.05295E-06 2.47315E-05 -3.38140E-06 2.15966E-06 2.39058E-05 6.76310E-06 
2.35800E-06 2.45301E-05 -6.22150E-06 8.61722E-06 1.23375E-05 -3.38570E-07 6.16167E-07 2.38959E-05 6.86180E-06 
1.25649E-06 2.49579E-05 5.67320E-06 1.03055E-06 2.45798E-05 -6.51990E-06 -7.46419E-07 2.45267E-05 6.01960E-06 
5.23502E-06 2.49407E-05 3.64760E-06 -4.24127E-06 1.33421E-05 -8.87100E-06 -2.63714E-07 2.44645E-05 -6.75480E-06 
-1.88421E-06 2.40407E-05 -7.01250E-06 9.26908E-06 1.99435E-05 -2.40060E-06 -1.54609E-06 8.51290E-06 -5.49590E-06 
4.01725E-06 2.07236E-05 -8.60430E-06 -4.79520E-06 2.40841E-05 3.87890E-06 1.70426E-06 7.81745E-06 1.30270E-06 
-6.56353E-06 2.35471E-05 1.52220E-06 -6.06520E-06 2.42309E-05 -2.27030E-06 -6.46959E-06 2.35474E-05 -3.48500E-06 
-5.43478E-06 2.39347E-05 -4.58460E-06 4.28219E-06 1.36153E-05 -8.55150E-06 -7.04041E-06 2.34264E-05 -1.68980E-06 
6.12210E-06 2.50828E-05 1.04290E-06 5.04792E-07 2.67557E-05 1.19120E-06 5.92979E-06 2.52001E-05 -1.77030E-07 
3.81951E-06 1.96581E-05 8.66900E-06 5.32335E-06 2.54541E-05 2.00730E-06 5.17831E-06 2.56992E-05 6.15200E-07 
5.08939E-06 2.56581E-05 -6.95750E-07 4.99212E-06 2.55066E-05 -1.84690E-06 5.41549E-06 1.23256E-05 -7.09950E-06 
4.22613E-06 2.48424E-05 4.77640E-06 4.22016E-06 2.56067E-05 -2.81040E-06 -6.71413E-06 1.09282E-05 -4.22570E-06 
3.11854E-06 2.45506E-05 5.80010E-06 3.04447E-06 2.57748E-05 -3.61710E-06 2.81144E-06 2.52273E-05 -4.94200E-06 
-4.82657E-06 9.72160E-06 2.86140E-06 1.68641E-06 2.59135E-05 -4.10910E-06 4.85787E-06 2.15515E-05 7.50300E-06 
1.41429E-06 2.53016E-05 -5.38560E-06 -5.66198E-08 2.54293E-05 4.92300E-06 3.82817E-08 2.52986E-05 -5.56190E-06 
-1.37122E-06 2.53664E-05 4.63670E-06 -9.13607E-07 2.59057E-05 -4.27000E-06 -1.34188E-06 2.51003E-05 -5.74320E-06 
-1.69067E-06 2.59226E-05 3.33970E-06 -2.52289E-06 2.53642E-05 -4.74060E-06 2.09288E-06 1.96548E-05 9.02260E-06 
-2.92219E-06 2.57585E-05 2.63430E-06 -3.61592E-06 2.53661E-05 -3.75200E-06 -2.67709E-06 2.47024E-05 -5.81180E-06 
-4.05912E-06 2.49143E-05 3.30630E-06 -4.25266E-06 2.53418E-05 1.86110E-06 -4.77487E-06 2.53186E-05 -7.67080E-07 
-4.03388E-06 2.46240E-05 -4.97670E-06 -1.29691E-06 1.90852E-05 -1.02060E-05 -5.51189E-06 2.47075E-05 6.95720E-07 
-5.18214E-06 2.49382E-05 -1.98850E-06 -3.78044E-06 2.43637E-05 4.58510E-06 -5.97595E-06 2.44632E-05 -9.62130E-07 
4.31947E-06 2.57513E-05 2.65660E-06 4.23650E-06 2.60786E-05 1.40350E-06 7.97268E-06 1.89006E-05 -5.76460E-06 
3.81322E-06 2.61508E-05 -1.30730E-06 2.66910E-06 2.55095E-05 4.54150E-06 -2.98459E-06 7.97759E-06 -8.25430E-07 
3.16477E-06 2.62813E-05 2.20750E-06 3.04668E-06 2.65023E-05 8.91840E-07 3.02851E-06 2.65157E-05 -2.94200E-07 
3.07323E-06 2.61520E-05 -2.36850E-06 1.10076E-06 2.58730E-05 4.20260E-06 2.17901E-06 2.61828E-05 3.20250E-06 
1.91178E-06 2.66058E-05 1.79240E-06 2.16029E-06 2.66184E-05 -1.28170E-06 1.90856E-06 2.63455E-05 -2.76990E-06 
7.48156E-07 2.64200E-05 2.83830E-06 1.86160E-06 2.67361E-05 2.84080E-07 9.23046E-07 2.66383E-05 -1.97300E-06 
5.12158E-07 2.58284E-05 -4.52410E-06 -3.51569E-07 2.60004E-05 3.80140E-06 -6.43570E-06 1.41068E-05 5.26150E-06 
5.11362E-06 2.29012E-05 6.44540E-06 -5.03455E-06 1.39867E-05 6.54620E-06 -1.09166E-07 2.66553E-05 -1.89790E-06 
-2.45171E-06 2.63003E-05 -1.71420E-06 -5.58613E-06 2.23405E-05 -6.58230E-06 -1.10739E-06 2.66694E-05 -1.05530E-06 
1.31310E-06 8.48556E-06 -5.26570E-06 -1.89443E-06 2.62817E-05 2.06720E-06 -5.52954E-06 1.02213E-05 -5.17320E-06 
-2.23051E-06 2.64331E-05 -2.91650E-07 -2.94227E-06 2.61301E-05 1.00880E-06 -4.26111E-06 2.55867E-05 4.40790E-07 
-3.48743E-06 2.59789E-05 -6.03240E-07 -3.50780E-06 2.39290E-05 -6.43520E-06 1.09901E-06 1.25849E-05 8.03910E-06 
-7.17310E-06 1.56471E-05 4.96540E-06 2.81242E-06 1.84714E-05 -9.81160E-06 7.88787E-09 1.21398E-05 -9.21600E-06 
1.79255E-05 4.74723E-06 -2.00230E-06 1.86100E-05 2.74160E-06 2.84000E-07 1.84153E-05 3.47365E-06 -2.55710E-06 
1.86641E-05 1.47855E-06 1.22160E-06 1.88124E-05 2.01752E-06 -2.54650E-06 1.84802E-05 2.33102E-06 -3.90280E-06 
1.81446E-05 1.36723E-06 2.65020E-06 1.89602E-05 1.36525E-06 -2.77520E-07 1.90397E-05 1.06498E-06 -1.74330E-06 
1.61617E-05 -2.62451E-06 -7.96780E-06 1.85432E-05 3.25488E-07 1.82470E-06 1.89108E-05 -5.68871E-08 4.91100E-07 
1.90893E-05 1.61295E-07 -9.44200E-07 1.90826E-05 -4.19334E-07 -2.14190E-06 1.90241E-05 -1.06727E-06 -8.23370E-07 
1.88813E-05 -7.02330E-07 -3.34760E-06 7.26454E-07 4.36376E-06 -1.15290E-06 1.11830E-05 8.08415E-06 4.60710E-06 
1.87773E-05 -1.70607E-06 4.26260E-07 1.88130E-05 -2.35702E-06 -9.04120E-07 1.89582E-05 -1.64222E-06 -1.80560E-06 
1.88896E-05 -1.59879E-06 -2.84710E-06 1.85949E-05 -1.64150E-06 -4.07970E-06 1.87223E-05 -2.62425E-06 -2.14640E-06 
1.85138E-05 -2.72879E-06 -3.37720E-06 1.81242E-05 -2.88989E-06 -4.59840E-06 1.82678E-05 -3.76451E-06 -2.62350E-06 
1.73784E-05 5.34230E-06 7.97220E-07 1.72150E-05 5.92465E-06 -1.59380E-06 1.72844E-05 5.60118E-06 -2.79460E-06 
1.69178E-05 5.72396E-06 -3.89890E-06 1.73852E-05 3.60118E-06 3.07520E-06 1.80357E-05 4.11479E-06 6.81770E-07 
1.77321E-05 5.07318E-06 -4.63940E-07 1.77261E-05 4.66983E-06 -3.38040E-06 1.73475E-05 4.47920E-06 -4.74960E-06 
1.80146E-05 3.63056E-06 -4.03870E-06 1.76721E-05 2.86324E-06 -5.54920E-06 1.74562E-05 2.39942E-06 3.65300E-06 
1.83392E-05 1.12588E-06 -4.96060E-06 1.77042E-05 1.28674E-06 -6.21250E-06 1.80716E-05 -1.24244E-07 2.94990E-06 
1.17287E-05 2.12087E-08 8.32350E-06 1.72208E-05 2.28087E-07 -7.16820E-06 1.76351E-05 -9.48370E-07 -6.46640E-06 
1.77589E-05 -1.74183E-06 3.14630E-06 1.81005E-05 -1.58071E-06 -5.46840E-06 1.75319E-05 -1.97490E-06 -6.40410E-06 
1.74712E-05 -3.33094E-06 2.69630E-06 1.82180E-05 -2.48236E-06 1.65520E-06 1.84200E-05 -3.13791E-06 1.86930E-07 
1.78044E-05 -3.93308E-06 1.25790E-06 1.78986E-05 -4.45161E-06 -2.23640E-07 1.83966E-05 -3.61302E-06 -1.26670E-06 
1.80575E-05 -3.72923E-06 -3.80200E-06 1.35814E-05 2.09541E-06 -9.83450E-06 1.76962E-05 -4.98860E-06 -1.75740E-06 
1.74696E-05 -4.28828E-06 -4.82540E-06 1.66994E-05 5.98990E-06 1.65540E-06 1.62772E-05 7.07843E-06 -1.47310E-06 
1.65590E-05 6.57345E-06 -2.76750E-06 1.59514E-05 6.72214E-06 -4.08250E-06 1.64467E-05 5.49018E-06 2.94750E-06 
9.43532E-06 -3.02480E-06 7.95650E-06 1.29312E-07 1.57542E-06 7.64840E-07 1.68501E-05 4.42491E-06 3.35100E-06 
1.66889E-05 4.45730E-06 -6.00840E-06 1.67401E-05 3.47889E-06 4.21960E-06 1.66513E-05 3.41495E-06 -6.84100E-06 
1.68589E-05 2.02395E-06 -7.24550E-06 1.66795E-05 8.56673E-08 5.08220E-06 1.61737E-05 7.87922E-07 -8.31310E-06 
8.00345E-06 -7.97930E-06 3.60940E-06 1.69048E-05 -1.40894E-06 -7.47650E-06 1.64062E-05 -4.25643E-07 -8.14410E-06 
1.68851E-05 -2.85211E-06 3.98890E-06 1.69387E-05 -2.86784E-06 -6.92780E-06 1.65654E-05 -4.18287E-06 3.45890E-06 
1.62612E-05 -3.61084E-06 -7.36940E-06 1.70035E-05 -4.69390E-06 2.12830E-06 1.72116E-05 -5.20995E-06 7.36500E-07 
1.72244E-05 -5.54711E-06 -4.92120E-07 1.66140E-05 -5.31877E-06 -5.30580E-06 1.65637E-05 -6.48424E-06 -1.40900E-06 
1.69744E-05 -5.89464E-06 -2.82550E-06 1.68986E-05 -5.58790E-06 -4.14060E-06 1.49888E-05 7.98382E-06 8.19910E-07 
1.57112E-05 7.55586E-06 -1.48810E-07 1.55544E-05 7.54819E-06 -2.77560E-06 1.56544E-05 5.97382E-06 3.63190E-06 
1.57099E-05 6.64617E-06 2.57350E-06 1.59698E-05 4.85004E-06 4.33760E-06 1.53464E-05 6.62567E-06 -5.27500E-06 
1.58755E-05 3.65292E-06 5.20150E-06 1.58412E-05 4.43450E-06 -7.10270E-06 1.58485E-05 3.19320E-06 -7.85880E-06 
1.57379E-05 2.00552E-06 -8.44470E-06 1.63665E-05 1.97033E-06 5.27910E-06 1.59689E-05 -1.14114E-06 5.70830E-06 
1.54717E-05 -2.85270E-07 -8.97940E-06 1.52534E-05 -2.14212E-06 6.06500E-06 1.60439E-05 -2.43181E-06 5.21460E-06 
1.58901E-05 -1.49360E-06 -8.52110E-06 1.43422E-05 -8.28416E-06 -2.61200E-06 9.87007E-06 9.86392E-06 1.65710E-07 
1.58840E-05 -3.75449E-06 4.63930E-06 1.54102E-05 -3.71170E-06 -8.18970E-06 1.56068E-05 -5.04235E-06 3.90080E-06 
1.62091E-05 -5.26927E-06 2.79680E-06 1.58394E-05 -5.62839E-06 -6.18430E-06 1.67219E-05 -4.22294E-06 -6.30420E-06 
1.56637E-05 -4.66544E-06 -7.30680E-06 1.63506E-05 -5.85379E-06 1.65040E-06 1.64141E-05 -6.35468E-06 2.33870E-07 
1.58772E-05 -6.42526E-06 -4.91970E-06 1.22332E-05 2.73110E-07 -1.06010E-05 1.61790E-05 -6.81576E-06 -2.66600E-06 
1.63111E-05 -6.47144E-06 -3.63540E-06 1.54349E-05 -7.54277E-06 -1.91570E-06 7.78951E-06 8.56001E-06 -5.48810E-06 
1.46399E-05 8.37728E-06 -1.84120E-07 1.47373E-05 6.96361E-06 3.56490E-06 1.17563E-05 -7.70365E-06 3.69080E-06 
1.49330E-05 5.88539E-06 4.63310E-06 1.49011E-05 4.67764E-06 5.60390E-06 1.48556E-05 5.15044E-06 -7.45750E-06 
1.48806E-05 4.17592E-06 -8.15740E-06 1.51819E-05 3.17012E-06 6.10540E-06 1.51770E-05 1.87726E-06 6.44160E-06 
2.99283E-06 -7.09763E-06 3.38720E-07 1.07007E-05 7.59703E-06 -7.09180E-06 1.55159E-05 3.10687E-07 6.30070E-06 
1.48848E-05 -1.18640E-06 6.64300E-06 1.43243E-05 -2.55810E-06 6.61390E-06 1.49910E-05 -1.44865E-06 -9.26370E-06 
1.50523E-05 -3.34737E-06 5.71560E-06 1.51886E-05 -2.52141E-06 -8.86860E-06 1.47267E-05 -4.76820E-06 5.03860E-06 
1.45913E-05 -4.81756E-06 -8.18470E-06 1.45611E-05 -5.84373E-06 4.13110E-06 1.51758E-05 -6.33978E-06 2.80690E-06 
1.49135E-05 -6.59379E-06 -6.10850E-06 1.48337E-05 -5.77008E-06 -7.19040E-06 1.24760E-05 -8.76979E-06 -4.38240E-06 
1.08008E-05 -5.46994E-06 -9.33850E-06 1.53546E-05 -7.39218E-06 -3.50350E-06 1.32065E-05 8.62000E-06 2.19800E-06 
1.40249E-05 8.56523E-06 9.99760E-07 1.35839E-05 8.96008E-06 -6.57800E-08 1.39414E-05 8.80826E-06 -1.25540E-06 
1.68800E-05 -1.44423E-06 4.60280E-06 1.34106E-05 8.56439E-06 -3.79870E-06 1.35426E-05 7.87818E-06 3.46170E-06 
1.32915E-05 7.42538E-07 -1.02160E-05 1.05878E-05 -9.11349E-06 1.14490E-06 1.42219E-05 7.05148E-06 -5.95100E-06 
1.28029E-05 5.85233E-06 6.23910E-06 1.38615E-05 5.88049E-06 5.58930E-06 1.40233E-05 6.09077E-06 -7.27790E-06 
1.35943E-05 4.90777E-06 6.44100E-06 1.39210E-05 5.06657E-06 -8.21650E-06 1.42087E-05 3.90430E-06 6.56920E-06 
1.37996E-05 4.13016E-06 -8.88360E-06 1.40468E-05 2.69632E-06 7.09640E-06 1.42854E-05 1.16466E-06 7.19230E-06 
1.30914E-05 5.97028E-07 7.88280E-06 1.41997E-05 -1.94255E-07 7.25900E-06 1.39148E-05 -1.40359E-06 7.22330E-06 
1.37860E-05 -2.30113E-06 -9.78320E-06 1.43203E-05 -3.64600E-06 -9.04630E-06 4.84327E-06 6.89068E-06 -6.29070E-06 
1.33954E-05 -5.75707E-06 5.15290E-06 1.36890E-05 -5.94133E-06 -7.94110E-06 5.64911E-07 1.92374E-06 -4.75790E-06 
1.43578E-05 -7.32873E-06 2.13430E-06 1.40272E-05 -6.59933E-06 -7.01360E-06 1.41170E-05 -8.02556E-06 7.68510E-07 
1.27162E-05 -7.13781E-06 -7.29020E-06 1.43753E-05 -8.22957E-06 -1.02210E-06 1.76512E-05 -4.76063E-06 -3.35540E-06 
1.39673E-05 -8.20840E-06 -3.95640E-06 8.99527E-06 -7.17729E-06 4.91330E-06 1.26854E-05 9.21608E-06 8.24360E-07 
1.29822E-05 9.08496E-06 -2.46710E-06 1.20892E-05 9.06858E-06 -3.80350E-06 1.28775E-05 8.21437E-06 -5.19920E-06 
1.23684E-05 -5.05968E-06 6.27090E-06 1.27472E-05 6.75754E-06 5.48870E-06 1.25753E-05 7.24073E-06 -6.89420E-06 
1.23559E-05 5.12849E-06 6.92900E-06 1.27980E-05 5.99174E-06 -8.10270E-06 1.28321E-05 4.81422E-06 -8.98370E-06 
1.31431E-05 3.95905E-06 7.17310E-06 1.26412E-05 2.85886E-06 7.77920E-06 1.29490E-05 3.35791E-06 -9.69330E-06 
1.32619E-05 1.81829E-06 7.69570E-06 6.32323E-07 3.94752E-06 -2.84310E-06 1.21777E-05 1.86278E-06 -1.04360E-05 
1.30862E-05 -8.82302E-06 -4.90830E-07 1.13403E-05 8.79308E-06 -4.99000E-06 1.28603E-05 -9.49911E-07 -1.03980E-05 
1.34936E-05 -7.05192E-06 3.53720E-06 1.29320E-05 -3.72060E-06 -9.69440E-06 1.33973E-05 -4.89487E-06 -8.89470E-06 
1.23344E-05 -6.03526E-06 -8.54080E-06 1.33781E-05 -7.89837E-06 2.10690E-06 1.34734E-05 -8.07626E-06 -5.14820E-06 
1.37587E-05 -7.42120E-06 -6.11330E-06 1.24218E-05 -8.65241E-06 1.24770E-06 1.34416E-05 -8.77059E-06 -1.73380E-06 
1.31095E-05 -8.83201E-06 -2.99410E-06 1.01532E-05 4.24938E-06 7.86830E-06 1.12861E-05 9.65891E-06 4.33730E-07 
1.46328E-05 2.90480E-06 -8.98270E-06 1.15339E-05 9.55490E-06 -2.34050E-06 4.41939E-06 6.65634E-06 4.48050E-06 
1.14021E-05 9.26012E-06 2.13930E-06 1.17102E-05 8.14359E-06 -6.01360E-06 1.16407E-05 7.26843E-06 5.46050E-06 
1.16549E-05 6.66096E-06 -7.91000E-06 1.15444E-05 6.32990E-06 6.36840E-06 1.15365E-05 5.49772E-06 -8.95020E-06 
1.18062E-05 4.07836E-06 7.64630E-06 1.18817E-05 4.29243E-06 -9.60440E-06 1.13142E-05 3.20866E-06 -1.02500E-05 
1.20668E-05 1.65918E-06 8.21650E-06 1.08487E-05 6.66518E-07 -1.08540E-05 1.16191E-05 -1.53999E-06 8.12760E-06 
4.18858E-06 -4.30573E-07 -9.51190E-06 1.19589E-05 -2.61509E-06 -1.03690E-05 1.23518E-05 -3.92567E-06 6.98010E-06 
1.22406E-05 -4.95358E-06 -9.32200E-06 1.16122E-05 -4.17724E-06 -9.90890E-06 6.28173E-06 -8.19201E-06 2.30860E-06 
1.20758E-05 -6.02258E-06 5.57670E-06 1.22586E-05 -6.81558E-06 4.65380E-06 1.24669E-05 -8.02425E-06 2.68240E-06 
1.24883E-05 -8.14858E-06 -5.89100E-06 1.80893E-05 2.95176E-06 1.96100E-06 1.38073E-05 6.94735E-06 4.56200E-06 
1.21031E-05 -9.26630E-06 -1.79440E-06 1.19640E-05 -9.18031E-06 -3.23480E-06 1.02831E-05 9.61158E-06 1.39910E-06 
5.95873E-06 -4.87967E-06 6.20180E-06 1.08264E-05 9.81296E-06 -9.84480E-07 1.02012E-05 9.78142E-06 -2.14670E-06 
1.08507E-05 8.77418E-06 3.54390E-06 5.79226E-06 -8.90053E-06 -1.76070E-06 1.04971E-05 8.38370E-06 -5.98740E-06 
4.31986E-06 8.40923E-06 -4.60920E-10 5.00922E-06 8.60673E-07 7.60240E-06 1.01808E-05 7.35633E-06 5.70330E-06 
1.04024E-05 6.51046E-06 -8.31990E-06 1.00137E-05 5.43623E-06 -9.21110E-06 1.11427E-05 5.19819E-06 7.23420E-06 
1.05000E-05 4.40438E-06 -9.80870E-06 1.11900E-05 2.78417E-06 8.22220E-06 1.07102E-05 2.08130E-06 -1.06540E-05 
8.30305E-06 -7.44671E-06 -7.60140E-06 1.13093E-05 -8.05552E-07 -1.08200E-05 1.11676E-05 -3.19555E-06 7.69020E-06 
1.12221E-05 -4.58430E-06 6.96660E-06 1.11799E-05 -5.69735E-06 6.16790E-06 7.61910E-06 3.72902E-06 -9.95140E-06 
1.63901E-05 5.64950E-06 -5.13690E-06 7.28824E-06 5.16055E-06 -9.05510E-06 1.10655E-05 -8.49474E-06 2.53720E-06 
1.12657E-05 -7.98005E-06 -6.79170E-06 1.15532E-05 -9.28030E-06 -1.67550E-07 1.05605E-05 -9.56472E-06 -1.30630E-06 
1.07810E-05 -9.48938E-06 -2.65560E-06 1.09654E-05 -9.23839E-06 -4.04310E-06 1.11333E-05 -8.74653E-06 -5.38310E-06 
8.82803E-06 9.62060E-06 1.34400E-06 9.02311E-06 9.71897E-06 -2.67890E-06 1.04224E-05 9.43543E-06 -3.64760E-06 
9.68016E-06 8.88389E-06 -5.15680E-06 9.79399E-06 8.43219E-06 4.36030E-06 9.52084E-06 9.17681E-06 2.87420E-06 
8.90240E-06 6.01220E-06 -8.74630E-06 9.76494E-06 5.96898E-06 6.91810E-06 1.53749E-05 -6.99704E-06 1.23600E-06 
9.88728E-06 2.72337E-06 8.39020E-06 9.40814E-06 3.17772E-06 -1.03800E-05 1.04047E-05 1.23103E-06 8.58520E-06 
9.43403E-06 1.39024E-06 -1.08310E-05 4.31182E-06 8.21243E-06 -2.81760E-06 7.69192E-06 -1.07246E-06 -1.07640E-05 
1.01000E-05 -5.87744E-07 8.56140E-06 1.03269E-05 -2.15916E-06 8.19180E-06 1.04737E-05 -1.97703E-06 -1.07390E-05 
9.96911E-06 -4.20439E-06 7.38920E-06 1.03155E-05 -5.21342E-06 6.69990E-06 1.01055E-05 -3.72744E-06 -1.02970E-05 
9.88054E-06 -6.28125E-06 5.84400E-06 9.42536E-06 -6.61654E-06 -8.58430E-06 1.08798E-05 -6.90245E-06 5.00010E-06 
1.00820E-05 -7.89680E-06 3.86250E-06 1.54951E-06 5.19319E-06 -3.87180E-06 1.02152E-05 -9.44670E-06 -7.46870E-08 
9.77053E-06 -9.07949E-06 -4.91120E-06 9.94831E-06 -8.50864E-06 -6.23190E-06 7.54203E-06 9.15404E-06 2.38660E-06 
7.41540E-06 9.55676E-06 7.44810E-07 8.59831E-06 9.82921E-06 1.12130E-07 9.15927E-06 9.90324E-06 -1.21190E-06 
8.53664E-06 9.30274E-06 -4.01140E-06 8.63401E-06 7.83535E-06 5.11820E-06 1.11206E-05 -6.97850E-06 -8.07000E-06 
8.87861E-06 7.03449E-06 6.02500E-06 8.41568E-06 4.85841E-06 7.54470E-06 1.85064E-05 -9.40159E-07 1.75960E-06 
8.71395E-06 3.40884E-06 8.19830E-06 7.89922E-06 2.20917E-06 -1.05340E-05 8.85653E-06 1.99635E-06 8.54130E-06 
8.82788E-06 5.47382E-07 8.65960E-06 1.54466E-05 -7.38847E-06 -3.52740E-07 8.53266E-06 -6.40655E-07 8.54250E-06 
8.93873E-06 -1.74436E-06 8.35540E-06 1.43679E-05 8.37238E-06 -2.74050E-06 8.84353E-06 -2.33634E-06 -1.07000E-05 
9.16225E-06 -5.21097E-06 6.75320E-06 8.40159E-06 -6.21693E-06 5.86840E-06 8.92044E-06 -5.21781E-06 -9.57470E-06 
2.60342E-07 2.38289E-06 -3.32380E-06 9.38656E-06 -8.74899E-06 2.31730E-06 8.65914E-06 -8.19094E-06 -6.63840E-06 
9.59776E-06 -9.61365E-06 -2.05710E-06 9.38997E-06 -9.49433E-06 -3.37910E-06 8.21855E-06 -9.17321E-06 -4.36420E-06 
8.51444E-06 -8.70921E-06 -5.69180E-06 7.64019E-06 9.73272E-06 -6.73890E-07 8.03141E-06 9.74468E-06 -1.82330E-06 
7.48648E-06 9.48100E-06 -2.88420E-06 6.92750E-06 8.99219E-06 -4.05900E-06 6.55345E-06 8.35385E-06 3.58560E-06 
1.80022E-05 -2.62789E-08 -5.87810E-06 6.92393E-06 5.20896E-06 7.04110E-06 7.69637E-06 7.18122E-06 5.68850E-06 
7.18510E-06 7.83638E-06 4.71030E-06 7.65112E-06 7.63752E-06 -6.84090E-06 7.72064E-06 -6.33346E-06 -8.59610E-06 
7.61858E-06 6.55203E-06 -8.04860E-06 9.15258E-06 -9.59327E-06 -9.56930E-07 7.09744E-06 3.68459E-06 7.81570E-06 
1.88642E-05 7.34671E-07 -3.36160E-06 7.76939E-06 2.53444E-06 8.29150E-06 7.55273E-06 1.35746E-06 8.44860E-06 
7.80031E-06 5.57166E-07 -1.07850E-05 7.31795E-06 8.90800E-09 8.41000E-06 7.43108E-06 -1.37114E-06 8.23780E-06 
7.86479E-06 -2.76776E-06 7.91740E-06 8.14374E-06 8.64843E-06 3.79520E-06 6.85701E-06 -3.72862E-06 7.22530E-06 
7.09303E-06 -2.51304E-06 -1.03820E-05 8.46270E-06 -4.01835E-06 7.44280E-06 7.68989E-06 -5.05456E-06 6.65960E-06 
7.14138E-06 -5.05800E-06 -9.35440E-06 7.10947E-06 -5.93515E-06 5.81310E-06 7.40251E-06 -6.89391E-06 4.94940E-06 
1.74626E-05 9.28069E-07 4.00530E-06 7.86760E-06 -8.74220E-06 2.00880E-06 7.29081E-06 -8.09664E-06 -6.40940E-06 
1.75753E-05 -3.01812E-06 -5.78180E-06 8.75215E-06 -9.26695E-06 7.13550E-07 8.39739E-06 -9.55811E-06 -2.12680E-06 
7.91624E-06 -9.36448E-06 -3.24130E-06 7.26424E-06 -8.71374E-06 -5.11850E-06 6.39756E-06 9.13038E-06 1.37770E-06 
6.02495E-06 9.25586E-06 -9.60800E-08 6.64670E-06 9.44577E-06 -1.64640E-06 5.94097E-06 9.01298E-06 -2.81480E-06 
5.64616E-06 8.53820E-06 2.38580E-06 5.26069E-06 8.71706E-06 1.17050E-06 5.49005E-06 8.45840E-06 -4.03280E-06 
6.34676E-06 8.37875E-06 -5.02130E-06 6.50377E-06 7.13467E-06 5.29300E-06 5.66067E-06 7.37780E-06 4.55320E-06 
6.29165E-06 7.79357E-06 -6.03970E-06 6.23550E-06 6.83673E-06 -7.24030E-06 6.35495E-06 5.88902E-06 -8.18870E-06 
6.76198E-06 6.32499E-06 6.20800E-06 1.53701E-05 5.71914E-06 -6.44000E-06 6.11617E-06 3.86145E-06 -9.43030E-06 
6.58595E-06 2.74417E-06 -1.00710E-05 6.60562E-06 2.24395E-06 8.07140E-06 6.28350E-06 9.72393E-07 8.12580E-06 
6.23991E-06 1.34664E-06 -1.03150E-05 6.41855E-06 -1.72852E-07 -1.04900E-05 9.06542E-06 7.19811E-06 -7.64940E-06 
6.21928E-06 -2.33492E-06 7.60840E-06 6.42721E-06 -1.41521E-06 -1.04070E-05 9.85725E-06 -7.70613E-06 -7.41610E-06 
8.01473E-06 -3.82367E-06 -1.01370E-05 6.93408E-06 -8.96422E-06 7.93740E-07 7.41949E-06 -9.36882E-06 -8.37260E-07 
7.08350E-06 -9.28320E-06 -2.38510E-06 3.06674E-06 -7.31708E-06 -2.67410E-06 5.14284E-06 8.87114E-06 -1.43900E-06 
5.14011E-06 7.79449E-06 -5.15160E-06 8.12586E-06 6.16900E-06 6.66210E-06 5.10746E-06 5.87858E-06 -7.56480E-06 
3.95775E-06 3.16240E-06 -8.65790E-06 5.59509E-06 5.44193E-06 6.37430E-06 5.54175E-06 4.90344E-06 -8.58090E-06 
5.71102E-06 4.26266E-06 7.10390E-06 4.88801E-06 3.84158E-06 -8.87700E-06 5.18310E-06 2.59782E-06 -9.57610E-06 
5.63036E-06 2.98787E-06 7.55290E-06 5.55695E-06 1.95257E-06 7.73850E-06 5.29384E-06 1.91680E-07 -1.00790E-05 
5.38547E-06 -9.93806E-07 -1.00940E-05 5.02515E-06 -1.72443E-06 7.28520E-06 5.76880E-06 -2.24019E-06 -1.00260E-05 
8.95635E-06 4.69088E-06 -9.65660E-06 6.11882E-06 -3.74169E-06 -9.69040E-06 5.75800E-06 -4.94521E-06 -8.88710E-06 
6.00104E-06 -6.20290E-06 5.10000E-06 2.95535E-06 2.14780E-06 -8.28310E-06 6.19569E-06 -7.25835E-06 3.92180E-06 
4.26861E-06 5.48416E-06 5.54260E-06 5.59124E-06 -6.60844E-06 -7.43550E-06 4.89342E-06 -7.80042E-06 1.85650E-06 
5.51227E-06 -8.44452E-06 9.02960E-07 5.99929E-06 -8.22729E-06 -5.26720E-06 5.75472E-06 -7.43014E-06 -6.52840E-06 
1.59621E-07 1.48773E-06 -2.02380E-06 1.46741E-05 7.77030E-06 2.17500E-06 6.50114E-06 -8.92490E-06 -3.66570E-06 
4.66191E-06 1.08403E-06 -9.69350E-06 3.83758E-06 8.11943E-06 -1.45210E-06 4.40520E-06 7.83346E-06 -4.14560E-06 
3.90229E-06 7.07715E-06 -4.97140E-06 1.85929E-05 -3.51182E-07 -4.49880E-06 3.62772E-06 6.31800E-06 -5.79010E-06 
3.85776E-06 5.68775E-06 -6.78940E-06 4.08146E-06 4.60279E-06 -7.91020E-06 4.65754E-06 4.55317E-06 6.41650E-06 
4.56285E-06 3.45369E-06 6.86770E-06 4.62605E-06 2.19984E-06 7.25430E-06 4.02956E-06 2.00860E-06 -9.10530E-06 
1.41534E-06 5.78597E-06 -2.07990E-06 4.09059E-06 7.91993E-06 1.73370E-06 4.10778E-06 -4.86377E-07 7.03790E-06 
4.74075E-06 -1.72655E-06 -9.67340E-06 5.15565E-06 -3.22078E-06 6.77520E-06 4.72781E-06 -2.82017E-06 -9.37710E-06 
4.64788E-06 -4.28215E-06 5.91850E-06 4.71870E-06 -4.17832E-06 -8.80840E-06 4.77447E-06 -5.38270E-06 5.16550E-06 
4.85104E-06 -6.42356E-06 4.14560E-06 4.81019E-06 -5.64051E-06 -7.85450E-06 4.86502E-06 -7.23367E-06 2.96360E-06 
4.59155E-06 -6.67187E-06 -6.62160E-06 4.22214E-06 -7.85308E-06 7.13540E-07 4.84087E-06 -8.41313E-06 -4.47470E-07 
1.36607E-05 -4.07068E-06 6.27360E-06 5.03166E-06 -8.47251E-06 -2.84530E-06 4.91120E-06 -8.11770E-06 -4.17220E-06 
4.64930E-06 -7.48615E-06 -5.42390E-06 3.25587E-06 7.56228E-06 6.76440E-07 3.04644E-06 7.55087E-06 -5.82240E-07 
2.79303E-06 7.23443E-06 -2.16180E-06 3.31916E-06 7.24550E-06 -3.64900E-06 3.54117E-06 6.89093E-06 3.12630E-06 
2.62774E-06 6.72695E-06 1.70900E-06 2.25819E-06 6.38095E-06 -3.36730E-06 2.67772E-06 6.12663E-06 -4.78240E-06 
8.26234E-07 4.64401E-06 5.01980E-07 2.91067E-06 5.49038E-06 -5.96530E-06 1.25459E-05 9.40012E-06 -8.18040E-07 
3.15093E-06 4.85948E-06 5.02220E-06 2.89859E-06 4.67276E-06 -6.79100E-06 3.58037E-06 4.04337E-06 5.92410E-06 
2.88040E-06 3.49750E-06 -7.61490E-06 3.60999E-06 2.56210E-06 6.51820E-06 3.59306E-06 -4.53482E-06 -7.77940E-06 
3.80673E-06 1.13446E-06 6.89370E-06 3.36254E-06 8.11355E-07 -8.89810E-06 2.22350E-07 3.18745E-06 -4.38060E-07 
3.12221E-06 -1.12907E-06 6.23550E-06 3.97367E-06 -2.06423E-06 6.59450E-06 3.68214E-06 -1.91091E-06 -9.00570E-06 
3.75166E-06 -3.31724E-06 5.90400E-06 3.53605E-06 -3.19739E-06 -8.49230E-06 3.60844E-06 -4.48815E-06 5.03360E-06 
3.63386E-06 -5.56582E-06 4.09630E-06 1.25554E-05 7.66620E-06 4.56730E-06 3.86908E-06 -6.46776E-06 3.17540E-06 
3.55417E-06 -5.68788E-06 -6.77240E-06 3.61084E-06 -6.98669E-06 1.91160E-06 3.53250E-06 -6.55136E-06 -5.66340E-06 
3.76259E-06 -7.79649E-06 -4.51860E-07 4.13344E-06 -8.10093E-06 -1.77630E-06 4.13722E-06 -7.95981E-06 -3.09410E-06 
2.48923E-06 6.95986E-06 3.37570E-07 2.38615E-06 5.79986E-06 3.06070E-06 1.67439E-06 6.07569E-06 5.76430E-07 
2.01376E-06 6.63827E-06 -7.68710E-07 3.26839E-06 5.81126E-06 4.24160E-06 2.84895E-06 -5.77124E-06 2.89520E-06 
2.31946E-06 4.79832E-06 4.14700E-06 2.51477E-06 3.80153E-06 5.06250E-06 1.91718E-06 3.64448E-06 -6.30860E-06 
2.82415E-06 2.93630E-06 5.74260E-06 2.75515E-06 1.72876E-06 6.02860E-06 6.30746E-06 -5.99197E-06 -8.41760E-06 
2.71264E-06 1.92436E-07 6.08100E-06 2.13102E-06 9.90995E-07 -7.78260E-06 1.74302E-06 -5.43713E-06 -4.35560E-06 
2.17082E-06 -1.10016E-06 5.36440E-06 2.71545E-06 -6.01589E-07 -8.43310E-06 2.89461E-06 -2.25350E-06 5.70360E-06 
2.57966E-06 -2.20296E-06 -8.04460E-06 2.62310E-06 -3.39257E-06 4.89360E-06 1.78973E-06 -3.69734E-06 -6.40940E-06 
2.58133E-06 -3.53732E-06 -7.48890E-06 2.55191E-06 -4.58598E-06 3.86780E-06 2.57874E-06 -4.65809E-06 -6.66030E-06 
5.98892E-06 -8.88745E-06 -3.00380E-07 2.62442E-06 -6.31851E-06 -4.60770E-06 2.50378E-06 -5.58887E-06 -5.59330E-06 
6.75574E-06 -7.09230E-06 -7.53110E-06 2.90313E-06 -7.23964E-06 -1.15750E-06 1.28751E-05 -2.54947E-06 7.40250E-06 
5.00710E-06 7.81546E-06 3.31240E-06 1.54488E-06 5.39725E-06 1.84160E-06 1.45656E-05 -7.46166E-06 -5.00720E-06 
1.32791E-06 5.69346E-06 -5.85780E-07 1.45679E-05 7.71486E-06 -4.33900E-06 1.54729E-06 4.57183E-06 3.08210E-06 
9.51298E-07 4.26615E-06 2.01520E-06 3.47000E-06 -7.23155E-06 -4.16210E-06 1.64375E-06 3.62352E-06 4.08730E-06 
9.11747E-07 3.32419E-06 2.87150E-06 1.06245E-06 3.67337E-06 -4.71560E-06 1.93321E-06 2.47503E-06 5.00380E-06 
1.15939E-06 2.53366E-06 3.82670E-06 1.27056E-06 2.60798E-06 -5.84480E-06 1.20080E-06 1.38510E-06 4.21100E-06 
1.98337E-06 1.19890E-06 5.32460E-06 1.03713E-07 1.36232E-07 -2.58920E-06 1.63836E-06 8.73017E-08 4.90400E-06 
1.52805E-06 -2.40979E-07 -7.13480E-06 1.42435E-06 -1.01666E-06 4.42920E-06 1.02533E-06 -1.42984E-06 -6.26440E-06 
1.85958E-06 -1.44263E-06 -7.44900E-06 1.88429E-06 -2.20453E-06 4.64940E-06 1.68844E-06 -2.61642E-06 -6.88570E-06 
1.55914E-06 -3.28614E-06 3.55770E-06 1.12787E-06 -3.67843E-06 2.32230E-06 1.02134E-06 -3.00904E-06 -5.52900E-06 
1.82352E-06 -4.70217E-06 2.60380E-06 1.64650E-06 -4.50123E-06 -5.47530E-06 1.34515E-06 -5.34766E-06 1.10910E-07 
5.90787E-06 -5.32103E-07 7.92340E-06 1.99185E-06 -6.30768E-06 -3.67550E-07 1.97810E-06 -6.40382E-06 -1.94570E-06 
2.26350E-06 -6.40466E-06 -3.45800E-06 1.91945E-06 2.43622E-06 -7.04170E-06 1.29525E-05 -8.67744E-07 7.81090E-06 
1.58546E-05 7.11640E-06 1.21950E-06 1.67681E-05 6.42917E-06 1.59460E-08 3.90975E-07 3.07677E-06 1.19130E-06 
5.51915E-06 6.42758E-06 5.52330E-06 2.12167E-06 -5.95333E-06 1.27270E-06 5.01509E-07 1.68488E-06 2.77600E-06 
9.22745E-06 8.12273E-06 -6.46610E-06 1.08533E-06 -4.49461E-06 1.12250E-06 1.21864E-05 8.46091E-06 3.50600E-06 
9.46959E-06 -5.47760E-07 -1.09500E-05 2.50556E-07 4.28115E-07 1.95340E-06 1.87984E-05 2.44599E-06 -1.26820E-06 
1.51254E-05 8.05403E-06 -1.50360E-06 1.74535E-05 -5.02239E-07 3.98820E-06 7.44349E-07 -2.59544E-09 3.42570E-06 
1.15833E-07 -1.72433E-07 7.62870E-07 1.08096E-07 2.75500E-07 -6.64670E-07 2.00347E-06 4.78108E-06 -5.49510E-06 
1.03250E-06 -1.67524E-06 3.53970E-06 3.89402E-07 -9.71952E-07 2.22210E-06 6.93846E-07 -3.35800E-07 -5.64470E-06 
1.73975E-05 4.56860E-06 2.11220E-06 1.06850E-07 -1.23958E-06 -6.16180E-07 1.43340E-05 -5.15714E-07 -9.75760E-06 
2.15022E-07 -1.00336E-06 -4.06360E-06 6.94986E-07 -2.44008E-06 2.35830E-06 2.62390E-07 -2.04574E-06 8.93420E-07 
-1.89435E-08 -2.90988E-06 -1.17860E-06 1.06434E-07 -1.78182E-06 -2.77430E-06 5.32770E-07 -1.72040E-06 -5.06650E-06 
6.65188E-07 -3.24871E-06 1.48220E-06 4.80160E-07 -3.46891E-06 4.33090E-07 4.61892E-07 6.53428E-07 -4.85210E-06 
5.55081E-07 -4.19343E-06 -1.62090E-06 3.83273E-07 -3.46839E-06 -2.80850E-06 4.05225E-07 -2.56747E-06 -4.08990E-06 
1.17423E-06 -5.34413E-06 -1.15230E-06 7.03866E-07 -4.35344E-06 -2.77570E-07 1.48279E-05 1.15794E-06 -9.33300E-06 
1.15622E-06 -5.15234E-06 -2.86530E-06 9.08076E-07 -4.07794E-06 -4.15520E-06 1.83727E-05 3.80497E-06 -9.09340E-07 
1.12907E-06 1.18698E-06 -6.32340E-06 -7.95258E-07 4.67995E-06 -3.10350E-06 -1.64542E-07 3.18475E-06 1.42530E-06 
-2.02823E-07 4.10447E-06 -4.03170E-07 -2.01656E-07 3.98624E-06 -1.76830E-06 -1.66330E-07 3.09613E-06 -2.83250E-06 
-2.19560E-09 3.14099E-06 3.42790E-07 -2.22321E-07 2.19173E-06 -4.17360E-06 -1.03656E-05 -9.35410E-06 -6.25760E-07 
-1.67101E-05 6.30942E-06 2.34910E-06 -2.05315E-07 1.33080E-06 2.84340E-06 -1.05165E-06 -6.18059E-07 -6.54920E-06 
-4.52435E-08 6.91142E-07 -4.04470E-06 -1.55133E-05 -4.92276E-06 -5.82130E-06 -2.39005E-08 3.58325E-08 2.20250E-06 
1.37876E-07 -2.11397E-07 8.16930E-07 -3.89716E-07 -3.93402E-09 -5.43010E-06 3.03807E-08 -1.45267E-06 1.43540E-06 
1.32892E-07 1.54023E-06 -1.88430E-06 -1.84190E-05 -1.08553E-06 -2.59880E-06 -1.40316E-08 -7.85178E-07 -4.28090E-06 
1.50075E-08 -2.59040E-06 4.21010E-07 -1.44192E-05 6.58204E-06 5.61050E-06 1.32793E-07 -1.77760E-06 -2.79700E-06 
-2.09779E-07 -2.31448E-06 -4.27620E-06 -1.40515E-07 -3.25754E-06 -3.00360E-06 -9.30015E-07 5.12882E-06 1.29370E-06 
-8.26855E-07 5.21257E-06 1.08180E-07 1.58168E-07 1.62046E-06 -2.83990E-07 -1.58450E-06 4.51400E-06 -5.06700E-06 
-7.63412E-07 4.31414E-06 2.28380E-06 -6.38336E-07 3.48129E-06 -4.33050E-06 -2.14396E-06 -6.33663E-06 6.96400E-07 
-1.71400E-06 1.63203E-06 -7.02200E-06 -9.18127E-07 1.95770E-06 4.38140E-06 -9.67062E-07 8.48076E-07 -6.31740E-06 
-6.38401E-07 8.61604E-08 4.06280E-06 -1.04140E-06 -1.34631E-06 4.50250E-06 -4.76181E-07 -1.65478E-06 3.21360E-06 
-1.20953E-06 -2.40263E-06 4.26900E-06 -3.46730E-06 6.63608E-06 4.29240E-06 -1.30460E-06 -2.02181E-06 -6.60160E-06 
-1.12610E-06 -3.39552E-06 3.40270E-06 -3.87119E-07 -2.89052E-06 1.97240E-06 -5.27437E-07 -3.97798E-06 8.27270E-07 
-5.40979E-07 -3.55380E-06 -4.17700E-06 -9.19245E-07 -3.08401E-06 -5.49150E-06 -9.40292E-07 -4.08706E-06 2.14290E-06 
-4.02547E-06 6.36754E-06 -5.91670E-06 -7.15635E-07 -4.47645E-06 -3.28020E-06 -1.17234E-06 -4.49710E-06 -4.65540E-06 
-1.01111E-06 -5.22032E-06 -2.22250E-06 -1.49712E-06 5.76651E-06 2.05320E-06 -1.40508E-06 6.07001E-06 7.39630E-07 
-1.43450E-06 6.18295E-06 -6.00730E-07 -1.66445E-06 5.15630E-06 3.44230E-06 -1.80156E-06 5.59518E-06 -3.99420E-06 
-1.14337E-05 3.01673E-08 -1.01610E-05 -1.84359E-06 3.20276E-06 5.25870E-06 -1.34191E-05 -8.07499E-06 -3.45500E-06 
-1.81261E-06 1.92306E-06 5.67340E-06 -1.48267E-06 6.68413E-07 5.42260E-06 -1.93832E-06 2.13373E-07 -7.56210E-06 
-3.03581E-06 4.60212E-07 -8.44690E-06 -1.42213E-06 -6.51459E-07 5.25350E-06 -1.83289E-06 -1.16673E-06 -7.39480E-06 
-4.49934E-06 -3.17471E-06 -8.90550E-06 -2.26703E-06 -2.37371E-06 -7.58170E-06 -1.75286E-06 -3.18937E-06 -6.65540E-06 
-1.29964E-05 9.22070E-06 -7.99650E-07 -1.34394E-06 -5.16280E-06 1.43170E-06 -1.83524E-05 4.17613E-07 -3.19340E-06 
-1.61601E-06 -5.69822E-06 -3.57110E-06 -2.09209E-06 -6.52104E-06 -6.60130E-07 -1.73306E-06 -6.19741E-06 -1.89730E-06 
-2.24733E-06 6.87030E-06 1.32740E-06 -2.08978E-06 6.90582E-06 1.80300E-07 -2.33316E-06 7.15888E-06 -1.00130E-06 
-2.49579E-06 6.50371E-06 2.95640E-06 -2.74740E-06 6.68874E-06 -3.75720E-06 -2.74332E-06 5.84987E-06 -5.12220E-06 
-2.56906E-06 5.63903E-06 4.32350E-06 -2.99220E-06 5.01388E-06 -6.33390E-06 -7.31257E-06 9.59099E-06 1.41840E-06 
-2.63592E-06 3.99769E-06 5.78370E-06 -2.75576E-06 2.69602E-06 6.48350E-06 -1.54643E-05 7.65602E-06 -1.26320E-06 
-3.36349E-06 1.69190E-06 7.19050E-06 -2.41139E-06 1.12958E-06 6.47080E-06 -2.30745E-06 -5.02785E-07 6.30600E-06 
-2.93503E-06 -1.08172E-06 -8.40710E-06 -3.39493E-06 -2.71148E-06 -8.40320E-06 -2.05932E-06 -3.36777E-06 4.79760E-06 
-2.74349E-06 -3.89637E-06 -7.31780E-06 -2.19116E-06 -4.40901E-06 4.08870E-06 -2.41514E-06 -5.99499E-06 2.24070E-06 
-2.96135E-06 -5.27071E-06 -6.44750E-06 -2.46923E-06 -6.75004E-06 -2.86930E-06 -8.33043E-06 -1.94096E-06 -1.03350E-05 
-2.98645E-06 -7.24259E-06 -2.66830E-08 -9.95184E-06 -6.78290E-06 -7.78770E-06 -3.10917E-06 7.81340E-06 2.88910E-07 
-3.33784E-06 7.94890E-06 -1.12070E-06 -3.58985E-06 7.38316E-06 3.19960E-06 -3.28250E-06 7.64495E-06 1.91180E-06 
-3.38796E-06 2.55877E-06 -8.20160E-06 -3.67360E-06 6.87583E-06 -4.85150E-06 -8.36263E-06 6.19037E-06 7.56570E-06 
-3.48773E-06 5.36710E-06 5.63290E-06 -1.64564E-05 -2.50309E-06 5.37220E-06 -3.51292E-06 3.96226E-06 6.59500E-06 
-4.41446E-06 8.18577E-06 2.68480E-06 -3.31181E-06 3.63881E-07 7.24300E-06 -3.75086E-06 1.41191E-06 -8.79040E-06 
-3.44617E-06 -9.52150E-07 7.15630E-06 -3.03728E-06 -1.97615E-06 6.55700E-06 -2.99799E-06 -3.23295E-06 5.90420E-06 
-3.12492E-06 -4.54097E-06 5.05600E-06 -4.04319E-06 -4.09085E-06 -8.22430E-06 -1.42397E-05 8.46095E-06 2.31060E-06 
-3.71683E-06 -4.99531E-06 -7.36240E-06 -3.35960E-06 -6.48565E-06 2.83180E-06 -3.25953E-06 -6.18197E-06 -5.65910E-06 
-3.77852E-06 -7.86761E-06 -8.38690E-07 -2.87372E-06 -7.26437E-06 -1.57800E-06 -3.26776E-06 -7.39330E-06 -2.85150E-06 
-1.67447E-05 5.64020E-06 -3.00420E-06 -7.82438E-06 -4.89080E-06 7.26230E-06 -4.35329E-06 8.54583E-06 1.20160E-06 
-4.37264E-06 8.43809E-06 -2.07220E-06 -4.49871E-06 7.59247E-06 4.02280E-06 -4.17155E-06 7.79411E-06 -3.74100E-06 
-4.84747E-06 7.33604E-06 -5.30260E-06 -4.57965E-06 6.72972E-06 5.31530E-06 -1.93254E-06 -1.97240E-06 5.49420E-06 
-4.85762E-06 5.90182E-06 6.31740E-06 -1.33105E-05 -5.05196E-06 -7.89780E-06 -4.73925E-06 4.64108E-06 7.11130E-06 
-4.69361E-06 4.52030E-06 -7.97730E-06 -7.41450E-06 6.22328E-06 -7.74690E-06 -4.45082E-06 3.42170E-06 -8.45440E-06 
-4.45320E-06 2.33516E-06 -8.90420E-06 -1.10674E-06 2.56489E-06 -5.87820E-06 -4.24942E-06 -4.31736E-07 7.79530E-06 
-1.22569E-05 7.67216E-06 -5.64830E-06 -4.08595E-06 -3.00108E-06 6.86830E-06 -6.38645E-06 -7.41665E-06 4.08380E-06 
-4.24915E-06 -4.33068E-06 6.14190E-06 -4.42925E-06 -5.67168E-06 5.05760E-06 -4.69461E-06 -5.26490E-06 -7.85530E-06 
-3.99907E-06 -6.36860E-06 3.77850E-06 -4.30130E-06 -6.22986E-06 -6.68110E-06 -8.39906E-06 -6.54036E-06 -8.07970E-06 
-4.30909E-06 -7.11567E-06 2.90910E-06 -3.45479E-06 -7.12636E-06 1.64990E-06 -4.25273E-06 -7.98153E-06 3.87170E-07 
-4.18103E-06 -7.14662E-06 -5.21310E-06 -4.91345E-06 -8.48540E-06 -8.07120E-07 -4.27222E-06 -8.13130E-06 -2.15230E-06 
-4.12706E-06 -7.71208E-06 -3.77090E-06 -5.69926E-06 8.96281E-06 2.07100E-06 -5.69785E-06 9.22031E-06 3.99020E-07 
-5.71123E-06 9.15081E-06 -1.32560E-06 -5.63353E-06 8.41267E-06 3.64430E-06 -5.62590E-06 8.75864E-06 -3.02450E-06 
-5.78050E-06 8.19731E-06 -4.50520E-06 -5.79157E-06 6.82939E-06 6.08490E-06 -5.68735E-06 7.70195E-06 4.94430E-06 
-6.04920E-06 7.65690E-06 -5.61520E-06 -5.59954E-06 6.62006E-06 -6.72160E-06 -5.65848E-06 5.42518E-06 -7.82270E-06 
-6.12925E-06 4.76004E-06 7.80590E-06 -5.88082E-06 5.72620E-06 7.09100E-06 -5.77595E-06 3.59696E-06 8.14910E-06 
-5.59129E-06 2.89938E-06 -9.22270E-06 -5.47053E-06 2.28092E-06 8.35000E-06 -1.29177E-05 9.19490E-07 8.70320E-06 
-5.27131E-06 1.34961E-06 -9.55860E-06 -5.34773E-06 -1.44041E-07 8.37180E-06 -5.50845E-06 -4.27002E-07 -9.84640E-06 
-5.91479E-06 -1.69080E-06 -9.90090E-06 -5.24799E-06 -1.37844E-06 8.12240E-06 -5.30575E-06 -2.71297E-06 7.67620E-06 
-5.60720E-06 -2.86849E-06 -9.52770E-06 -5.26709E-06 -3.79988E-06 7.09650E-06 -5.80396E-06 -5.38038E-06 -8.35050E-06 
-5.09688E-06 -6.83169E-06 4.09760E-06 -5.69839E-06 -6.34609E-06 -7.46760E-06 -5.40357E-06 -7.54793E-06 3.12450E-06 
-5.02283E-06 -7.97210E-06 1.82380E-06 -5.74751E-06 -7.39214E-06 -6.22450E-06 -5.52377E-06 -8.57305E-06 4.60990E-07 
-5.78056E-06 -8.81556E-06 -1.94350E-06 -5.41283E-06 -8.50894E-06 -3.27530E-06 -5.36941E-06 -8.03604E-06 -4.67600E-06 
-2.13814E-06 4.56571E-06 4.78540E-06 -6.97510E-06 9.11638E-06 3.10830E-06 -7.20530E-06 9.66247E-06 -5.28950E-07 
-7.19462E-06 9.41670E-06 -2.26780E-06 -6.95691E-06 8.47502E-06 4.53210E-06 -7.10358E-06 8.89276E-06 -3.86150E-06 
-7.08605E-06 8.23317E-06 -5.20600E-06 -7.00044E-06 7.62418E-06 5.81770E-06 -7.13505E-06 7.41586E-06 -6.39400E-06 
-7.14684E-06 5.44965E-06 7.79890E-06 -7.04820E-06 6.57648E-06 6.91360E-06 -6.77365E-06 5.00370E-06 -8.50310E-06 
-7.33881E-06 4.17037E-06 8.48820E-06 -6.93021E-06 3.79070E-06 -9.24620E-06 -6.88878E-06 2.58701E-06 8.81120E-06 
-7.05034E-06 2.05315E-06 -9.94540E-06 -6.33230E-06 9.87157E-07 8.79690E-06 -6.51537E-06 5.79079E-07 -1.01040E-05 
-6.47320E-06 -7.57683E-07 8.71380E-06 -6.53843E-06 -2.12463E-06 8.37720E-06 -6.73169E-06 -3.66512E-06 7.74690E-06 
-6.39842E-06 -3.82748E-06 -9.46780E-06 -1.54577E-05 -2.18955E-06 6.60170E-06 -6.67169E-06 -4.90458E-06 -8.99490E-06 
-4.45796E-07 4.23557E-06 8.99950E-07 -7.00043E-06 -6.00082E-06 -8.29810E-06 -6.44946E-06 -8.11658E-06 2.81070E-06 
-7.15394E-06 -7.07203E-06 -7.30580E-06 -6.51451E-06 -8.60334E-06 1.60920E-06 -6.74290E-06 -8.96013E-06 4.59790E-07 
-6.27409E-06 -8.98369E-06 -6.45690E-07 -6.58227E-06 -8.65164E-06 -4.19260E-06 -6.54986E-06 -8.20994E-06 -5.26550E-06 
-7.12451E-06 -9.03262E-07 -1.02940E-05 -8.82645E-06 9.93346E-06 2.24440E-07 -8.76084E-06 9.80267E-06 -1.41280E-06 
-8.20932E-06 9.03245E-06 4.00850E-06 -8.26196E-06 9.50260E-06 2.73060E-06 -8.94102E-06 9.33190E-06 -3.34600E-06 
-8.31075E-06 8.31217E-06 5.32090E-06 -8.26983E-06 8.69623E-06 -4.69990E-06 -4.26965E-06 2.96715E-06 7.52700E-06 
-8.41620E-06 8.08555E-06 -5.79450E-06 -8.36307E-06 7.25180E-06 -6.88640E-06 -8.31928E-06 5.12093E-06 8.25340E-06 
-8.10950E-06 4.90172E-06 -8.86240E-06 -8.59776E-06 3.33602E-06 -9.69470E-06 -8.48326E-06 2.80520E-06 9.07340E-06 
-8.95523E-06 1.79301E-06 -1.02260E-05 -8.06990E-06 1.48692E-06 9.19270E-06 -7.80809E-06 -1.03750E-08 9.11810E-06 
-7.90216E-06 6.17435E-07 -1.03660E-05 -7.88039E-06 -1.43575E-06 8.88940E-06 -4.48945E-06 -1.64403E-06 -9.30120E-06 
-7.84302E-06 -2.64908E-06 8.48000E-06 -7.69546E-06 -4.15535E-06 -9.61030E-06 -8.07284E-06 -5.34324E-06 -8.98850E-06 
-1.07822E-05 9.10280E-06 -3.66880E-06 -7.77922E-06 -7.98621E-06 3.74090E-06 -7.83955E-06 -9.05796E-06 1.08920E-06 
-7.69372E-06 -9.27121E-06 -2.86700E-07 -1.62939E-05 7.02798E-06 1.39850E-06 -7.29044E-06 -9.24652E-06 -1.64530E-06 
-7.80680E-06 -9.00439E-06 -3.83610E-06 -7.77448E-06 -8.64334E-06 -4.93490E-06 -7.12084E-06 -2.64728E-06 -1.00310E-05 
-9.43456E-06 9.43033E-06 3.32040E-06 -9.10721E-06 9.77857E-06 1.85910E-06 -9.53544E-06 8.85786E-06 4.60550E-06 
-2.97962E-06 -5.53551E-06 3.80390E-06 -1.01965E-05 9.89863E-06 -5.29450E-07 -8.42893E-06 7.36107E-06 6.53860E-06 
-8.95234E-06 6.70750E-06 -7.51280E-06 -9.57556E-06 5.39065E-06 8.20040E-06 -9.20413E-06 5.74583E-06 -8.35370E-06 
-8.97442E-06 4.19941E-06 8.72210E-06 -9.71139E-06 3.14854E-06 9.05970E-06 -1.76433E-05 -3.90127E-06 -2.19410E-06 
-9.25206E-06 6.05406E-07 -1.04460E-05 -9.05082E-06 5.90570E-07 9.30440E-06 -9.22921E-06 -7.07876E-07 9.16300E-06 
-8.68597E-06 -5.93678E-07 -1.04950E-05 -8.59559E-06 -3.64585E-06 8.13290E-06 -9.00391E-06 -3.25136E-06 -1.00460E-05 
-1.50671E-05 -2.91646E-06 -7.68290E-06 -8.92984E-06 -4.56148E-06 -9.47840E-06 1.31110E-07 3.93815E-07 -8.57030E-07 
-1.74887E-06 6.24962E-06 -2.37660E-06 -8.69939E-06 -7.55896E-06 -7.00360E-06 -7.42827E-06 -7.95854E-06 -6.15900E-06 
-9.08354E-06 -9.33215E-06 2.79460E-07 -8.89840E-06 -9.45626E-06 -1.27340E-06 -8.43330E-06 -9.31054E-06 -2.71150E-06 
-9.17093E-06 -9.00159E-06 -4.14800E-06 -8.93026E-06 -8.38902E-06 -5.67280E-06 -1.06028E-05 9.62938E-06 2.47620E-06 
-1.03538E-05 9.88813E-06 9.87940E-07 -1.12676E-05 -2.66331E-06 8.43130E-06 -1.07778E-05 9.16389E-06 3.82730E-06 
-1.81752E-05 4.10925E-06 1.08600E-07 -9.82866E-06 8.55254E-06 -5.05310E-06 -3.07933E-06 7.51456E-06 -2.35940E-06 
-1.09327E-05 8.43464E-06 5.15380E-06 -9.74014E-06 6.79406E-06 7.17920E-06 -1.72114E-05 -2.80113E-06 4.05810E-06 
-1.02113E-05 6.53696E-06 -7.60410E-06 -1.09232E-05 4.92394E-06 8.35210E-06 -1.06509E-05 5.37081E-06 -8.46120E-06 
-1.02921E-05 4.11207E-06 8.75570E-06 -1.12834E-05 4.12038E-06 -9.06490E-06 -9.91167E-06 1.74020E-06 9.28300E-06 
-1.04439E-05 1.17458E-06 -1.02540E-05 -1.01334E-05 2.42896E-07 9.26100E-06 -1.01645E-05 -2.03060E-07 -1.04370E-05 
-1.08033E-05 -1.03095E-06 9.00430E-06 -9.46232E-06 -2.30478E-06 8.76440E-06 -9.70723E-06 -1.69866E-06 -1.03710E-05 
-1.00272E-05 -3.52384E-06 8.21140E-06 -9.54650E-06 -4.63074E-06 7.58270E-06 -9.12016E-06 -5.76215E-06 6.72480E-06 
-9.45300E-06 -5.66941E-06 -8.79620E-06 -9.05395E-06 -6.80688E-06 5.67090E-06 -9.15368E-06 -7.70750E-06 4.46530E-06 
-9.17259E-06 -8.44411E-06 3.15030E-06 -1.03256E-05 -7.86110E-06 -6.39660E-06 -1.04825E-05 -4.37325E-06 -9.41760E-06 
-9.15081E-06 -8.96167E-06 1.80310E-06 -1.02117E-05 -9.29079E-06 -2.44730E-06 -1.02002E-05 -8.54304E-06 -5.15880E-06 
-1.16871E-05 9.63545E-06 1.51040E-06 -1.15960E-05 9.72168E-06 1.04300E-07 -1.14604E-05 9.64936E-06 -1.14030E-06 
-1.20875E-05 8.66558E-06 4.28070E-06 -1.18956E-05 9.27485E-06 2.92560E-06 -2.18886E-06 3.74314E-06 -6.46590E-06 
-1.13517E-05 8.39770E-06 -4.90890E-06 -1.10572E-05 6.06746E-06 7.65220E-06 -1.12780E-05 7.31991E-06 6.48980E-06 
-7.81235E-06 -8.59043E-06 2.46290E-06 -1.12227E-05 7.13873E-06 -6.75350E-06 -1.16344E-05 6.03489E-06 -7.70120E-06 
-1.19093E-05 4.96575E-06 -8.37660E-06 -1.07696E-05 2.99092E-06 9.02760E-06 -1.12296E-05 6.02830E-07 9.16400E-06 
-1.07658E-05 -2.76356E-06 -9.99420E-06 -1.11495E-05 -4.32750E-06 7.62680E-06 -1.85988E-06 -4.29097E-06 -6.01040E-06 
-1.03697E-05 -5.36802E-06 6.99050E-06 -1.04292E-05 -6.26954E-06 6.18100E-06 -1.13961E-05 -8.24019E-06 -5.28320E-06 
-1.05426E-05 -7.20607E-06 5.07580E-06 -1.05830E-05 -7.99766E-06 3.82310E-06 -1.05639E-05 -8.65870E-06 2.45020E-06 
-1.04909E-05 -9.11693E-06 9.18450E-07 -1.09511E-05 -5.79517E-06 -8.44380E-06 -1.10190E-05 -8.83719E-06 -3.96740E-06 
-1.26559E-05 9.41130E-06 7.27600E-07 -7.54188E-07 5.15477E-06 -1.35930E-06 -1.31417E-05 8.68200E-06 3.38710E-06 
-7.52272E-06 -6.06188E-06 6.19910E-06 -1.59055E-05 5.81940E-06 -4.38910E-06 -1.21692E-05 7.94079E-06 5.40480E-06 
-1.25006E-05 8.51767E-06 -3.98180E-06 -1.29612E-05 7.12405E-06 6.02310E-06 -1.26331E-05 6.55455E-06 -6.77940E-06 
-1.24825E-05 6.22331E-06 7.11300E-06 -1.20737E-05 5.03205E-06 8.03190E-06 -1.30455E-05 5.23826E-06 -7.70730E-06 
-1.84490E-05 -6.84725E-07 2.44410E-06 -3.60145E-07 -4.14624E-06 -1.87080E-06 -1.15667E-06 3.73906E-06 3.87240E-06 
-1.22537E-05 2.87996E-06 -9.31140E-06 -1.18121E-05 1.46821E-06 -9.86170E-06 -1.21186E-05 -3.29397E-07 8.86780E-06 
-1.22225E-05 -9.62607E-07 -9.88250E-06 -1.21816E-05 -1.44856E-06 8.59360E-06 -1.21536E-05 -2.16262E-06 -9.74520E-06 
-1.60229E-05 6.54465E-06 3.57700E-06 -1.23554E-05 -3.49017E-06 7.76450E-06 -1.19281E-05 -3.54890E-06 -9.39490E-06 
-1.26023E-05 -4.55664E-06 7.02540E-06 -1.20081E-05 -4.78184E-06 -8.75370E-06 -1.15990E-05 -5.52211E-06 6.63360E-06 
-1.18378E-05 -6.47743E-06 5.58330E-06 -1.58533E-05 5.67243E-06 4.95750E-06 -1.21892E-05 -5.78467E-06 -7.98130E-06 
-1.19280E-05 -7.36392E-06 4.37640E-06 -1.18794E-05 -8.12399E-06 3.02040E-06 -1.29427E-05 -8.01933E-06 2.28790E-06 
-9.73441E-06 4.40941E-06 -9.17930E-06 -1.17694E-05 -7.60643E-06 -6.17740E-06 -1.19302E-05 -8.67659E-06 1.42040E-06 
-1.14989E-05 -9.07639E-06 -1.30270E-08 -1.16931E-05 -9.07616E-06 -1.25240E-06 -1.21602E-05 -8.79299E-06 -2.73450E-06 
-1.15736E-05 -6.82262E-06 -7.29150E-06 -1.36961E-05 8.96993E-06 8.13150E-07 -1.03517E-05 9.64896E-06 -2.10310E-06 
-1.29354E-05 9.16309E-06 1.99420E-06 -1.33899E-05 8.71246E-06 -2.44590E-06 -1.33990E-05 7.85402E-06 4.77050E-06 
-1.40458E-05 7.92359E-06 -3.58720E-06 -1.33592E-05 7.69070E-06 -4.76940E-06 -1.36116E-05 6.83668E-06 -5.77950E-06 
-1.37419E-05 6.12850E-06 6.53530E-06 -1.37428E-05 5.98208E-06 -6.60990E-06 -1.43483E-05 4.95282E-06 -7.00620E-06 
-1.28179E-05 3.96633E-06 8.23980E-06 -1.39650E-05 3.97570E-06 -7.92980E-06 -1.28029E-05 2.67706E-06 8.59390E-06 
-1.36425E-05 2.84987E-06 -8.65930E-06 -1.46790E-05 1.64226E-06 -8.31110E-06 -1.54892E-05 -6.29138E-07 -7.79860E-06 
-1.33559E-05 1.49174E-06 -9.22310E-06 -1.57121E-05 2.08748E-06 -7.28450E-06 -1.28523E-05 7.99391E-08 -9.65920E-06 
-1.32703E-05 -7.28853E-07 8.38580E-06 -1.34378E-05 -1.52015E-06 -9.24940E-06 -1.30469E-05 -2.31429E-06 8.05210E-06 
-1.31737E-05 -2.95320E-06 -9.05230E-06 -1.34692E-05 -3.51516E-06 7.28200E-06 -1.29182E-05 -4.02064E-06 -8.73560E-06 
-1.37734E-05 -4.48947E-06 6.46680E-06 -1.29387E-05 -5.55519E-06 6.04390E-06 -1.33296E-05 -6.42596E-06 4.79750E-06 
-1.27503E-05 -7.08294E-06 -6.31660E-06 -1.30342E-05 -6.17350E-06 -7.13690E-06 -1.31533E-05 -7.40500E-06 3.44340E-06 
-1.33166E-05 -7.77243E-06 -4.51460E-06 -1.25752E-05 -7.77095E-06 -5.35890E-06 -1.27583E-05 -8.68730E-06 -1.61790E-07 
-1.28280E-05 -8.66852E-06 -1.45650E-06 -1.35101E-05 -8.27509E-06 -2.23660E-06 -1.47220E-05 8.37586E-06 1.00000E-06 
-1.44779E-05 8.54939E-06 -2.37860E-07 -1.42167E-05 8.51859E-06 -1.45940E-06 -1.41916E-05 8.02956E-06 3.61870E-06 
-2.66023E-06 1.39016E-06 -8.01610E-06 -9.71910E-06 7.96231E-06 5.92550E-06 -1.45556E-05 8.05377E-06 -2.39470E-06 
-1.48516E-05 7.13088E-06 4.42630E-06 -1.56727E-05 -6.80677E-06 -2.45700E-08 -1.46764E-05 6.89855E-06 -4.58220E-06 
-1.48476E-05 5.84173E-06 -5.74520E-06 -1.53918E-05 4.51964E-06 -6.33840E-06 -1.37703E-05 3.33000E-06 8.00580E-06 
-1.45915E-05 3.89519E-06 7.32710E-06 -1.48527E-05 3.95191E-06 -7.24510E-06 -1.48012E-05 2.90737E-06 -7.79220E-06 
-1.40831E-05 1.91542E-06 8.11600E-06 -1.42242E-05 -7.31202E-06 2.25870E-06 -1.44236E-05 3.19227E-07 7.95350E-06 
-1.43788E-05 -1.36507E-06 7.66070E-06 -1.42178E-05 -2.59343E-06 7.32950E-06 -1.40922E-05 -2.55282E-06 -8.60120E-06 
-1.45999E-05 -3.45819E-06 6.64380E-06 -1.39483E-05 -3.72131E-06 -8.24280E-06 -1.47108E-05 -4.32188E-06 5.93100E-06 
-1.56398E-05 7.32875E-07 -7.64800E-06 -1.41648E-05 -5.25740E-06 5.52550E-06 -1.45990E-05 -5.71783E-06 4.59850E-06 
-1.43615E-05 -6.55936E-06 3.65290E-06 -1.36726E-05 -7.14637E-06 -5.34820E-06 -1.37351E-05 -6.44483E-06 -6.19310E-06 
-1.34534E-05 -8.15133E-06 1.15770E-06 -1.38552E-05 -8.13695E-06 5.10770E-08 -1.37066E-05 -8.26634E-06 -9.71070E-07 
-1.79644E-05 -2.50002E-06 -3.17660E-06 -1.43182E-05 -7.28379E-06 -4.20070E-06 -1.52030E-05 7.56518E-06 3.10020E-06 
-1.54276E-05 7.77907E-06 1.79050E-06 -1.55546E-05 7.80656E-06 4.15840E-07 -1.59786E-05 7.08162E-06 2.47520E-06 
-1.55463E-05 3.58558E-06 6.69820E-06 -1.55685E-05 6.97206E-06 -3.03080E-06 -1.76989E-05 3.62247E-06 3.62150E-06 
-1.86593E-05 -1.08131E-06 6.99280E-07 -3.63210E-07 2.77837E-06 2.60200E-06 -9.74193E-06 7.59889E-06 -6.52900E-06 
-1.59309E-05 4.88485E-06 -5.33960E-06 -1.63992E-05 3.74070E-06 -5.66340E-06 -1.56777E-05 3.30762E-06 -6.80830E-06 
-1.48834E-05 2.74160E-06 7.48550E-06 -1.51573E-05 1.55652E-06 7.44870E-06 -1.01517E-06 -5.22426E-06 -4.92440E-07 
1.20495E-07 -7.09673E-08 -2.61760E-06 -1.53908E-05 -6.95485E-07 7.10730E-06 -1.48493E-05 -1.55913E-06 -8.26040E-06 
-1.44310E-05 4.24421E-08 -8.72370E-06 -1.63187E-05 -5.35653E-06 2.57150E-06 -6.83770E-06 -9.02478E-06 -2.96050E-06 
-1.55213E-05 -3.55000E-06 5.77440E-06 -1.53618E-05 -4.76427E-06 4.88960E-06 -1.47102E-05 -4.39831E-06 -7.18460E-06 
-1.53535E-05 -5.65913E-06 3.79570E-06 1.37138E-07 -1.24272E-06 -8.58330E-07 -1.51904E-05 -6.37777E-06 2.76340E-06 
-1.23071E-05 -8.34124E-06 -4.26210E-06 -1.46351E-05 -7.52199E-06 7.48990E-07 -4.14852E-06 -1.80513E-06 7.40200E-06 
-1.48216E-05 -6.27934E-06 -5.21760E-06 -1.46247E-05 -7.70444E-06 -5.68160E-07 -1.43859E-05 -7.83959E-06 -1.59560E-06 
-1.45168E-05 -7.55578E-06 -2.79490E-06 -1.64739E-05 6.88051E-06 -5.95690E-08 -2.29604E-06 2.69186E-06 -7.19430E-06 
-1.88298E-05 4.49271E-07 -5.22010E-07 -3.36141E-06 3.95034E-06 -7.45680E-06 -1.67840E-05 6.21889E-06 -1.51780E-06 
-1.59875E-05 4.41538E-06 5.79240E-06 -1.68741E-05 4.35831E-06 -4.40750E-06 -1.67315E-05 -5.05295E-06 -3.38140E-06 
-1.59058E-05 2.15966E-06 6.76310E-06 -1.65301E-05 2.35800E-06 -6.22150E-06 -4.33747E-06 8.61722E-06 -3.38570E-07 
-1.58959E-05 6.16167E-07 6.86180E-06 -1.69579E-05 1.25649E-06 5.67320E-06 -1.65798E-05 1.03055E-06 -6.51990E-06 
-1.65267E-05 -7.46419E-07 6.01960E-06 -1.69407E-05 5.23502E-06 3.64760E-06 -5.34213E-06 -4.24127E-06 -8.87100E-06 
-1.64645E-05 -2.63714E-07 -6.75480E-06 -1.60407E-05 -1.88421E-06 -7.01250E-06 -1.19435E-05 9.26908E-06 -2.40060E-06 
-5.12902E-07 -1.54609E-06 -5.49590E-06 -1.27236E-05 4.01725E-06 -8.60430E-06 -1.60841E-05 -4.79520E-06 3.87890E-06 
1.82548E-07 1.70426E-06 1.30270E-06 -1.55471E-05 -6.56353E-06 1.52220E-06 -1.62309E-05 -6.06520E-06 -2.27030E-06 
-1.55474E-05 -6.46959E-06 -3.48500E-06 -1.59347E-05 -5.43478E-06 -4.58460E-06 -5.61526E-06 4.28219E-06 -8.55150E-06 
-1.54264E-05 -7.04041E-06 -1.68980E-06 -1.70828E-05 6.12210E-06 1.04290E-06 -1.87557E-05 5.04792E-07 1.19120E-06 
-1.72001E-05 5.92979E-06 -1.77030E-07 -1.16581E-05 3.81951E-06 8.66900E-06 -1.74541E-05 5.32335E-06 2.00730E-06 
-1.76992E-05 5.17831E-06 6.15200E-07 -1.76581E-05 5.08939E-06 -6.95750E-07 -1.75066E-05 4.99212E-06 -1.84690E-06 
-4.32563E-06 5.41549E-06 -7.09950E-06 -1.68424E-05 4.22613E-06 4.77640E-06 -1.76067E-05 4.22016E-06 -2.81040E-06 
-2.92816E-06 -6.71413E-06 -4.22570E-06 -1.65506E-05 3.11854E-06 5.80010E-06 -1.77748E-05 3.04447E-06 -3.61710E-06 
-1.72273E-05 2.81144E-06 -4.94200E-06 -1.72160E-06 -4.82657E-06 2.86140E-06 -1.79135E-05 1.68641E-06 -4.10910E-06 
-1.35515E-05 4.85787E-06 7.50300E-06 -1.73016E-05 1.41429E-06 -5.38560E-06 -1.74293E-05 -5.66198E-08 4.92300E-06 
-1.72986E-05 3.82817E-08 -5.56190E-06 -1.73664E-05 -1.37122E-06 4.63670E-06 -1.79057E-05 -9.13607E-07 -4.27000E-06 
-1.71003E-05 -1.34188E-06 -5.74320E-06 -1.79226E-05 -1.69067E-06 3.33970E-06 -1.73642E-05 -2.52289E-06 -4.74060E-06 
-1.16548E-05 2.09288E-06 9.02260E-06 -1.77585E-05 -2.92219E-06 2.63430E-06 -1.73661E-05 -3.61592E-06 -3.75200E-06 
-1.67024E-05 -2.67709E-06 -5.81180E-06 -1.69143E-05 -4.05912E-06 3.30630E-06 -1.73418E-05 -4.25266E-06 1.86110E-06 
-1.73186E-05 -4.77487E-06 -7.67080E-07 -1.66240E-05 -4.03388E-06 -4.97670E-06 -1.10852E-05 -1.29691E-06 -1.02060E-05 
-1.67075E-05 -5.51189E-06 6.95720E-07 -1.69382E-05 -5.18214E-06 -1.98850E-06 -1.63637E-05 -3.78044E-06 4.58510E-06 
-1.64632E-05 -5.97595E-06 -9.62130E-07 -1.77513E-05 4.31947E-06 2.65660E-06 -1.80786E-05 4.23650E-06 1.40350E-06 
-1.09006E-05 7.97268E-06 -5.76460E-06 -1.81508E-05 3.81322E-06 -1.30730E-06 -1.75095E-05 2.66910E-06 4.54150E-06 
2.24088E-08 -2.98459E-06 -8.25430E-07 -1.82813E-05 3.16477E-06 2.20750E-06 -1.85023E-05 3.04668E-06 8.91840E-07 
-1.85157E-05 3.02851E-06 -2.94200E-07 -1.81520E-05 3.07323E-06 -2.36850E-06 -1.78730E-05 1.10076E-06 4.20260E-06 
-1.81828E-05 2.17901E-06 3.20250E-06 -1.86057E-05 1.91178E-06 1.79240E-06 -1.86184E-05 2.16029E-06 -1.28170E-06 
-1.83455E-05 1.90856E-06 -2.76990E-06 -1.84200E-05 7.48156E-07 2.83830E-06 -1.87361E-05 1.86160E-06 2.84080E-07 
-1.86383E-05 9.23046E-07 -1.97300E-06 -1.78284E-05 5.12158E-07 -4.52410E-06 -1.80004E-05 -3.51569E-07 3.80140E-06 
-6.10681E-06 -6.43570E-06 5.26150E-06 -1.49012E-05 5.11362E-06 6.44540E-06 -5.98674E-06 -5.03455E-06 6.54620E-06 
-1.86553E-05 -1.09166E-07 -1.89790E-06 -1.83003E-05 -2.45171E-06 -1.71420E-06 -1.43405E-05 -5.58613E-06 -6.58230E-06 
-1.86694E-05 -1.10739E-06 -1.05530E-06 -4.85560E-07 1.31310E-06 -5.26570E-06 -1.82817E-05 -1.89443E-06 2.06720E-06 
-2.22127E-06 -5.52954E-06 -5.17320E-06 -1.84331E-05 -2.23051E-06 -2.91650E-07 -1.81301E-05 -2.94227E-06 1.00880E-06 
-1.75867E-05 -4.26111E-06 4.40790E-07 -1.79789E-05 -3.48743E-06 -6.03240E-07 -1.59290E-05 -3.50780E-06 -6.43520E-06 
-4.58494E-06 1.09901E-06 8.03910E-06 -7.64712E-06 -7.17310E-06 4.96540E-06 -1.04714E-05 2.81242E-06 -9.81160E-06 
-4.13979E-06 7.88787E-09 -9.21600E-06 -4.67995E-06 3.10350E-06 -9.59526E-06 -3.18475E-06 -1.42530E-06 -8.96454E-06 
-4.10447E-06 4.03170E-07 -9.00282E-06 -3.98624E-06 1.76830E-06 -9.00166E-06 -3.09613E-06 2.83250E-06 -8.96633E-06 
-3.14099E-06 -3.42790E-07 -8.80220E-06 -2.19173E-06 4.17360E-06 -9.02232E-06 9.35410E-06 6.25760E-07 -1.91656E-05 
-6.30942E-06 -2.34910E-06 -2.55101E-05 -1.33080E-06 -2.84340E-06 -9.00531E-06 6.18059E-07 6.54920E-06 -9.85165E-06 
-6.91142E-07 4.04470E-06 -8.84524E-06 4.92276E-06 5.82130E-06 -2.43133E-05 -3.58325E-08 -2.20250E-06 -8.82390E-06 
2.11397E-07 -8.16930E-07 -8.66212E-06 3.93402E-09 5.43010E-06 -9.18972E-06 1.45267E-06 -1.43540E-06 -8.76962E-06 
-1.54023E-06 1.88430E-06 -8.66711E-06 1.08553E-06 2.59880E-06 -2.72190E-05 7.85178E-07 4.28090E-06 -8.81403E-06 
2.59040E-06 -4.21010E-07 -8.78499E-06 -6.58204E-06 -5.61050E-06 -2.32192E-05 1.77760E-06 2.79700E-06 -8.66721E-06 
2.31448E-06 4.27620E-06 -9.00978E-06 3.25754E-06 3.00360E-06 -8.94051E-06 -5.12882E-06 -1.29370E-06 -9.73002E-06 
-5.21257E-06 -1.08180E-07 -9.62685E-06 -1.62046E-06 2.83990E-07 -8.64183E-06 -4.51400E-06 5.06700E-06 -1.03845E-05 
-4.31414E-06 -2.28380E-06 -9.56341E-06 -3.48129E-06 4.33050E-06 -9.43834E-06 6.33663E-06 -6.96400E-07 -1.09440E-05 
-1.63203E-06 7.02200E-06 -1.05140E-05 -1.95770E-06 -4.38140E-06 -9.71813E-06 -8.48076E-07 6.31740E-06 -9.76706E-06 
-8.61604E-08 -4.06280E-06 -9.43840E-06 1.34631E-06 -4.50250E-06 -9.84140E-06 1.65478E-06 -3.21360E-06 -9.27618E-06 
2.40263E-06 -4.26900E-06 -1.00095E-05 -6.63608E-06 -4.29240E-06 -1.22673E-05 2.02181E-06 6.60160E-06 -1.01046E-05 
3.39552E-06 -3.40270E-06 -9.92610E-06 2.89052E-06 -1.97240E-06 -9.18712E-06 3.97798E-06 -8.27270E-07 -9.32744E-06 
3.55380E-06 4.17700E-06 -9.34098E-06 3.08401E-06 5.49150E-06 -9.71925E-06 4.08706E-06 -2.14290E-06 -9.74029E-06 
-6.36754E-06 5.91670E-06 -1.28255E-05 4.47645E-06 3.28020E-06 -9.51564E-06 4.49710E-06 4.65540E-06 -9.97234E-06 
5.22032E-06 2.22250E-06 -9.81111E-06 -5.76651E-06 -2.05320E-06 -1.02971E-05 -6.07001E-06 -7.39630E-07 -1.02051E-05 
-6.18295E-06 6.00730E-07 -1.02345E-05 -5.15630E-06 -3.44230E-06 -1.04645E-05 -5.59518E-06 3.99420E-06 -1.06016E-05 
-3.01673E-08 1.01610E-05 -2.02337E-05 -3.20276E-06 -5.25870E-06 -1.06436E-05 8.07499E-06 3.45500E-06 -2.22191E-05 
-1.92306E-06 -5.67340E-06 -1.06126E-05 -6.68413E-07 -5.42260E-06 -1.02827E-05 -2.13373E-07 7.56210E-06 -1.07383E-05 
-4.60212E-07 8.44690E-06 -1.18358E-05 6.51459E-07 -5.25350E-06 -1.02221E-05 1.16673E-06 7.39480E-06 -1.06329E-05 
3.17471E-06 8.90550E-06 -1.32993E-05 2.37371E-06 7.58170E-06 -1.10670E-05 3.18937E-06 6.65540E-06 -1.05529E-05 
-9.22070E-06 7.99650E-07 -2.17964E-05 5.16280E-06 -1.43170E-06 -1.01439E-05 -4.17613E-07 3.19340E-06 -2.71524E-05 
5.69822E-06 3.57110E-06 -1.04160E-05 6.52104E-06 6.60130E-07 -1.08921E-05 6.19741E-06 1.89730E-06 -1.05331E-05 
-6.87030E-06 -1.32740E-06 -1.10473E-05 -6.90582E-06 -1.80300E-07 -1.08898E-05 -7.15888E-06 1.00130E-06 -1.11332E-05 
-6.50371E-06 -2.95640E-06 -1.12958E-05 -6.68874E-06 3.75720E-06 -1.15474E-05 -5.84987E-06 5.12220E-06 -1.15433E-05 
-5.63903E-06 -4.32350E-06 -1.13691E-05 -5.01388E-06 6.33390E-06 -1.17922E-05 -9.59099E-06 -1.41840E-06 -1.61126E-05 
-3.99769E-06 -5.78370E-06 -1.14359E-05 -2.69602E-06 -6.48350E-06 -1.15558E-05 -7.65602E-06 1.26320E-06 -2.42643E-05 
-1.69190E-06 -7.19050E-06 -1.21635E-05 -1.12958E-06 -6.47080E-06 -1.12114E-05 5.02785E-07 -6.30600E-06 -1.11075E-05 
1.08172E-06 8.40710E-06 -1.17350E-05 2.71148E-06 8.40320E-06 -1.21949E-05 3.36777E-06 -4.79760E-06 -1.08593E-05 
3.89637E-06 7.31780E-06 -1.15435E-05 4.40901E-06 -4.08870E-06 -1.09912E-05 5.99499E-06 -2.24070E-06 -1.12151E-05 
5.27071E-06 6.44750E-06 -1.17614E-05 6.75004E-06 2.86930E-06 -1.12692E-05 1.94096E-06 1.03350E-05 -1.71304E-05 
7.24259E-06 2.66830E-08 -1.17865E-05 6.78290E-06 7.78770E-06 -1.87518E-05 -7.81340E-06 -2.88910E-07 -1.19092E-05 
-7.94890E-06 1.12070E-06 -1.21378E-05 -7.38316E-06 -3.19960E-06 -1.23899E-05 -7.64495E-06 -1.91180E-06 -1.20825E-05 
-2.55877E-06 8.20160E-06 -1.21880E-05 -6.87583E-06 4.85150E-06 -1.24736E-05 -6.19037E-06 -7.56570E-06 -1.71626E-05 
-5.36710E-06 -5.63290E-06 -1.22877E-05 2.50309E-06 -5.37220E-06 -2.52564E-05 -3.96226E-06 -6.59500E-06 -1.23129E-05 
-8.18577E-06 -2.68480E-06 -1.32145E-05 -3.63881E-07 -7.24300E-06 -1.21118E-05 -1.41191E-06 8.79040E-06 -1.25509E-05 
9.52150E-07 -7.15630E-06 -1.22462E-05 1.97615E-06 -6.55700E-06 -1.18373E-05 3.23295E-06 -5.90420E-06 -1.17980E-05 
4.54097E-06 -5.05600E-06 -1.19249E-05 4.09085E-06 8.22430E-06 -1.28432E-05 -8.46095E-06 -2.31060E-06 -2.30397E-05 
4.99531E-06 7.36240E-06 -1.25168E-05 6.48565E-06 -2.83180E-06 -1.21596E-05 6.18197E-06 5.65910E-06 -1.20595E-05 
7.86761E-06 8.38690E-07 -1.25785E-05 7.26437E-06 1.57800E-06 -1.16737E-05 7.39330E-06 2.85150E-06 -1.20678E-05 
-5.64020E-06 3.00420E-06 -2.55447E-05 4.89080E-06 -7.26230E-06 -1.66244E-05 -8.54583E-06 -1.20160E-06 -1.31533E-05 
-8.43809E-06 2.07220E-06 -1.31726E-05 -7.59247E-06 -4.02280E-06 -1.32987E-05 -7.79411E-06 3.74100E-06 -1.29715E-05 
-7.33604E-06 5.30260E-06 -1.36475E-05 -6.72972E-06 -5.31530E-06 -1.33796E-05 1.97240E-06 -5.49420E-06 -1.07325E-05 
-5.90182E-06 -6.31740E-06 -1.36576E-05 5.05196E-06 7.89780E-06 -2.21105E-05 -4.64108E-06 -7.11130E-06 -1.35393E-05 
-4.52030E-06 7.97730E-06 -1.34936E-05 -6.22328E-06 7.74690E-06 -1.62145E-05 -3.42170E-06 8.45440E-06 -1.32508E-05 
-2.33516E-06 8.90420E-06 -1.32532E-05 -2.56489E-06 5.87820E-06 -9.90674E-06 4.31736E-07 -7.79530E-06 -1.30494E-05 
-7.67216E-06 5.64830E-06 -2.10569E-05 3.00108E-06 -6.86830E-06 -1.28859E-05 7.41665E-06 -4.08380E-06 -1.51864E-05 
4.33068E-06 -6.14190E-06 -1.30491E-05 5.67168E-06 -5.05760E-06 -1.32293E-05 5.26490E-06 7.85530E-06 -1.34946E-05 
6.36860E-06 -3.77850E-06 -1.27991E-05 6.22986E-06 6.68110E-06 -1.31013E-05 6.54036E-06 8.07970E-06 -1.71991E-05 
7.11567E-06 -2.90910E-06 -1.31091E-05 7.12636E-06 -1.64990E-06 -1.22548E-05 7.98153E-06 -3.87170E-07 -1.30527E-05 
7.14662E-06 5.21310E-06 -1.29810E-05 8.48540E-06 8.07120E-07 -1.37135E-05 8.13130E-06 2.15230E-06 -1.30722E-05 
7.71208E-06 3.77090E-06 -1.29271E-05 -8.96281E-06 -2.07100E-06 -1.44993E-05 -9.22031E-06 -3.99020E-07 -1.44979E-05 
-9.15081E-06 1.32560E-06 -1.45112E-05 -8.41267E-06 -3.64430E-06 -1.44335E-05 -8.75864E-06 3.02450E-06 -1.44259E-05 
-8.19731E-06 4.50520E-06 -1.45805E-05 -6.82939E-06 -6.08490E-06 -1.45916E-05 -7.70195E-06 -4.94430E-06 -1.44874E-05 
-7.65690E-06 5.61520E-06 -1.48492E-05 -6.62006E-06 6.72160E-06 -1.43995E-05 -5.42518E-06 7.82270E-06 -1.44585E-05 
-4.76004E-06 -7.80590E-06 -1.49293E-05 -5.72620E-06 -7.09100E-06 -1.46808E-05 -3.59696E-06 -8.14910E-06 -1.45759E-05 
-2.89938E-06 9.22270E-06 -1.43913E-05 -2.28092E-06 -8.35000E-06 -1.42705E-05 -9.19490E-07 -8.70320E-06 -2.17177E-05 
-1.34961E-06 9.55860E-06 -1.40713E-05 1.44041E-07 -8.37180E-06 -1.41477E-05 4.27002E-07 9.84640E-06 -1.43084E-05 
1.69080E-06 9.90090E-06 -1.47148E-05 1.37844E-06 -8.12240E-06 -1.40480E-05 2.71297E-06 -7.67620E-06 -1.41057E-05 
2.86849E-06 9.52770E-06 -1.44072E-05 3.79988E-06 -7.09650E-06 -1.40671E-05 5.38038E-06 8.35050E-06 -1.46040E-05 
6.83169E-06 -4.09760E-06 -1.38969E-05 6.34609E-06 7.46760E-06 -1.44984E-05 7.54793E-06 -3.12450E-06 -1.42036E-05 
7.97210E-06 -1.82380E-06 -1.38228E-05 7.39214E-06 6.22450E-06 -1.45475E-05 8.57305E-06 -4.60990E-07 -1.43238E-05 
8.81556E-06 1.94350E-06 -1.45806E-05 8.50894E-06 3.27530E-06 -1.42128E-05 8.03604E-06 4.67600E-06 -1.41694E-05 
-4.56571E-06 -4.78540E-06 -1.09381E-05 -9.11638E-06 -3.10830E-06 -1.57751E-05 -9.66247E-06 5.28950E-07 -1.60053E-05 
-9.41670E-06 2.26780E-06 -1.59946E-05 -8.47502E-06 -4.53210E-06 -1.57569E-05 -8.89276E-06 3.86150E-06 -1.59036E-05 
-8.23317E-06 5.20600E-06 -1.58860E-05 -7.62418E-06 -5.81770E-06 -1.58004E-05 -7.41586E-06 6.39400E-06 -1.59351E-05 
-5.44965E-06 -7.79890E-06 -1.59468E-05 -6.57648E-06 -6.91360E-06 -1.58482E-05 -5.00370E-06 8.50310E-06 -1.55736E-05 
-4.17037E-06 -8.48820E-06 -1.61388E-05 -3.79070E-06 9.24620E-06 -1.57302E-05 -2.58701E-06 -8.81120E-06 -1.56888E-05 
-2.05315E-06 9.94540E-06 -1.58503E-05 -9.87157E-07 -8.79690E-06 -1.51323E-05 -5.79079E-07 1.01040E-05 -1.53154E-05 
7.57683E-07 -8.71380E-06 -1.52732E-05 2.12463E-06 -8.37720E-06 -1.53384E-05 3.66512E-06 -7.74690E-06 -1.55317E-05 
3.82748E-06 9.46780E-06 -1.51984E-05 2.18955E-06 -6.60170E-06 -2.42577E-05 4.90458E-06 8.99490E-06 -1.54717E-05 
-4.23557E-06 -8.99950E-07 -9.24580E-06 6.00082E-06 8.29810E-06 -1.58004E-05 8.11658E-06 -2.81070E-06 -1.52495E-05 
7.07203E-06 7.30580E-06 -1.59539E-05 8.60334E-06 -1.60920E-06 -1.53145E-05 8.96013E-06 -4.59790E-07 -1.55429E-05 
8.98369E-06 6.45690E-07 -1.50741E-05 8.65164E-06 4.19260E-06 -1.53823E-05 8.20994E-06 5.26550E-06 -1.53499E-05 
9.03262E-07 1.02940E-05 -1.59245E-05 -9.93346E-06 -2.24440E-07 -1.76264E-05 -9.80267E-06 1.41280E-06 -1.75608E-05 
-9.03245E-06 -4.00850E-06 -1.70093E-05 -9.50260E-06 -2.73060E-06 -1.70620E-05 -9.33190E-06 3.34600E-06 -1.77410E-05 
-8.31217E-06 -5.32090E-06 -1.71107E-05 -8.69623E-06 4.69990E-06 -1.70698E-05 -2.96715E-06 -7.52700E-06 -1.30696E-05 
-8.08555E-06 5.79450E-06 -1.72162E-05 -7.25180E-06 6.88640E-06 -1.71631E-05 -5.12093E-06 -8.25340E-06 -1.71193E-05 
-4.90172E-06 8.86240E-06 -1.69095E-05 -3.33602E-06 9.69470E-06 -1.73978E-05 -2.80520E-06 -9.07340E-06 -1.72833E-05 
-1.79301E-06 1.02260E-05 -1.77552E-05 -1.48692E-06 -9.19270E-06 -1.68699E-05 1.03750E-08 -9.11810E-06 -1.66081E-05 
-6.17435E-07 1.03660E-05 -1.67022E-05 1.43575E-06 -8.88940E-06 -1.66804E-05 1.64403E-06 9.30120E-06 -1.32895E-05 
2.64908E-06 -8.48000E-06 -1.66430E-05 4.15535E-06 9.61030E-06 -1.64955E-05 5.34324E-06 8.98850E-06 -1.68728E-05 
-9.10280E-06 3.66880E-06 -1.95822E-05 7.98621E-06 -3.74090E-06 -1.65792E-05 9.05796E-06 -1.08920E-06 -1.66396E-05 
9.27121E-06 2.86700E-07 -1.64937E-05 -7.02798E-06 -1.39850E-06 -2.50939E-05 9.24652E-06 1.64530E-06 -1.60904E-05 
9.00439E-06 3.83610E-06 -1.66068E-05 8.64334E-06 4.93490E-06 -1.65745E-05 2.64728E-06 1.00310E-05 -1.59208E-05 
-9.43033E-06 -3.32040E-06 -1.82346E-05 -9.77857E-06 -1.85910E-06 -1.79072E-05 -8.85786E-06 -4.60550E-06 -1.83354E-05 
5.53551E-06 -3.80390E-06 -1.17796E-05 -9.89863E-06 5.29450E-07 -1.89965E-05 -7.36107E-06 -6.53860E-06 -1.72289E-05 
-6.70750E-06 7.51280E-06 -1.77523E-05 -5.39065E-06 -8.20040E-06 -1.83756E-05 -5.74583E-06 8.35370E-06 -1.80041E-05 
-4.19941E-06 -8.72210E-06 -1.77744E-05 -3.14854E-06 -9.05970E-06 -1.85114E-05 3.90127E-06 2.19410E-06 -2.64433E-05 
-6.05406E-07 1.04460E-05 -1.80521E-05 -5.90570E-07 -9.30440E-06 -1.78508E-05 7.07876E-07 -9.16300E-06 -1.80292E-05 
5.93678E-07 1.04950E-05 -1.74860E-05 3.64585E-06 -8.13290E-06 -1.73956E-05 3.25136E-06 1.00460E-05 -1.78039E-05 
2.91646E-06 7.68290E-06 -2.38671E-05 4.56148E-06 9.47840E-06 -1.77298E-05 -3.93815E-07 8.57030E-07 -8.66889E-06 
-6.24962E-06 2.37660E-06 -1.05489E-05 7.55896E-06 7.00360E-06 -1.74994E-05 7.95854E-06 6.15900E-06 -1.62283E-05 
9.33215E-06 -2.79460E-07 -1.78835E-05 9.45626E-06 1.27340E-06 -1.76984E-05 9.31054E-06 2.71150E-06 -1.72333E-05 
9.00159E-06 4.14800E-06 -1.79709E-05 8.38902E-06 5.67280E-06 -1.77303E-05 -9.62938E-06 -2.47620E-06 -1.94028E-05 
-9.88813E-06 -9.87940E-07 -1.91538E-05 2.66331E-06 -8.43130E-06 -2.00676E-05 -9.16389E-06 -3.82730E-06 -1.95778E-05 
-4.10925E-06 -1.08600E-07 -2.69752E-05 -8.55254E-06 5.05310E-06 -1.86287E-05 -7.51456E-06 2.35940E-06 -1.18793E-05 
-8.43464E-06 -5.15380E-06 -1.97327E-05 -6.79406E-06 -7.17920E-06 -1.85401E-05 2.80113E-06 -4.05810E-06 -2.60114E-05 
-6.53696E-06 7.60410E-06 -1.90113E-05 -4.92394E-06 -8.35210E-06 -1.97232E-05 -5.37081E-06 8.46120E-06 -1.94509E-05 
-4.11207E-06 -8.75570E-06 -1.90921E-05 -4.12038E-06 9.06490E-06 -2.00834E-05 -1.74020E-06 -9.28300E-06 -1.87117E-05 
-1.17458E-06 1.02540E-05 -1.92438E-05 -2.42896E-07 -9.26100E-06 -1.89334E-05 2.03060E-07 1.04370E-05 -1.89645E-05 
1.03095E-06 -9.00430E-06 -1.96033E-05 2.30478E-06 -8.76440E-06 -1.82623E-05 1.69866E-06 1.03710E-05 -1.85072E-05 
3.52384E-06 -8.21140E-06 -1.88272E-05 4.63074E-06 -7.58270E-06 -1.83465E-05 5.76215E-06 -6.72480E-06 -1.79202E-05 
5.66941E-06 8.79620E-06 -1.82530E-05 6.80688E-06 -5.67090E-06 -1.78540E-05 7.70750E-06 -4.46530E-06 -1.79537E-05 
8.44411E-06 -3.15030E-06 -1.79726E-05 7.86110E-06 6.39660E-06 -1.91256E-05 4.37325E-06 9.41760E-06 -1.92825E-05 
8.96167E-06 -1.80310E-06 -1.79508E-05 9.29079E-06 2.44730E-06 -1.90117E-05 8.54304E-06 5.15880E-06 -1.90002E-05 
-9.63545E-06 -1.51040E-06 -2.04871E-05 -9.72168E-06 -1.04300E-07 -2.03960E-05 -9.64936E-06 1.14030E-06 -2.02604E-05 
-8.66558E-06 -4.28070E-06 -2.08875E-05 -9.27485E-06 -2.92560E-06 -2.06956E-05 -3.74314E-06 6.46590E-06 -1.09889E-05 
-8.39770E-06 4.90890E-06 -2.01517E-05 -6.06746E-06 -7.65220E-06 -1.98572E-05 -7.31991E-06 -6.48980E-06 -2.00780E-05 
8.59043E-06 -2.46290E-06 -1.66124E-05 -7.13873E-06 6.75350E-06 -2.00227E-05 -6.03489E-06 7.70120E-06 -2.04344E-05 
-4.96575E-06 8.37660E-06 -2.07093E-05 -2.99092E-06 -9.02760E-06 -1.95696E-05 -6.02830E-07 -9.16400E-06 -2.00296E-05 
2.76356E-06 9.99420E-06 -1.95658E-05 4.32750E-06 -7.62680E-06 -1.99495E-05 4.29097E-06 6.01040E-06 -1.06599E-05 
5.36802E-06 -6.99050E-06 -1.91697E-05 6.26954E-06 -6.18100E-06 -1.92292E-05 8.24019E-06 5.28320E-06 -2.01961E-05 
7.20607E-06 -5.07580E-06 -1.93426E-05 7.99766E-06 -3.82310E-06 -1.93830E-05 8.65870E-06 -2.45020E-06 -1.93639E-05 
9.11693E-06 -9.18450E-07 -1.92909E-05 5.79517E-06 8.44380E-06 -1.97511E-05 8.83719E-06 3.96740E-06 -1.98190E-05 
-9.41130E-06 -7.27600E-07 -2.14559E-05 -5.15477E-06 1.35930E-06 -9.55419E-06 -8.68200E-06 -3.38710E-06 -2.19417E-05 
6.06188E-06 -6.19910E-06 -1.63227E-05 -5.81940E-06 4.38910E-06 -2.47055E-05 -7.94079E-06 -5.40480E-06 -2.09692E-05 
-8.51767E-06 3.98180E-06 -2.13006E-05 -7.12405E-06 -6.02310E-06 -2.17612E-05 -6.55455E-06 6.77940E-06 -2.14331E-05 
-6.22331E-06 -7.11300E-06 -2.12825E-05 -5.03205E-06 -8.03190E-06 -2.08737E-05 -5.23826E-06 7.70730E-06 -2.18455E-05 
6.84725E-07 -2.44410E-06 -2.72490E-05 4.14624E-06 1.87080E-06 -9.16015E-06 -3.73906E-06 -3.87240E-06 -9.95667E-06 
-2.87996E-06 9.31140E-06 -2.10537E-05 -1.46821E-06 9.86170E-06 -2.06121E-05 3.29397E-07 -8.86780E-06 -2.09186E-05 
9.62607E-07 9.88250E-06 -2.10225E-05 1.44856E-06 -8.59360E-06 -2.09816E-05 2.16262E-06 9.74520E-06 -2.09536E-05 
-6.54465E-06 -3.57700E-06 -2.48229E-05 3.49017E-06 -7.76450E-06 -2.11554E-05 3.54890E-06 9.39490E-06 -2.07281E-05 
4.55664E-06 -7.02540E-06 -2.14023E-05 4.78184E-06 8.75370E-06 -2.08081E-05 5.52211E-06 -6.63360E-06 -2.03990E-05 
6.47743E-06 -5.58330E-06 -2.06378E-05 -5.67243E-06 -4.95750E-06 -2.46533E-05 5.78467E-06 7.98130E-06 -2.09892E-05 
7.36392E-06 -4.37640E-06 -2.07280E-05 8.12399E-06 -3.02040E-06 -2.06794E-05 8.01933E-06 -2.28790E-06 -2.17427E-05 
-4.40941E-06 9.17930E-06 -1.85344E-05 7.60643E-06 6.17740E-06 -2.05694E-05 8.67659E-06 -1.42040E-06 -2.07302E-05 
9.07639E-06 1.30270E-08 -2.02989E-05 9.07616E-06 1.25240E-06 -2.04931E-05 8.79299E-06 2.73450E-06 -2.09602E-05 
6.82262E-06 7.29150E-06 -2.03736E-05 -8.96993E-06 -8.13150E-07 -2.24961E-05 -9.64896E-06 2.10310E-06 -1.91517E-05 
-9.16309E-06 -1.99420E-06 -2.17354E-05 -8.71246E-06 2.44590E-06 -2.21899E-05 -7.85402E-06 -4.77050E-06 -2.21990E-05 
-7.92359E-06 3.58720E-06 -2.28458E-05 -7.69070E-06 4.76940E-06 -2.21592E-05 -6.83668E-06 5.77950E-06 -2.24116E-05 
-6.12850E-06 -6.53530E-06 -2.25419E-05 -5.98208E-06 6.60990E-06 -2.25428E-05 -4.95282E-06 7.00620E-06 -2.31483E-05 
-3.96633E-06 -8.23980E-06 -2.16179E-05 -3.97570E-06 7.92980E-06 -2.27650E-05 -2.67706E-06 -8.59390E-06 -2.16029E-05 
-2.84987E-06 8.65930E-06 -2.24425E-05 -1.64226E-06 8.31110E-06 -2.34790E-05 6.29138E-07 7.79860E-06 -2.42892E-05 
-1.49174E-06 9.22310E-06 -2.21559E-05 -2.08748E-06 7.28450E-06 -2.45121E-05 -7.99391E-08 9.65920E-06 -2.16523E-05 
7.28853E-07 -8.38580E-06 -2.20703E-05 1.52015E-06 9.24940E-06 -2.22378E-05 2.31429E-06 -8.05210E-06 -2.18469E-05 
2.95320E-06 9.05230E-06 -2.19737E-05 3.51516E-06 -7.28200E-06 -2.22692E-05 4.02064E-06 8.73560E-06 -2.17182E-05 
4.48947E-06 -6.46680E-06 -2.25734E-05 5.55519E-06 -6.04390E-06 -2.17387E-05 6.42596E-06 -4.79750E-06 -2.21296E-05 
7.08294E-06 6.31660E-06 -2.15503E-05 6.17350E-06 7.13690E-06 -2.18342E-05 7.40500E-06 -3.44340E-06 -2.19533E-05 
7.77243E-06 4.51460E-06 -2.21166E-05 7.77095E-06 5.35890E-06 -2.13752E-05 8.68730E-06 1.61790E-07 -2.15583E-05 
8.66852E-06 1.45650E-06 -2.16280E-05 8.27509E-06 2.23660E-06 -2.23101E-05 -8.37586E-06 -1.00000E-06 -2.35220E-05 
-8.54939E-06 2.37860E-07 -2.32779E-05 -8.51859E-06 1.45940E-06 -2.30166E-05 -8.02956E-06 -3.61870E-06 -2.29916E-05 
-1.39016E-06 8.01610E-06 -1.14602E-05 -7.96231E-06 -5.92550E-06 -1.85191E-05 -8.05377E-06 2.39470E-06 -2.33556E-05 
-7.13088E-06 -4.42630E-06 -2.36516E-05 6.80677E-06 2.45700E-08 -2.44727E-05 -6.89855E-06 4.58220E-06 -2.34764E-05 
-5.84173E-06 5.74520E-06 -2.36476E-05 -4.51964E-06 6.33840E-06 -2.41918E-05 -3.33000E-06 -8.00580E-06 -2.25703E-05 
-3.89519E-06 -7.32710E-06 -2.33915E-05 -3.95191E-06 7.24510E-06 -2.36527E-05 -2.90737E-06 7.79220E-06 -2.36012E-05 
-1.91542E-06 -8.11600E-06 -2.28831E-05 7.31202E-06 -2.25870E-06 -2.30242E-05 -3.19227E-07 -7.95350E-06 -2.32236E-05 
1.36507E-06 -7.66070E-06 -2.31788E-05 2.59343E-06 -7.32950E-06 -2.30178E-05 2.55282E-06 8.60120E-06 -2.28922E-05 
3.45819E-06 -6.64380E-06 -2.33999E-05 3.72131E-06 8.24280E-06 -2.27483E-05 4.32188E-06 -5.93100E-06 -2.35108E-05 
-7.32875E-07 7.64800E-06 -2.44398E-05 5.25740E-06 -5.52550E-06 -2.29648E-05 5.71783E-06 -4.59850E-06 -2.33990E-05 
6.55936E-06 -3.65290E-06 -2.31615E-05 7.14637E-06 5.34820E-06 -2.24726E-05 6.44483E-06 6.19310E-06 -2.25351E-05 
8.15133E-06 -1.15770E-06 -2.22534E-05 8.13695E-06 -5.10770E-08 -2.26552E-05 8.26634E-06 9.71070E-07 -2.25066E-05 
2.50002E-06 3.17660E-06 -2.67644E-05 7.28379E-06 4.20070E-06 -2.31182E-05 -7.56518E-06 -3.10020E-06 -2.40030E-05 
-7.77907E-06 -1.79050E-06 -2.42276E-05 -7.80656E-06 -4.15840E-07 -2.43546E-05 -7.08162E-06 -2.47520E-06 -2.47786E-05 
-3.58558E-06 -6.69820E-06 -2.43463E-05 -6.97206E-06 3.03080E-06 -2.43685E-05 -3.62247E-06 -3.62150E-06 -2.64989E-05 
1.08131E-06 -6.99280E-07 -2.74593E-05 -2.77837E-06 -2.60200E-06 -9.16321E-06 -7.59889E-06 6.52900E-06 -1.85419E-05 
-4.88485E-06 5.33960E-06 -2.47309E-05 -3.74070E-06 5.66340E-06 -2.51992E-05 -3.30762E-06 6.80830E-06 -2.44777E-05 
-2.74160E-06 -7.48550E-06 -2.36834E-05 -1.55652E-06 -7.44870E-06 -2.39572E-05 5.22426E-06 4.92440E-07 -9.81517E-06 
7.09673E-08 2.61760E-06 -8.67951E-06 6.95485E-07 -7.10730E-06 -2.41908E-05 1.55913E-06 8.26040E-06 -2.36493E-05 
-4.24421E-08 8.72370E-06 -2.32310E-05 5.35653E-06 -2.57150E-06 -2.51187E-05 9.02478E-06 2.96050E-06 -1.56377E-05 
3.55000E-06 -5.77440E-06 -2.43213E-05 4.76427E-06 -4.88960E-06 -2.41618E-05 4.39831E-06 7.18460E-06 -2.35102E-05 
5.65913E-06 -3.79570E-06 -2.41535E-05 1.24272E-06 8.58330E-07 -8.66286E-06 6.37777E-06 -2.76340E-06 -2.39904E-05 
8.34124E-06 4.26210E-06 -2.11071E-05 7.52199E-06 -7.48990E-07 -2.34351E-05 1.80513E-06 -7.40200E-06 -1.29485E-05 
6.27934E-06 5.21760E-06 -2.36216E-05 7.70444E-06 5.68160E-07 -2.34247E-05 7.83959E-06 1.59560E-06 -2.31859E-05 
7.55578E-06 2.79490E-06 -2.33168E-05 -6.88051E-06 5.95690E-08 -2.52739E-05 -2.69186E-06 7.19430E-06 -1.10960E-05 
-4.49271E-07 5.22010E-07 -2.76298E-05 -3.95034E-06 7.45680E-06 -1.21614E-05 -6.21889E-06 1.51780E-06 -2.55840E-05 
-4.41538E-06 -5.79240E-06 -2.47875E-05 -4.35831E-06 4.40750E-06 -2.56741E-05 5.05295E-06 3.38140E-06 -2.55315E-05 
-2.15966E-06 -6.76310E-06 -2.47058E-05 -2.35800E-06 6.22150E-06 -2.53301E-05 -8.61722E-06 3.38570E-07 -1.31375E-05 
-6.16167E-07 -6.86180E-06 -2.46959E-05 -1.25649E-06 -5.67320E-06 -2.57579E-05 -1.03055E-06 6.51990E-06 -2.53798E-05 
7.46419E-07 -6.01960E-06 -2.53267E-05 -5.23502E-06 -3.64760E-06 -2.57407E-05 4.24127E-06 8.87100E-06 -1.41421E-05 
2.63714E-07 6.75480E-06 -2.52645E-05 1.88421E-06 7.01250E-06 -2.48407E-05 -9.26908E-06 2.40060E-06 -2.07435E-05 
1.54609E-06 5.49590E-06 -9.31290E-06 -4.01725E-06 8.60430E-06 -2.15236E-05 4.79520E-06 -3.87890E-06 -2.48841E-05 
-1.70426E-06 -1.30270E-06 -8.61745E-06 6.56353E-06 -1.52220E-06 -2.43471E-05 6.06520E-06 2.27030E-06 -2.50309E-05 
6.46959E-06 3.48500E-06 -2.43474E-05 5.43478E-06 4.58460E-06 -2.47347E-05 -4.28219E-06 8.55150E-06 -1.44153E-05 
7.04041E-06 1.68980E-06 -2.42264E-05 -6.12210E-06 -1.04290E-06 -2.58828E-05 -5.04792E-07 -1.19120E-06 -2.75557E-05 
-5.92979E-06 1.77030E-07 -2.60001E-05 -3.81951E-06 -8.66900E-06 -2.04581E-05 -5.32335E-06 -2.00730E-06 -2.62541E-05 
-5.17831E-06 -6.15200E-07 -2.64992E-05 -5.08939E-06 6.95750E-07 -2.64581E-05 -4.99212E-06 1.84690E-06 -2.63066E-05 
-5.41549E-06 7.09950E-06 -1.31256E-05 -4.22613E-06 -4.77640E-06 -2.56424E-05 -4.22016E-06 2.81040E-06 -2.64067E-05 
6.71413E-06 4.22570E-06 -1.17282E-05 -3.11854E-06 -5.80010E-06 -2.53506E-05 -3.04447E-06 3.61710E-06 -2.65748E-05 
-2.81144E-06 4.94200E-06 -2.60273E-05 4.82657E-06 -2.86140E-06 -1.05216E-05 -1.68641E-06 4.10910E-06 -2.67135E-05 
-4.85787E-06 -7.50300E-06 -2.23515E-05 -1.41429E-06 5.38560E-06 -2.61016E-05 5.66198E-08 -4.92300E-06 -2.62293E-05 
-3.82817E-08 5.56190E-06 -2.60986E-05 1.37122E-06 -4.63670E-06 -2.61664E-05 9.13607E-07 4.27000E-06 -2.67057E-05 
1.34188E-06 5.74320E-06 -2.59003E-05 1.69067E-06 -3.33970E-06 -2.67226E-05 2.52289E-06 4.74060E-06 -2.61642E-05 
-2.09288E-06 -9.02260E-06 -2.04548E-05 2.92219E-06 -2.63430E-06 -2.65585E-05 3.61592E-06 3.75200E-06 -2.61661E-05 
2.67709E-06 5.81180E-06 -2.55024E-05 4.05912E-06 -3.30630E-06 -2.57143E-05 4.25266E-06 -1.86110E-06 -2.61418E-05 
4.77487E-06 7.67080E-07 -2.61186E-05 4.03388E-06 4.97670E-06 -2.54240E-05 1.29691E-06 1.02060E-05 -1.98852E-05 
5.51189E-06 -6.95720E-07 -2.55075E-05 5.18214E-06 1.98850E-06 -2.57382E-05 3.78044E-06 -4.58510E-06 -2.51637E-05 
5.97595E-06 9.62130E-07 -2.52632E-05 -4.31947E-06 -2.65660E-06 -2.65513E-05 -4.23650E-06 -1.40350E-06 -2.68786E-05 
-7.97268E-06 5.76460E-06 -1.97006E-05 -3.81322E-06 1.30730E-06 -2.69508E-05 -2.66910E-06 -4.54150E-06 -2.63095E-05 
2.98459E-06 8.25430E-07 -8.77759E-06 -3.16477E-06 -2.20750E-06 -2.70813E-05 -3.04668E-06 -8.91840E-07 -2.73023E-05 
-3.02851E-06 2.94200E-07 -2.73157E-05 -3.07323E-06 2.36850E-06 -2.69520E-05 -1.10076E-06 -4.20260E-06 -2.66730E-05 
-2.17901E-06 -3.20250E-06 -2.69828E-05 -1.91178E-06 -1.79240E-06 -2.74057E-05 -2.16029E-06 1.28170E-06 -2.74184E-05 
-1.90856E-06 2.76990E-06 -2.71455E-05 -7.48156E-07 -2.83830E-06 -2.72200E-05 -1.86160E-06 -2.84080E-07 -2.75361E-05 
-9.23046E-07 1.97300E-06 -2.74383E-05 -5.12158E-07 4.52410E-06 -2.66284E-05 3.51569E-07 -3.80140E-06 -2.68004E-05 
6.43570E-06 -5.26150E-06 -1.49068E-05 -5.11362E-06 -6.44540E-06 -2.37012E-05 5.03455E-06 -6.54620E-06 -1.47867E-05 
1.09166E-07 1.89790E-06 -2.74553E-05 2.45171E-06 1.71420E-06 -2.71003E-05 5.58613E-06 6.58230E-06 -2.31405E-05 
1.10739E-06 1.05530E-06 -2.74694E-05 -1.31310E-06 5.26570E-06 -9.28556E-06 1.89443E-06 -2.06720E-06 -2.70817E-05 
5.52954E-06 5.17320E-06 -1.10213E-05 2.23051E-06 2.91650E-07 -2.72331E-05 2.94227E-06 -1.00880E-06 -2.69301E-05 
4.26111E-06 -4.40790E-07 -2.63867E-05 3.48743E-06 6.03240E-07 -2.67789E-05 3.50780E-06 6.43520E-06 -2.47290E-05 
-1.09901E-06 -8.03910E-06 -1.33849E-05 7.17310E-06 -4.96540E-06 -1.64471E-05 -2.81242E-06 9.81160E-06 -1.92714E-05 
-7.88787E-09 9.21600E-06 -1.29398E-05 4.67995E-06 3.10350E-06 7.69526E-06 3.18475E-06 -1.42530E-06 7.06454E-06 
4.10447E-06 4.03170E-07 7.10282E-06 3.98624E-06 1.76830E-06 7.10166E-06 3.09613E-06 2.83250E-06 7.06633E-06 
3.14099E-06 -3.42790E-07 6.90220E-06 2.19173E-06 4.17360E-06 7.12232E-06 -9.35410E-06 6.25760E-07 1.72656E-05 
6.30942E-06 -2.34910E-06 2.36101E-05 1.33080E-06 -2.84340E-06 7.10531E-06 -6.18059E-07 6.54920E-06 7.95165E-06 
6.91142E-07 4.04470E-06 6.94524E-06 -4.92276E-06 5.82130E-06 2.24133E-05 3.58325E-08 -2.20250E-06 6.92390E-06 
-2.11397E-07 -8.16930E-07 6.76212E-06 -3.93402E-09 5.43010E-06 7.28972E-06 -1.45267E-06 -1.43540E-06 6.86962E-06 
1.54023E-06 1.88430E-06 6.76711E-06 -1.08553E-06 2.59880E-06 2.53190E-05 -7.85178E-07 4.28090E-06 6.91403E-06 
-2.59040E-06 -4.21010E-07 6.88499E-06 6.58204E-06 -5.61050E-06 2.13192E-05 -1.77760E-06 2.79700E-06 6.76721E-06 
-2.31448E-06 4.27620E-06 7.10978E-06 -3.25754E-06 3.00360E-06 7.04051E-06 5.12882E-06 -1.29370E-06 7.83001E-06 
5.21257E-06 -1.08180E-07 7.72686E-06 1.62046E-06 2.83990E-07 6.74183E-06 4.51400E-06 5.06700E-06 8.48450E-06 
4.31414E-06 -2.28380E-06 7.66341E-06 3.48129E-06 4.33050E-06 7.53834E-06 -6.33663E-06 -6.96400E-07 9.04396E-06 
1.63203E-06 7.02200E-06 8.61400E-06 1.95770E-06 -4.38140E-06 7.81813E-06 8.48076E-07 6.31740E-06 7.86706E-06 
8.61604E-08 -4.06280E-06 7.53840E-06 -1.34631E-06 -4.50250E-06 7.94140E-06 -1.65478E-06 -3.21360E-06 7.37618E-06 
-2.40263E-06 -4.26900E-06 8.10953E-06 6.63608E-06 -4.29240E-06 1.03673E-05 -2.02181E-06 6.60160E-06 8.20460E-06 
-3.39552E-06 -3.40270E-06 8.02610E-06 -2.89052E-06 -1.97240E-06 7.28712E-06 -3.97798E-06 -8.27270E-07 7.42744E-06 
-3.55380E-06 4.17700E-06 7.44098E-06 -3.08401E-06 5.49150E-06 7.81925E-06 -4.08706E-06 -2.14290E-06 7.84029E-06 
6.36754E-06 5.91670E-06 1.09255E-05 -4.47645E-06 3.28020E-06 7.61564E-06 -4.49710E-06 4.65540E-06 8.07234E-06 
-5.22032E-06 2.22250E-06 7.91112E-06 5.76651E-06 -2.05320E-06 8.39712E-06 6.07001E-06 -7.39630E-07 8.30508E-06 
6.18295E-06 6.00730E-07 8.33450E-06 5.15630E-06 -3.44230E-06 8.56445E-06 5.59518E-06 3.99420E-06 8.70156E-06 
3.01673E-08 1.01610E-05 1.83337E-05 3.20276E-06 -5.25870E-06 8.74359E-06 -8.07499E-06 3.45500E-06 2.03191E-05 
1.92306E-06 -5.67340E-06 8.71261E-06 6.68413E-07 -5.42260E-06 8.38267E-06 2.13373E-07 7.56210E-06 8.83832E-06 
4.60212E-07 8.44690E-06 9.93581E-06 -6.51459E-07 -5.25350E-06 8.32213E-06 -1.16673E-06 7.39480E-06 8.73289E-06 
-3.17471E-06 8.90550E-06 1.13993E-05 -2.37371E-06 7.58170E-06 9.16703E-06 -3.18937E-06 6.65540E-06 8.65286E-06 
9.22070E-06 7.99650E-07 1.98964E-05 -5.16280E-06 -1.43170E-06 8.24393E-06 4.17613E-07 3.19340E-06 2.52525E-05 
-5.69822E-06 3.57110E-06 8.51601E-06 -6.52104E-06 6.60130E-07 8.99209E-06 -6.19741E-06 1.89730E-06 8.63306E-06 
6.87030E-06 -1.32740E-06 9.14733E-06 6.90582E-06 -1.80300E-07 8.98978E-06 7.15888E-06 1.00130E-06 9.23316E-06 
6.50371E-06 -2.95640E-06 9.39579E-06 6.68874E-06 3.75720E-06 9.64740E-06 5.84987E-06 5.12220E-06 9.64332E-06 
5.63903E-06 -4.32350E-06 9.46906E-06 5.01388E-06 6.33390E-06 9.89220E-06 9.59099E-06 -1.41840E-06 1.42126E-05 
3.99769E-06 -5.78370E-06 9.53592E-06 2.69602E-06 -6.48350E-06 9.65576E-06 7.65602E-06 1.26320E-06 2.23643E-05 
1.69190E-06 -7.19050E-06 1.02635E-05 1.12958E-06 -6.47080E-06 9.31139E-06 -5.02785E-07 -6.30600E-06 9.20745E-06 
-1.08172E-06 8.40710E-06 9.83503E-06 -2.71148E-06 8.40320E-06 1.02949E-05 -3.36777E-06 -4.79760E-06 8.95932E-06 
-3.89637E-06 7.31780E-06 9.64349E-06 -4.40901E-06 -4.08870E-06 9.09116E-06 -5.99499E-06 -2.24070E-06 9.31514E-06 
-5.27071E-06 6.44750E-06 9.86135E-06 -6.75004E-06 2.86930E-06 9.36923E-06 -1.94096E-06 1.03350E-05 1.52304E-05 
-7.24259E-06 2.66830E-08 9.88645E-06 -6.78290E-06 7.78770E-06 1.68518E-05 7.81340E-06 -2.88910E-07 1.00092E-05 
7.94890E-06 1.12070E-06 1.02378E-05 7.38316E-06 -3.19960E-06 1.04899E-05 7.64495E-06 -1.91180E-06 1.01825E-05 
2.55877E-06 8.20160E-06 1.02880E-05 6.87583E-06 4.85150E-06 1.05736E-05 6.19037E-06 -7.56570E-06 1.52626E-05 
5.36710E-06 -5.63290E-06 1.03877E-05 -2.50309E-06 -5.37220E-06 2.33564E-05 3.96226E-06 -6.59500E-06 1.04129E-05 
8.18577E-06 -2.68480E-06 1.13145E-05 3.63881E-07 -7.24300E-06 1.02118E-05 1.41191E-06 8.79040E-06 1.06509E-05 
-9.52150E-07 -7.15630E-06 1.03462E-05 -1.97615E-06 -6.55700E-06 9.93728E-06 -3.23295E-06 -5.90420E-06 9.89799E-06 
-4.54097E-06 -5.05600E-06 1.00249E-05 -4.09085E-06 8.22430E-06 1.09432E-05 8.46095E-06 -2.31060E-06 2.11397E-05 
-4.99531E-06 7.36240E-06 1.06168E-05 -6.48565E-06 -2.83180E-06 1.02596E-05 -6.18197E-06 5.65910E-06 1.01595E-05 
-7.86761E-06 8.38690E-07 1.06785E-05 -7.26437E-06 1.57800E-06 9.77372E-06 -7.39330E-06 2.85150E-06 1.01678E-05 
5.64020E-06 3.00420E-06 2.36447E-05 -4.89080E-06 -7.26230E-06 1.47244E-05 8.54583E-06 -1.20160E-06 1.12533E-05 
8.43809E-06 2.07220E-06 1.12726E-05 7.59247E-06 -4.02280E-06 1.13987E-05 7.79411E-06 3.74100E-06 1.10715E-05 
7.33604E-06 5.30260E-06 1.17475E-05 6.72972E-06 -5.31530E-06 1.14796E-05 -1.97240E-06 -5.49420E-06 8.83254E-06 
5.90182E-06 -6.31740E-06 1.17576E-05 -5.05196E-06 7.89780E-06 2.02105E-05 4.64108E-06 -7.11130E-06 1.16393E-05 
4.52030E-06 7.97730E-06 1.15936E-05 6.22328E-06 7.74690E-06 1.43145E-05 3.42170E-06 8.45440E-06 1.13508E-05 
2.33516E-06 8.90420E-06 1.13532E-05 2.56489E-06 5.87820E-06 8.00674E-06 -4.31736E-07 -7.79530E-06 1.11494E-05 
7.67216E-06 5.64830E-06 1.91569E-05 -3.00108E-06 -6.86830E-06 1.09859E-05 -7.41665E-06 -4.08380E-06 1.32864E-05 
-4.33068E-06 -6.14190E-06 1.11491E-05 -5.67168E-06 -5.05760E-06 1.13293E-05 -5.26490E-06 7.85530E-06 1.15946E-05 
-6.36860E-06 -3.77850E-06 1.08991E-05 -6.22986E-06 6.68110E-06 1.12013E-05 -6.54036E-06 8.07970E-06 1.52991E-05 
-7.11567E-06 -2.90910E-06 1.12091E-05 -7.12636E-06 -1.64990E-06 1.03548E-05 -7.98153E-06 -3.87170E-07 1.11527E-05 
-7.14662E-06 5.21310E-06 1.10810E-05 -8.48540E-06 8.07120E-07 1.18135E-05 -8.13130E-06 2.15230E-06 1.11722E-05 
-7.71208E-06 3.77090E-06 1.10271E-05 8.96281E-06 -2.07100E-06 1.25993E-05 9.22031E-06 -3.99020E-07 1.25979E-05 
9.15081E-06 1.32560E-06 1.26112E-05 8.41267E-06 -3.64430E-06 1.25335E-05 8.75864E-06 3.02450E-06 1.25259E-05 
8.19731E-06 4.50520E-06 1.26805E-05 6.82939E-06 -6.08490E-06 1.26916E-05 7.70195E-06 -4.94430E-06 1.25874E-05 
7.65690E-06 5.61520E-06 1.29492E-05 6.62006E-06 6.72160E-06 1.24995E-05 5.42518E-06 7.82270E-06 1.25585E-05 
4.76004E-06 -7.80590E-06 1.30293E-05 5.72620E-06 -7.09100E-06 1.27808E-05 3.59696E-06 -8.14910E-06 1.26759E-05 
2.89938E-06 9.22270E-06 1.24913E-05 2.28092E-06 -8.35000E-06 1.23705E-05 9.19490E-07 -8.70320E-06 1.98177E-05 
1.34961E-06 9.55860E-06 1.21713E-05 -1.44041E-07 -8.37180E-06 1.22477E-05 -4.27002E-07 9.84640E-06 1.24084E-05 
-1.69080E-06 9.90090E-06 1.28148E-05 -1.37844E-06 -8.12240E-06 1.21480E-05 -2.71297E-06 -7.67620E-06 1.22057E-05 
-2.86849E-06 9.52770E-06 1.25072E-05 -3.79988E-06 -7.09650E-06 1.21671E-05 -5.38038E-06 8.35050E-06 1.27040E-05 
-6.83169E-06 -4.09760E-06 1.19969E-05 -6.34609E-06 7.46760E-06 1.25984E-05 -7.54793E-06 -3.12450E-06 1.23036E-05 
-7.97210E-06 -1.82380E-06 1.19228E-05 -7.39214E-06 6.22450E-06 1.26475E-05 -8.57305E-06 -4.60990E-07 1.24238E-05 
-8.81556E-06 1.94350E-06 1.26806E-05 -8.50894E-06 3.27530E-06 1.23128E-05 -8.03604E-06 4.67600E-06 1.22694E-05 
4.56571E-06 -4.78540E-06 9.03814E-06 9.11638E-06 -3.10830E-06 1.38751E-05 9.66247E-06 5.28950E-07 1.41053E-05 
9.41670E-06 2.26780E-06 1.40946E-05 8.47502E-06 -4.53210E-06 1.38569E-05 8.89276E-06 3.86150E-06 1.40036E-05 
8.23317E-06 5.20600E-06 1.39860E-05 7.62418E-06 -5.81770E-06 1.39004E-05 7.41586E-06 6.39400E-06 1.40351E-05 
5.44965E-06 -7.79890E-06 1.40468E-05 6.57648E-06 -6.91360E-06 1.39482E-05 5.00370E-06 8.50310E-06 1.36736E-05 
4.17037E-06 -8.48820E-06 1.42388E-05 3.79070E-06 9.24620E-06 1.38302E-05 2.58701E-06 -8.81120E-06 1.37888E-05 
2.05315E-06 9.94540E-06 1.39503E-05 9.87157E-07 -8.79690E-06 1.32323E-05 5.79079E-07 1.01040E-05 1.34154E-05 
-7.57683E-07 -8.71380E-06 1.33732E-05 -2.12463E-06 -8.37720E-06 1.34384E-05 -3.66512E-06 -7.74690E-06 1.36317E-05 
-3.82748E-06 9.46780E-06 1.32984E-05 -2.18955E-06 -6.60170E-06 2.23577E-05 -4.90458E-06 8.99490E-06 1.35717E-05 
4.23557E-06 -8.99950E-07 7.34580E-06 -6.00082E-06 8.29810E-06 1.39004E-05 -8.11658E-06 -2.81070E-06 1.33495E-05 
-7.07203E-06 7.30580E-06 1.40539E-05 -8.60334E-06 -1.60920E-06 1.34145E-05 -8.96013E-06 -4.59790E-07 1.36429E-05 
-8.98369E-06 6.45690E-07 1.31741E-05 -8.65164E-06 4.19260E-06 1.34823E-05 -8.20994E-06 5.26550E-06 1.34499E-05 
-9.03262E-07 1.02940E-05 1.40245E-05 9.93346E-06 -2.24440E-07 1.57264E-05 9.80267E-06 1.41280E-06 1.56608E-05 
9.03245E-06 -4.00850E-06 1.51093E-05 9.50260E-06 -2.73060E-06 1.51620E-05 9.33190E-06 3.34600E-06 1.58410E-05 
8.31217E-06 -5.32090E-06 1.52107E-05 8.69623E-06 4.69990E-06 1.51698E-05 2.96715E-06 -7.52700E-06 1.11696E-05 
8.08555E-06 5.79450E-06 1.53162E-05 7.25180E-06 6.88640E-06 1.52631E-05 5.12093E-06 -8.25340E-06 1.52193E-05 
4.90172E-06 8.86240E-06 1.50095E-05 3.33602E-06 9.69470E-06 1.54978E-05 2.80520E-06 -9.07340E-06 1.53833E-05 
1.79301E-06 1.02260E-05 1.58552E-05 1.48692E-06 -9.19270E-06 1.49699E-05 -1.03750E-08 -9.11810E-06 1.47081E-05 
6.17435E-07 1.03660E-05 1.48022E-05 -1.43575E-06 -8.88940E-06 1.47804E-05 -1.64403E-06 9.30120E-06 1.13895E-05 
-2.64908E-06 -8.48000E-06 1.47430E-05 -4.15535E-06 9.61030E-06 1.45955E-05 -5.34324E-06 8.98850E-06 1.49728E-05 
9.10280E-06 3.66880E-06 1.76822E-05 -7.98621E-06 -3.74090E-06 1.46792E-05 -9.05796E-06 -1.08920E-06 1.47396E-05 
-9.27121E-06 2.86700E-07 1.45937E-05 7.02798E-06 -1.39850E-06 2.31939E-05 -9.24652E-06 1.64530E-06 1.41904E-05 
-9.00439E-06 3.83610E-06 1.47068E-05 -8.64334E-06 4.93490E-06 1.46745E-05 -2.64728E-06 1.00310E-05 1.40208E-05 
9.43033E-06 -3.32040E-06 1.63346E-05 9.77857E-06 -1.85910E-06 1.60072E-05 8.85786E-06 -4.60550E-06 1.64354E-05 
-5.53551E-06 -3.80390E-06 9.87962E-06 9.89863E-06 5.29450E-07 1.70965E-05 7.36107E-06 -6.53860E-06 1.53289E-05 
6.70750E-06 7.51280E-06 1.58523E-05 5.39065E-06 -8.20040E-06 1.64756E-05 5.74583E-06 8.35370E-06 1.61041E-05 
4.19941E-06 -8.72210E-06 1.58744E-05 3.14854E-06 -9.05970E-06 1.66114E-05 -3.90127E-06 2.19410E-06 2.45433E-05 
6.05406E-07 1.04460E-05 1.61521E-05 5.90570E-07 -9.30440E-06 1.59508E-05 -7.07876E-07 -9.16300E-06 1.61292E-05 
-5.93678E-07 1.04950E-05 1.55860E-05 -3.64585E-06 -8.13290E-06 1.54956E-05 -3.25136E-06 1.00460E-05 1.59039E-05 
-2.91646E-06 7.68290E-06 2.19671E-05 -4.56148E-06 9.47840E-06 1.58298E-05 3.93815E-07 8.57030E-07 6.76889E-06 
6.24962E-06 2.37660E-06 8.64887E-06 -7.55896E-06 7.00360E-06 1.55994E-05 -7.95854E-06 6.15900E-06 1.43283E-05 
-9.33215E-06 -2.79460E-07 1.59835E-05 -9.45626E-06 1.27340E-06 1.57984E-05 -9.31054E-06 2.71150E-06 1.53333E-05 
-9.00159E-06 4.14800E-06 1.60709E-05 -8.38902E-06 5.67280E-06 1.58303E-05 9.62938E-06 -2.47620E-06 1.75028E-05 
9.88813E-06 -9.87940E-07 1.72538E-05 -2.66331E-06 -8.43130E-06 1.81676E-05 9.16389E-06 -3.82730E-06 1.76778E-05 
4.10925E-06 -1.08600E-07 2.50752E-05 8.55254E-06 5.05310E-06 1.67287E-05 7.51456E-06 2.35940E-06 9.97933E-06 
8.43464E-06 -5.15380E-06 1.78327E-05 6.79406E-06 -7.17920E-06 1.66401E-05 -2.80113E-06 -4.05810E-06 2.41114E-05 
6.53696E-06 7.60410E-06 1.71113E-05 4.92394E-06 -8.35210E-06 1.78232E-05 5.37081E-06 8.46120E-06 1.75509E-05 
4.11207E-06 -8.75570E-06 1.71921E-05 4.12038E-06 9.06490E-06 1.81834E-05 1.74020E-06 -9.28300E-06 1.68117E-05 
1.17458E-06 1.02540E-05 1.73439E-05 2.42896E-07 -9.26100E-06 1.70334E-05 -2.03060E-07 1.04370E-05 1.70645E-05 
-1.03095E-06 -9.00430E-06 1.77033E-05 -2.30478E-06 -8.76440E-06 1.63623E-05 -1.69866E-06 1.03710E-05 1.66072E-05 
-3.52384E-06 -8.21140E-06 1.69272E-05 -4.63074E-06 -7.58270E-06 1.64465E-05 -5.76215E-06 -6.72480E-06 1.60202E-05 
-5.66941E-06 8.79620E-06 1.63530E-05 -6.80688E-06 -5.67090E-06 1.59540E-05 -7.70750E-06 -4.46530E-06 1.60537E-05 
-8.44411E-06 -3.15030E-06 1.60726E-05 -7.86110E-06 6.39660E-06 1.72256E-05 -4.37325E-06 9.41760E-06 1.73825E-05 
-8.96167E-06 -1.80310E-06 1.60508E-05 -9.29079E-06 2.44730E-06 1.71117E-05 -8.54304E-06 5.15880E-06 1.71002E-05 
9.63545E-06 -1.51040E-06 1.85871E-05 9.72168E-06 -1.04300E-07 1.84960E-05 9.64936E-06 1.14030E-06 1.83604E-05 
8.66558E-06 -4.28070E-06 1.89875E-05 9.27485E-06 -2.92560E-06 1.87956E-05 3.74314E-06 6.46590E-06 9.08886E-06 
8.39770E-06 4.90890E-06 1.82517E-05 6.06746E-06 -7.65220E-06 1.79572E-05 7.31991E-06 -6.48980E-06 1.81780E-05 
-8.59043E-06 -2.46290E-06 1.47124E-05 7.13873E-06 6.75350E-06 1.81227E-05 6.03489E-06 7.70120E-06 1.85344E-05 
4.96575E-06 8.37660E-06 1.88093E-05 2.99092E-06 -9.02760E-06 1.76696E-05 6.02830E-07 -9.16400E-06 1.81296E-05 
-2.76356E-06 9.99420E-06 1.76658E-05 -4.32750E-06 -7.62680E-06 1.80495E-05 -4.29097E-06 6.01040E-06 8.75988E-06 
-5.36802E-06 -6.99050E-06 1.72697E-05 -6.26954E-06 -6.18100E-06 1.73292E-05 -8.24019E-06 5.28320E-06 1.82961E-05 
-7.20607E-06 -5.07580E-06 1.74426E-05 -7.99766E-06 -3.82310E-06 1.74830E-05 -8.65870E-06 -2.45020E-06 1.74639E-05 
-9.11693E-06 -9.18450E-07 1.73909E-05 -5.79517E-06 8.44380E-06 1.78511E-05 -8.83719E-06 3.96740E-06 1.79190E-05 
9.41130E-06 -7.27600E-07 1.95559E-05 5.15477E-06 1.35930E-06 7.65419E-06 8.68200E-06 -3.38710E-06 2.00417E-05 
-6.06188E-06 -6.19910E-06 1.44227E-05 5.81940E-06 4.38910E-06 2.28055E-05 7.94079E-06 -5.40480E-06 1.90692E-05 
8.51767E-06 3.98180E-06 1.94006E-05 7.12405E-06 -6.02310E-06 1.98612E-05 6.55455E-06 6.77940E-06 1.95331E-05 
6.22331E-06 -7.11300E-06 1.93825E-05 5.03205E-06 -8.03190E-06 1.89737E-05 5.23826E-06 7.70730E-06 1.99455E-05 
-6.84725E-07 -2.44410E-06 2.53490E-05 -4.14624E-06 1.87080E-06 7.26014E-06 3.73906E-06 -3.87240E-06 8.05667E-06 
2.87996E-06 9.31140E-06 1.91537E-05 1.46821E-06 9.86170E-06 1.87121E-05 -3.29397E-07 -8.86780E-06 1.90186E-05 
-9.62607E-07 9.88250E-06 1.91225E-05 -1.44856E-06 -8.59360E-06 1.90816E-05 -2.16262E-06 9.74520E-06 1.90536E-05 
6.54465E-06 -3.57700E-06 2.29229E-05 -3.49017E-06 -7.76450E-06 1.92554E-05 -3.54890E-06 9.39490E-06 1.88281E-05 
-4.55664E-06 -7.02540E-06 1.95023E-05 -4.78184E-06 8.75370E-06 1.89081E-05 -5.52211E-06 -6.63360E-06 1.84990E-05 
-6.47743E-06 -5.58330E-06 1.87378E-05 5.67243E-06 -4.95750E-06 2.27533E-05 -5.78467E-06 7.98130E-06 1.90892E-05 
-7.36392E-06 -4.37640E-06 1.88280E-05 -8.12399E-06 -3.02040E-06 1.87794E-05 -8.01933E-06 -2.28790E-06 1.98427E-05 
4.40941E-06 9.17930E-06 1.66344E-05 -7.60643E-06 6.17740E-06 1.86694E-05 -8.67659E-06 -1.42040E-06 1.88302E-05 
-9.07639E-06 1.30270E-08 1.83989E-05 -9.07616E-06 1.25240E-06 1.85931E-05 -8.79299E-06 2.73450E-06 1.90602E-05 
-6.82262E-06 7.29150E-06 1.84736E-05 8.96993E-06 -8.13150E-07 2.05961E-05 9.64896E-06 2.10310E-06 1.72517E-05 
9.16309E-06 -1.99420E-06 1.98354E-05 8.71246E-06 2.44590E-06 2.02899E-05 7.85402E-06 -4.77050E-06 2.02990E-05 
7.92359E-06 3.58720E-06 2.09458E-05 7.69070E-06 4.76940E-06 2.02592E-05 6.83668E-06 5.77950E-06 2.05116E-05 
6.12850E-06 -6.53530E-06 2.06419E-05 5.98208E-06 6.60990E-06 2.06428E-05 4.95282E-06 7.00620E-06 2.12483E-05 
3.96633E-06 -8.23980E-06 1.97179E-05 3.97570E-06 7.92980E-06 2.08650E-05 2.67706E-06 -8.59390E-06 1.97029E-05 
2.84987E-06 8.65930E-06 2.05425E-05 1.64226E-06 8.31110E-06 2.15790E-05 -6.29138E-07 7.79860E-06 2.23892E-05 
1.49174E-06 9.22310E-06 2.02559E-05 2.08748E-06 7.28450E-06 2.26121E-05 7.99391E-08 9.65920E-06 1.97523E-05 
-7.28853E-07 -8.38580E-06 2.01703E-05 -1.52015E-06 9.24940E-06 2.03378E-05 -2.31429E-06 -8.05210E-06 1.99469E-05 
-2.95320E-06 9.05230E-06 2.00737E-05 -3.51516E-06 -7.28200E-06 2.03692E-05 -4.02064E-06 8.73560E-06 1.98182E-05 
-4.48947E-06 -6.46680E-06 2.06734E-05 -5.55519E-06 -6.04390E-06 1.98387E-05 -6.42596E-06 -4.79750E-06 2.02296E-05 
-7.08294E-06 6.31660E-06 1.96503E-05 -6.17350E-06 7.13690E-06 1.99342E-05 -7.40500E-06 -3.44340E-06 2.00533E-05 
-7.77243E-06 4.51460E-06 2.02166E-05 -7.77095E-06 5.35890E-06 1.94752E-05 -8.68730E-06 1.61790E-07 1.96583E-05 
-8.66852E-06 1.45650E-06 1.97280E-05 -8.27509E-06 2.23660E-06 2.04101E-05 8.37586E-06 -1.00000E-06 2.16220E-05 
8.54939E-06 2.37860E-07 2.13779E-05 8.51859E-06 1.45940E-06 2.11167E-05 8.02956E-06 -3.61870E-06 2.10916E-05 
1.39016E-06 8.01610E-06 9.56023E-06 7.96231E-06 -5.92550E-06 1.66191E-05 8.05377E-06 2.39470E-06 2.14556E-05 
7.13088E-06 -4.42630E-06 2.17516E-05 -6.80677E-06 2.45700E-08 2.25727E-05 6.89855E-06 4.58220E-06 2.15764E-05 
5.84173E-06 5.74520E-06 2.17476E-05 4.51964E-06 6.33840E-06 2.22918E-05 3.33000E-06 -8.00580E-06 2.06703E-05 
3.89519E-06 -7.32710E-06 2.14915E-05 3.95191E-06 7.24510E-06 2.17527E-05 2.90737E-06 7.79220E-06 2.17012E-05 
1.91542E-06 -8.11600E-06 2.09831E-05 -7.31202E-06 -2.25870E-06 2.11242E-05 3.19227E-07 -7.95350E-06 2.13236E-05 
-1.36507E-06 -7.66070E-06 2.12788E-05 -2.59343E-06 -7.32950E-06 2.11178E-05 -2.55282E-06 8.60120E-06 2.09922E-05 
-3.45819E-06 -6.64380E-06 2.14999E-05 -3.72131E-06 8.24280E-06 2.08483E-05 -4.32188E-06 -5.93100E-06 2.16108E-05 
7.32875E-07 7.64800E-06 2.25398E-05 -5.25740E-06 -5.52550E-06 2.10648E-05 -5.71783E-06 -4.59850E-06 2.14990E-05 
-6.55936E-06 -3.65290E-06 2.12615E-05 -7.14637E-06 5.34820E-06 2.05726E-05 -6.44483E-06 6.19310E-06 2.06351E-05 
-8.15133E-06 -1.15770E-06 2.03534E-05 -8.13695E-06 -5.10770E-08 2.07552E-05 -8.26634E-06 9.71070E-07 2.06066E-05 
-2.50002E-06 3.17660E-06 2.48644E-05 -7.28379E-06 4.20070E-06 2.12182E-05 7.56518E-06 -3.10020E-06 2.21030E-05 
7.77907E-06 -1.79050E-06 2.23276E-05 7.80656E-06 -4.15840E-07 2.24546E-05 7.08162E-06 -2.47520E-06 2.28786E-05 
3.58558E-06 -6.69820E-06 2.24463E-05 6.97206E-06 3.03080E-06 2.24685E-05 3.62247E-06 -3.62150E-06 2.45989E-05 
-1.08131E-06 -6.99280E-07 2.55593E-05 2.77837E-06 -2.60200E-06 7.26321E-06 7.59889E-06 6.52900E-06 1.66419E-05 
4.88485E-06 5.33960E-06 2.28309E-05 3.74070E-06 5.66340E-06 2.32992E-05 3.30762E-06 6.80830E-06 2.25777E-05 
2.74160E-06 -7.48550E-06 2.17834E-05 1.55652E-06 -7.44870E-06 2.20573E-05 -5.22426E-06 4.92440E-07 7.91517E-06 
-7.09673E-08 2.61760E-06 6.77951E-06 -6.95485E-07 -7.10730E-06 2.22908E-05 -1.55913E-06 8.26040E-06 2.17493E-05 
4.24421E-08 8.72370E-06 2.13310E-05 -5.35653E-06 -2.57150E-06 2.32187E-05 -9.02478E-06 2.96050E-06 1.37377E-05 
-3.55000E-06 -5.77440E-06 2.24213E-05 -4.76427E-06 -4.88960E-06 2.22618E-05 -4.39831E-06 7.18460E-06 2.16102E-05 
-5.65913E-06 -3.79570E-06 2.22535E-05 -1.24272E-06 8.58330E-07 6.76286E-06 -6.37777E-06 -2.76340E-06 2.20904E-05 
-8.34124E-06 4.26210E-06 1.92071E-05 -7.52199E-06 -7.48990E-07 2.15351E-05 -1.80513E-06 -7.40200E-06 1.10485E-05 
-6.27934E-06 5.21760E-06 2.17216E-05 -7.70444E-06 5.68160E-07 2.15247E-05 -7.83959E-06 1.59560E-06 2.12859E-05 
-7.55578E-06 2.79490E-06 2.14168E-05 6.88051E-06 5.95690E-08 2.33739E-05 2.69186E-06 7.19430E-06 9.19604E-06 
4.49271E-07 5.22010E-07 2.57298E-05 3.95034E-06 7.45680E-06 1.02614E-05 6.21889E-06 1.51780E-06 2.36840E-05 
4.41538E-06 -5.79240E-06 2.28875E-05 4.35831E-06 4.40750E-06 2.37741E-05 -5.05295E-06 3.38140E-06 2.36315E-05 
2.15966E-06 -6.76310E-06 2.28058E-05 2.35800E-06 6.22150E-06 2.34301E-05 8.61722E-06 3.38570E-07 1.12375E-05 
6.16167E-07 -6.86180E-06 2.27959E-05 1.25649E-06 -5.67320E-06 2.38579E-05 1.03055E-06 6.51990E-06 2.34798E-05 
-7.46419E-07 -6.01960E-06 2.34267E-05 5.23502E-06 -3.64760E-06 2.38407E-05 -4.24127E-06 8.87100E-06 1.22421E-05 
-2.63714E-07 6.75480E-06 2.33645E-05 -1.88421E-06 7.01250E-06 2.29407E-05 9.26908E-06 2.40060E-06 1.88435E-05 
-1.54609E-06 5.49590E-06 7.41290E-06 4.01725E-06 8.60430E-06 1.96236E-05 -4.79520E-06 -3.87890E-06 2.29841E-05 
1.70426E-06 -1.30270E-06 6.71745E-06 -6.56353E-06 -1.52220E-06 2.24471E-05 -6.06520E-06 2.27030E-06 2.31309E-05 
-6.46959E-06 3.48500E-06 2.24474E-05 -5.43478E-06 4.58460E-06 2.28347E-05 4.28219E-06 8.55150E-06 1.25153E-05 
-7.04041E-06 1.68980E-06 2.23264E-05 6.12210E-06 -1.04290E-06 2.39828E-05 5.04792E-07 -1.19120E-06 2.56557E-05 
5.92979E-06 1.77030E-07 2.41001E-05 3.81951E-06 -8.66900E-06 1.85581E-05 5.32335E-06 -2.00730E-06 2.43541E-05 
5.17831E-06 -6.15200E-07 2.45992E-05 5.08939E-06 6.95750E-07 2.45581E-05 4.99212E-06 1.84690E-06 2.44066E-05 
5.41549E-06 7.09950E-06 1.12256E-05 4.22613E-06 -4.77640E-06 2.37424E-05 4.22016E-06 2.81040E-06 2.45067E-05 
-6.71413E-06 4.22570E-06 9.82816E-06 3.11854E-06 -5.80010E-06 2.34506E-05 3.04447E-06 3.61710E-06 2.46748E-05 
2.81144E-06 4.94200E-06 2.41273E-05 -4.82657E-06 -2.86140E-06 8.62160E-06 1.68641E-06 4.10910E-06 2.48135E-05 
4.85787E-06 -7.50300E-06 2.04515E-05 1.41429E-06 5.38560E-06 2.42016E-05 -5.66198E-08 -4.92300E-06 2.43293E-05 
3.82817E-08 5.56190E-06 2.41986E-05 -1.37122E-06 -4.63670E-06 2.42664E-05 -9.13607E-07 4.27000E-06 2.48057E-05 
-1.34188E-06 5.74320E-06 2.40003E-05 -1.69067E-06 -3.33970E-06 2.48226E-05 -2.52289E-06 4.74060E-06 2.42642E-05 
2.09288E-06 -9.02260E-06 1.85548E-05 -2.92219E-06 -2.63430E-06 2.46585E-05 -3.61592E-06 3.75200E-06 2.42661E-05 
-2.67709E-06 5.81180E-06 2.36024E-05 -4.05912E-06 -3.30630E-06 2.38143E-05 -4.25266E-06 -1.86110E-06 2.42418E-05 
-4.77487E-06 7.67080E-07 2.42186E-05 -4.03388E-06 4.97670E-06 2.35240E-05 -1.29691E-06 1.02060E-05 1.79852E-05 
-5.51189E-06 -6.95720E-07 2.36075E-05 -5.18214E-06 1.98850E-06 2.38382E-05 -3.78044E-06 -4.58510E-06 2.32637E-05 
-5.97595E-06 9.62130E-07 2.33632E-05 4.31947E-06 -2.65660E-06 2.46513E-05 4.23650E-06 -1.40350E-06 2.49786E-05 
7.97268E-06 5.76460E-06 1.78006E-05 3.81322E-06 1.30730E-06 2.50508E-05 2.66910E-06 -4.54150E-06 2.44095E-05 
-2.98459E-06 8.25430E-07 6.87759E-06 3.16477E-06 -2.20750E-06 2.51813E-05 3.04668E-06 -8.91840E-07 2.54023E-05 
3.02851E-06 2.94200E-07 2.54157E-05 3.07323E-06 2.36850E-06 2.50520E-05 1.10076E-06 -4.20260E-06 2.47730E-05 
2.17901E-06 -3.20250E-06 2.50828E-05 1.91178E-06 -1.79240E-06 2.55058E-05 2.16029E-06 1.28170E-06 2.55184E-05 
1.90856E-06 2.76990E-06 2.52455E-05 7.48156E-07 -2.83830E-06 2.53200E-05 1.86160E-06 -2.84080E-07 2.56361E-05 
9.23046E-07 1.97300E-06 2.55383E-05 5.12158E-07 4.52410E-06 2.47284E-05 -3.51569E-07 -3.80140E-06 2.49004E-05 
-6.43570E-06 -5.26150E-06 1.30068E-05 5.11362E-06 -6.44540E-06 2.18012E-05 -5.03455E-06 -6.54620E-06 1.28867E-05 
-1.09166E-07 1.89790E-06 2.55553E-05 -2.45171E-06 1.71420E-06 2.52003E-05 -5.58613E-06 6.58230E-06 2.12405E-05 
-1.10739E-06 1.05530E-06 2.55694E-05 1.31310E-06 5.26570E-06 7.38556E-06 -1.89443E-06 -2.06720E-06 2.51817E-05 
-5.52954E-06 5.17320E-06 9.12127E-06 -2.23051E-06 2.91650E-07 2.53331E-05 -2.94227E-06 -1.00880E-06 2.50301E-05 
-4.26111E-06 -4.40790E-07 2.44867E-05 -3.48743E-06 6.03240E-07 2.48789E-05 -3.50780E-06 6.43520E-06 2.28290E-05 
1.09901E-06 -8.03910E-06 1.14849E-05 -7.17310E-06 -4.96540E-06 1.45471E-05 2.81242E-06 9.81160E-06 1.73714E-05 
7.88787E-09 9.21600E-06 1.10398E-05 1.43200E-05 9.50474E-06 -2.21035E-05 1.58153E-05 1.01355E-05 -1.75747E-05 
1.48955E-05 1.00972E-05 -1.94032E-05 1.50138E-05 1.00983E-05 -2.07683E-05 1.59039E-05 1.01337E-05 -2.18325E-05 
1.58590E-05 1.02978E-05 -1.86572E-05 1.68083E-05 1.00777E-05 -2.31736E-05 2.83541E-05 -6.56007E-08 -1.96258E-05 
1.26906E-05 -6.41010E-06 -1.66509E-05 1.76692E-05 1.00947E-05 -1.61566E-05 1.96181E-05 9.24835E-06 -2.55492E-05 
1.83089E-05 1.02548E-05 -2.30447E-05 2.39228E-05 -5.21330E-06 -2.48213E-05 1.89642E-05 1.02761E-05 -1.67975E-05 
1.92114E-05 1.04379E-05 -1.81831E-05 1.90039E-05 9.91028E-06 -2.44301E-05 2.04527E-05 1.03304E-05 -1.75646E-05 
1.74598E-05 1.04329E-05 -2.08843E-05 2.00855E-05 -8.11900E-06 -2.15988E-05 1.97852E-05 1.02860E-05 -2.32809E-05 
2.15904E-05 1.03150E-05 -1.85790E-05 1.24180E-05 -4.11920E-06 -1.33895E-05 2.07776E-05 1.04328E-05 -2.17970E-05 
2.13145E-05 1.00902E-05 -2.32762E-05 2.22575E-05 1.01595E-05 -2.20036E-05 1.38712E-05 9.36998E-06 -1.77063E-05 
1.37874E-05 9.47315E-06 -1.88918E-05 1.73795E-05 1.04582E-05 -1.92840E-05 1.44860E-05 8.71550E-06 -2.40670E-05 
1.46859E-05 9.53659E-06 -1.67162E-05 1.55187E-05 9.66166E-06 -2.33305E-05 2.53366E-05 8.15604E-06 -1.83036E-05 
1.73680E-05 8.58600E-06 -2.60220E-05 1.70423E-05 9.38187E-06 -1.46186E-05 1.81519E-05 9.33294E-06 -2.53174E-05 
1.89138E-05 9.66160E-06 -1.49372E-05 2.03463E-05 9.25860E-06 -1.44975E-05 2.06548E-05 9.82382E-06 -1.57864E-05 
2.14026E-05 9.09047E-06 -1.47310E-05 1.23639E-05 6.83270E-06 -1.47076E-05 2.10218E-05 8.99540E-06 -2.56016E-05 
2.23955E-05 9.17390E-06 -1.55973E-05 2.18905E-05 9.91288E-06 -1.70276E-05 2.29780E-05 9.77256E-06 -1.81727E-05 
2.25538E-05 9.75902E-06 -2.31770E-05 2.20840E-05 9.38076E-06 -2.44915E-05 2.30871E-05 9.35971E-06 -1.68571E-05 
1.26325E-05 6.27450E-06 -2.49167E-05 2.34765E-05 9.58436E-06 -2.22802E-05 2.34971E-05 9.12766E-06 -2.36554E-05 
2.42203E-05 9.28889E-06 -2.12225E-05 1.32335E-05 8.80288E-06 -1.69468E-05 1.29300E-05 8.89492E-06 -1.82604E-05 
1.28170E-05 8.86550E-06 -1.96007E-05 1.38437E-05 8.63555E-06 -1.55577E-05 1.34048E-05 8.49844E-06 -2.29942E-05 
1.89698E-05 -1.13370E-06 -2.91610E-05 1.57972E-05 8.45641E-06 -1.37413E-05 2.70750E-05 -3.11910E-06 -2.24550E-05 
1.70769E-05 8.48739E-06 -1.33266E-05 1.83316E-05 8.81733E-06 -1.35774E-05 1.87866E-05 8.36168E-06 -2.65621E-05 
1.85398E-05 7.26420E-06 -2.74469E-05 1.96515E-05 8.87787E-06 -1.37465E-05 2.01667E-05 8.46711E-06 -2.63948E-05 
2.21747E-05 5.80070E-06 -2.79055E-05 2.13737E-05 8.03296E-06 -2.65817E-05 2.21894E-05 8.54714E-06 -2.56554E-05 
9.77930E-06 -2.69640E-06 -1.97997E-05 2.41628E-05 8.95606E-06 -1.75683E-05 1.85824E-05 -8.05250E-06 -2.21934E-05 
2.46982E-05 8.68398E-06 -2.25711E-05 2.55210E-05 8.20791E-06 -1.96601E-05 2.51974E-05 8.56694E-06 -2.08973E-05 
1.21297E-05 8.05267E-06 -1.76726E-05 1.20942E-05 8.21022E-06 -1.88197E-05 1.18411E-05 7.96680E-06 -2.00013E-05 
1.24963E-05 7.80420E-06 -1.60436E-05 1.23113E-05 7.55260E-06 -2.27572E-05 1.31501E-05 7.55670E-06 -2.41222E-05 
1.33610E-05 7.73090E-06 -1.46765E-05 1.39861E-05 7.30780E-06 -2.53339E-05 9.40901E-06 2.98740E-06 -1.75816E-05 
1.50023E-05 7.66410E-06 -1.32163E-05 1.63040E-05 7.54420E-06 -1.25165E-05 1.13440E-05 -5.16430E-06 -2.02632E-05 
1.73081E-05 6.93650E-06 -1.18095E-05 1.78704E-05 7.88860E-06 -1.25292E-05 1.95028E-05 7.99250E-06 -1.26940E-05 
2.00817E-05 7.36500E-06 -2.74071E-05 2.17115E-05 6.90510E-06 -2.74032E-05 2.23678E-05 8.24068E-06 -1.42024E-05 
2.28964E-05 7.55650E-06 -2.63178E-05 2.34090E-05 8.10884E-06 -1.49113E-05 2.49950E-05 7.88490E-06 -1.67593E-05 
2.42707E-05 7.33860E-06 -2.54475E-05 2.57500E-05 7.83080E-06 -2.18693E-05 2.09410E-05 1.96960E-06 -2.93350E-05 
2.62426E-05 7.31350E-06 -1.90267E-05 2.57829E-05 3.48199E-07 -2.67877E-05 1.11866E-05 7.19080E-06 -1.87111E-05 
1.10511E-05 6.96220E-06 -2.01207E-05 1.16168E-05 6.71010E-06 -1.58004E-05 1.13551E-05 7.01750E-06 -1.70882E-05 
1.64412E-05 6.91200E-06 -2.72016E-05 1.21242E-05 6.62640E-06 -2.38515E-05 1.28096E-05 1.93740E-06 -1.14343E-05 
1.36329E-05 6.81230E-06 -1.33671E-05 2.15031E-05 -6.15640E-06 -1.36278E-05 1.50377E-05 6.78710E-06 -1.24050E-05 
1.08142E-05 5.88550E-06 -1.63152E-05 1.86361E-05 6.98820E-06 -1.17570E-05 1.75881E-05 6.54910E-06 -2.77904E-05 
1.99521E-05 6.85380E-06 -1.18437E-05 2.09761E-05 7.26270E-06 -1.24430E-05 2.22329E-05 7.30200E-06 -1.30958E-05 
2.35410E-05 7.17510E-06 -1.39440E-05 2.30908E-05 6.25680E-06 -2.72243E-05 1.05390E-05 -3.93970E-06 -1.66894E-05 
2.39953E-05 6.58320E-06 -2.63624E-05 2.54856E-05 6.94040E-06 -1.61682E-05 2.51820E-05 7.04050E-06 -2.46591E-05 
2.68676E-05 6.52150E-06 -1.98387E-05 2.62644E-05 7.42630E-06 -2.05780E-05 2.63933E-05 7.03220E-06 -2.18515E-05 
1.33598E-05 -6.44470E-06 -2.20042E-05 2.38908E-05 2.47560E-06 -1.17377E-05 1.04542E-05 5.94670E-06 -1.77984E-05 
1.05619E-05 5.92740E-06 -2.10722E-05 1.14075E-05 5.80130E-06 -1.49772E-05 1.12059E-05 6.12850E-06 -2.27410E-05 
1.16640E-05 5.45250E-06 -2.43026E-05 1.22703E-05 5.72040E-06 -1.36847E-05 2.09724E-05 8.36746E-06 -1.35058E-05 
1.30982E-05 5.44240E-06 -1.26826E-05 2.40520E-05 -3.01050E-06 -2.68978E-05 1.43589E-05 5.56070E-06 -1.18887E-05 
1.44797E-05 5.60640E-06 -2.69773E-05 1.27767E-05 2.88550E-06 -2.67469E-05 1.55783E-05 5.84920E-06 -2.74544E-05 
1.66648E-05 5.84680E-06 -2.79042E-05 1.64351E-05 9.19326E-06 -2.48782E-05 1.94317E-05 6.05060E-06 -1.12047E-05 
1.13278E-05 -1.95690E-06 -2.46483E-05 2.20011E-05 6.21410E-06 -1.21317E-05 2.64167E-05 3.91360E-06 -1.49162E-05 
2.33307E-05 6.05090E-06 -1.28581E-05 2.46717E-05 5.87070E-06 -1.39424E-05 2.42649E-05 5.60540E-06 -2.68553E-05 
2.53686E-05 6.30090E-06 -1.52215E-05 2.52299E-05 5.99870E-06 -2.56811E-05 2.55404E-05 1.90090E-06 -2.70797E-05 
2.61157E-05 5.99090E-06 -1.60909E-05 2.61264E-05 6.84520E-06 -1.73501E-05 2.69815E-05 6.04730E-06 -1.86128E-05 
2.61466E-05 6.11900E-06 -2.42131E-05 2.74854E-05 5.38650E-06 -1.98071E-05 2.71313E-05 6.02780E-06 -2.11523E-05 
2.67121E-05 6.17290E-06 -2.27709E-05 1.00372E-05 4.60070E-06 -1.69290E-05 9.77969E-06 4.60210E-06 -1.86010E-05 
9.84919E-06 4.58880E-06 -2.03256E-05 1.05873E-05 4.66650E-06 -1.53557E-05 1.02414E-05 4.67410E-06 -2.20245E-05 
1.08027E-05 4.51950E-06 -2.35052E-05 1.21706E-05 4.50840E-06 -1.29151E-05 1.12980E-05 4.61260E-06 -1.40557E-05 
1.13431E-05 4.25080E-06 -2.46152E-05 1.23799E-05 4.70050E-06 -2.57216E-05 1.35748E-05 4.64150E-06 -2.68227E-05 
1.42400E-05 4.17070E-06 -1.11941E-05 1.32738E-05 4.41920E-06 -1.19090E-05 1.54030E-05 4.52410E-06 -1.08509E-05 
1.61006E-05 4.70870E-06 -2.82227E-05 1.67191E-05 4.82950E-06 -1.06500E-05 1.80805E-05 -2.61770E-06 -1.02968E-05 
1.76504E-05 5.02870E-06 -2.85586E-05 1.91440E-05 4.95230E-06 -1.06282E-05 1.94270E-05 4.79160E-06 -2.88464E-05 
2.06908E-05 4.38520E-06 -2.89009E-05 2.03784E-05 5.05200E-06 -1.08776E-05 2.17130E-05 4.99430E-06 -1.13238E-05 
2.18685E-05 4.69280E-06 -2.85277E-05 2.27999E-05 5.03290E-06 -1.19035E-05 2.43804E-05 4.49600E-06 -2.73505E-05 
2.58317E-05 5.20310E-06 -1.49024E-05 2.53461E-05 4.60160E-06 -2.64676E-05 2.65479E-05 4.89640E-06 -1.58755E-05 
2.69721E-05 5.27720E-06 -1.71762E-05 2.63921E-05 4.55250E-06 -2.52245E-05 2.75730E-05 4.77620E-06 -1.85390E-05 
2.78156E-05 4.51940E-06 -2.09435E-05 2.75089E-05 4.88720E-06 -2.22753E-05 2.70360E-05 4.93060E-06 -2.36760E-05 
1.44343E-05 8.16186E-06 -1.42146E-05 9.88362E-06 3.32490E-06 -1.58917E-05 9.33753E-06 3.09470E-06 -1.95290E-05 
9.58330E-06 3.10540E-06 -2.12678E-05 1.05250E-05 3.34310E-06 -1.44679E-05 1.01072E-05 3.19640E-06 -2.28615E-05 
1.07668E-05 3.21400E-06 -2.42060E-05 1.13758E-05 3.29960E-06 -1.31823E-05 1.15841E-05 3.16490E-06 -2.53940E-05 
1.35503E-05 3.15320E-06 -1.12011E-05 1.24235E-05 3.25180E-06 -1.20864E-05 1.39963E-05 3.52640E-06 -2.75031E-05 
1.48296E-05 2.96120E-06 -1.05118E-05 1.52093E-05 3.36980E-06 -2.82462E-05 1.64130E-05 3.41120E-06 -1.01888E-05 
1.69468E-05 3.24970E-06 -2.89454E-05 1.80128E-05 3.96770E-06 -1.02031E-05 1.84209E-05 3.78460E-06 -2.91040E-05 
1.97577E-05 3.82680E-06 -1.02862E-05 2.11246E-05 3.76160E-06 -1.06228E-05 2.26651E-05 3.56830E-06 -1.12531E-05 
2.28275E-05 3.90160E-06 -2.84678E-05 2.11895E-05 -5.15770E-06 -1.23983E-05 2.39046E-05 3.62830E-06 -2.79949E-05 
1.47644E-05 9.85420E-06 -1.81001E-05 2.50008E-05 3.29960E-06 -2.72981E-05 2.71166E-05 3.85050E-06 -1.61893E-05 
2.60720E-05 3.14610E-06 -2.63058E-05 2.76033E-05 3.78550E-06 -1.73908E-05 2.79601E-05 3.55710E-06 -1.85402E-05 
2.79837E-05 4.02590E-06 -1.96457E-05 2.76516E-05 3.71770E-06 -2.31926E-05 2.72099E-05 3.75010E-06 -2.42655E-05 
1.99033E-05 3.17550E-06 -2.92940E-05 9.06654E-06 1.47360E-06 -1.87756E-05 9.19733E-06 1.53920E-06 -2.04128E-05 
9.96755E-06 2.09070E-06 -1.49915E-05 9.49740E-06 2.03800E-06 -1.62694E-05 9.66810E-06 1.35900E-06 -2.23460E-05 
1.06878E-05 1.98930E-06 -1.36791E-05 1.03038E-05 2.03020E-06 -2.36999E-05 1.60328E-05 6.03040E-06 -1.14730E-05 
1.09145E-05 1.88380E-06 -2.47945E-05 1.17482E-05 1.93690E-06 -2.58864E-05 1.38791E-05 1.98070E-06 -1.07466E-05 
1.40983E-05 2.19050E-06 -2.78624E-05 1.56640E-05 1.70220E-06 -2.86947E-05 1.61948E-05 1.81670E-06 -9.92660E-06 
1.72070E-05 1.34480E-06 -2.92260E-05 1.75131E-05 2.23010E-06 -9.80730E-06 1.90104E-05 2.49190E-06 -9.88190E-06 
1.83826E-05 2.39780E-06 -2.93660E-05 2.04357E-05 2.41960E-06 -1.01106E-05 2.06440E-05 5.81050E-06 -2.83012E-05 
2.16491E-05 2.45700E-06 -1.05200E-05 2.31553E-05 2.60450E-06 -2.86103E-05 2.43432E-05 2.22720E-06 -2.79885E-05 
9.89720E-06 -4.82200E-07 -2.26688E-05 2.69862E-05 2.52080E-06 -1.52591E-05 2.80580E-05 2.46040E-06 -1.79108E-05 
2.82712E-05 2.60630E-06 -1.92867E-05 1.19720E-05 -5.99390E-06 -1.76015E-05 2.82465E-05 3.00960E-06 -2.06453E-05 
2.80044E-05 2.49320E-06 -2.28361E-05 2.76433E-05 2.52550E-06 -2.39349E-05 2.16473E-05 3.17920E-06 -2.90310E-05 
9.56967E-06 8.65400E-07 -1.56796E-05 9.22143E-06 1.19280E-06 -1.71409E-05 1.01421E-05 7.64601E-07 -1.43945E-05 
2.45355E-05 7.32040E-06 -1.51961E-05 9.10137E-06 1.03500E-07 -1.95295E-05 1.16389E-05 1.87110E-06 -1.24614E-05 
1.22925E-05 1.34770E-06 -2.65128E-05 1.36093E-05 7.24399E-07 -1.07996E-05 1.32542E-05 1.09590E-06 -2.73537E-05 
1.48006E-05 1.32560E-06 -1.02779E-05 1.58515E-05 5.88601E-07 -9.94030E-06 2.29013E-05 -7.34330E-06 -2.11941E-05 
1.83946E-05 1.04790E-06 -2.94460E-05 1.84094E-05 1.24920E-06 -9.69560E-06 1.97079E-05 1.07080E-06 -9.83700E-06 
1.95937E-05 1.61400E-06 -2.94950E-05 2.26459E-05 1.70440E-06 -1.08671E-05 2.22514E-05 1.29610E-06 -2.90460E-05 
2.19165E-05 -4.76710E-06 -2.66829E-05 2.35615E-05 1.37020E-06 -2.84784E-05 1.86062E-05 1.04311E-05 -1.98570E-05 
1.27504E-05 8.55113E-06 -2.13766E-05 2.65590E-05 1.60060E-06 -2.60036E-05 2.69585E-05 2.87170E-06 -2.51590E-05 
2.83321E-05 1.21650E-06 -1.87205E-05 2.84563E-05 1.40160E-06 -2.02734E-05 2.83105E-05 1.86670E-06 -2.17115E-05 
2.80016E-05 1.12910E-06 -2.31480E-05 2.73890E-05 1.36970E-06 -2.46728E-05 9.37062E-06 -3.02801E-07 -1.65238E-05 
9.11187E-06 -5.38009E-08 -1.80121E-05 2.16633E-05 -9.67599E-07 -1.05687E-05 9.83611E-06 -4.77800E-07 -1.51727E-05 
1.48908E-05 -7.87520E-06 -1.88914E-05 1.04475E-05 4.71300E-07 -2.40531E-05 1.14854E-05 7.22070E-06 -2.13594E-05 
1.05654E-05 -6.32700E-07 -1.38462E-05 1.22059E-05 5.59901E-07 -1.18208E-05 2.18011E-05 -6.91140E-06 -1.49419E-05 
1.24630E-05 8.87006E-08 -2.66041E-05 1.40761E-05 -6.23199E-07 -1.06479E-05 1.36292E-05 -3.50900E-07 -2.74612E-05 
1.48879E-05 7.89923E-09 -1.02443E-05 1.48796E-05 -9.83401E-07 -2.80649E-05 1.72598E-05 3.88301E-07 -9.71700E-06 
1.78254E-05 -1.43801E-07 -2.92540E-05 1.87571E-05 1.66601E-07 -9.73900E-06 1.92031E-05 1.35500E-07 -2.94370E-05 
2.00309E-05 -5.03300E-07 -9.99570E-06 2.13048E-05 8.37700E-07 -1.02356E-05 2.06987E-05 5.92801E-07 -2.93710E-05 
2.25238E-05 2.72800E-07 -1.07886E-05 2.36307E-05 7.53499E-07 -1.14173E-05 2.47622E-05 1.17980E-06 -1.22752E-05 
2.46694E-05 8.47001E-07 -2.77962E-05 2.58069E-05 1.24600E-06 -1.33291E-05 2.67075E-05 1.14630E-06 -1.45347E-05 
2.74441E-05 1.12740E-06 -1.58497E-05 2.68611E-05 -2.55993E-08 -2.53966E-05 2.33732E-05 -1.82500E-07 -2.84176E-05 
2.79617E-05 1.14920E-06 -1.71969E-05 2.82908E-05 8.83004E-08 -2.14473E-05 2.75430E-05 9.98000E-08 -2.41588E-05 
9.36455E-06 -1.38710E-06 -1.74896E-05 9.27832E-06 -1.29600E-06 -1.88957E-05 9.35064E-06 -1.16040E-06 -2.01403E-05 
1.03344E-05 -1.78750E-06 -1.47193E-05 9.72515E-06 -1.59560E-06 -1.60744E-05 1.52569E-05 8.11114E-06 -2.54659E-05 
1.06023E-05 -1.05170E-06 -2.39089E-05 1.29325E-05 -7.57200E-07 -1.13478E-05 1.16801E-05 -9.78000E-07 -1.25102E-05 
2.75904E-05 2.48760E-06 -1.65371E-05 1.18613E-05 -9.22699E-07 -2.57535E-05 1.29651E-05 -1.33440E-06 -2.67012E-05 
1.40342E-05 -1.60930E-06 -2.73766E-05 1.60091E-05 -4.69600E-07 -9.97240E-06 1.83972E-05 -9.29601E-07 -9.83600E-06 
2.17636E-05 -4.65800E-07 -2.89942E-05 2.33275E-05 -8.49500E-07 -1.13732E-05 2.32910E-05 8.44012E-06 -2.50104E-05 
2.43680E-05 -6.97007E-08 -1.20095E-05 2.52695E-05 -1.29200E-07 -1.28190E-05 2.72402E-05 -1.09610E-06 -2.42832E-05 
2.62061E-05 -2.42599E-07 -1.39242E-05 2.69977E-05 -2.83001E-07 -1.51769E-05 2.76587E-05 -2.63900E-07 -1.65498E-05 
2.81169E-05 -1.90900E-07 -1.80815E-05 2.47952E-05 -6.51101E-07 -2.74438E-05 2.78372E-05 -7.19000E-07 -2.29674E-05 
9.58870E-06 -2.35590E-06 -1.82724E-05 1.38452E-05 9.54581E-06 -2.03593E-05 1.03180E-05 -2.84170E-06 -1.56129E-05 
2.50619E-05 2.77730E-06 -1.28009E-05 1.31806E-05 -5.60550E-06 -2.33891E-05 1.10592E-05 -1.86920E-06 -1.35952E-05 
1.04823E-05 -2.20060E-06 -2.29818E-05 1.18759E-05 -2.66120E-06 -1.29769E-05 1.24455E-05 -2.33310E-06 -2.57794E-05 
1.27767E-05 -2.18250E-06 -1.18870E-05 1.39679E-05 -1.77370E-06 -1.09681E-05 1.37617E-05 -2.74550E-06 -2.67073E-05 
1.96847E-05 -8.14900E-06 -1.65559E-05 2.31462E-05 9.93986E-06 -2.08708E-05 1.52609E-05 9.14333E-06 -1.51276E-05 
1.61200E-05 -1.95370E-06 -2.83114E-05 1.75318E-05 -1.51210E-06 -2.88617E-05 1.93294E-05 -1.81860E-06 -1.01322E-05 
1.99626E-05 -1.92250E-06 -2.88825E-05 2.04486E-05 -1.88160E-06 -1.04064E-05 2.11626E-05 -1.85360E-06 -2.87452E-05 
1.24553E-05 -5.72290E-06 -1.54230E-05 2.24902E-05 -2.05540E-06 -1.12355E-05 2.25489E-05 -1.62810E-06 -2.83949E-05 
2.35566E-05 -2.30230E-06 -1.19746E-05 2.37818E-05 -1.70810E-06 -2.77537E-05 2.45221E-05 -1.29900E-06 -1.23664E-05 
2.54774E-05 -1.53780E-06 -1.34167E-05 1.33276E-05 -5.55330E-06 -1.40425E-05 2.47847E-05 -1.88920E-06 -2.69813E-05 
2.63639E-05 -1.62800E-06 -1.46236E-05 2.71240E-05 -1.57940E-06 -1.59796E-05 2.70193E-05 -2.64270E-06 -1.67121E-05 
1.45906E-05 5.65600E-07 -2.81793E-05 2.66064E-05 -1.46940E-06 -2.51774E-05 2.76766E-05 -1.63020E-06 -1.75796E-05 
2.80764E-05 -1.19890E-06 -1.90130E-05 2.80762E-05 -1.39310E-06 -2.02524E-05 2.77930E-05 -1.86020E-06 -2.17345E-05 
2.58226E-05 -1.27360E-06 -2.62915E-05 1.00301E-05 -3.39610E-06 -1.81869E-05 9.35104E-06 -5.17000E-08 -2.11031E-05 
9.83691E-06 -2.63540E-06 -1.70058E-05 1.02875E-05 -3.08990E-06 -2.14459E-05 1.11460E-05 -3.09900E-06 -1.42295E-05 
1.10764E-05 -3.74580E-06 -2.25872E-05 1.13093E-05 -3.05920E-06 -2.37694E-05 1.21633E-05 -3.31160E-06 -2.47795E-05 
1.28715E-05 -3.44190E-06 -1.24647E-05 1.30179E-05 -3.44280E-06 -2.56099E-05 1.40472E-05 -4.04830E-06 -2.60062E-05 
1.50337E-05 -2.51790E-06 -1.07602E-05 1.50243E-05 -3.66500E-06 -2.69298E-05 1.63229E-05 -2.50290E-06 -1.04061E-05 
1.61501E-05 -3.34250E-06 -2.76593E-05 1.73577E-05 -4.37900E-06 -2.73111E-05 1.96291E-05 -5.18920E-06 -2.67986E-05 
1.75083E-05 -3.05590E-06 -2.82231E-05 1.69125E-05 -5.41210E-06 -2.62845E-05 1.89201E-05 -2.55230E-06 -2.86592E-05 
1.97289E-05 -2.97030E-06 -1.06142E-05 2.05202E-05 -3.13780E-06 -2.82494E-05 2.13143E-05 -2.74690E-06 -1.09479E-05 
2.19532E-05 -2.87370E-06 -2.80523E-05 2.25152E-05 -3.16920E-06 -1.17180E-05 2.30206E-05 -2.61820E-06 -2.77356E-05 
2.34895E-05 -3.47340E-06 -1.25332E-05 2.45552E-05 -2.63870E-06 -1.29561E-05 2.54260E-05 -3.02960E-06 -1.42025E-05 
2.60829E-05 -2.45030E-06 -2.53166E-05 2.51735E-05 -2.73420E-06 -2.61369E-05 2.64050E-05 -2.85330E-06 -1.55566E-05 
2.67724E-05 -3.01660E-06 -2.35146E-05 2.67709E-05 -2.27520E-06 -2.43589E-05 2.76873E-05 -2.45830E-06 -1.91618E-05 
2.76685E-05 -2.52800E-06 -2.04565E-05 2.72751E-05 -3.21010E-06 -2.12366E-05 1.06241E-05 -4.42200E-06 -1.80000E-05 
1.04506E-05 -4.17790E-06 -1.92379E-05 1.04814E-05 -3.91670E-06 -2.04594E-05 1.09704E-05 -3.89160E-06 -1.53813E-05 
1.76098E-05 7.63980E-06 -2.70161E-05 1.10377E-05 5.80901E-07 -1.30745E-05 1.09462E-05 -4.25560E-06 -2.13947E-05 
1.18691E-05 -4.55160E-06 -1.45737E-05 2.58068E-05 -5.37270E-06 -1.90246E-05 1.21015E-05 -4.37640E-06 -2.35822E-05 
1.31583E-05 -4.54760E-06 -2.47452E-05 1.44804E-05 -5.09180E-06 -2.53384E-05 1.56700E-05 -3.47030E-06 -1.09942E-05 
1.51048E-05 -4.29150E-06 -1.16729E-05 1.50481E-05 -4.55270E-06 -2.62451E-05 1.60926E-05 -4.50120E-06 -2.67922E-05 
1.70846E-05 -3.78310E-06 -1.08840E-05 2.63120E-05 -3.92420E-06 -1.67413E-05 1.86808E-05 -4.12360E-06 -1.10465E-05 
2.03651E-05 -4.07880E-06 -1.13393E-05 2.15934E-05 -3.91780E-06 -1.16705E-05 2.15528E-05 -3.79220E-06 -2.76012E-05 
2.24582E-05 -4.29990E-06 -1.23562E-05 2.27213E-05 -3.64830E-06 -2.72428E-05 2.33219E-05 -4.41080E-06 -1.30690E-05 
1.82671E-05 -5.33980E-06 -2.66480E-05 2.42574E-05 -3.86480E-06 -1.34745E-05 2.47178E-05 -4.29900E-06 -1.44015E-05 
2.55594E-05 -4.06150E-06 -1.53471E-05 2.61464E-05 -3.37260E-06 -2.43482E-05 2.54448E-05 -3.43510E-06 -2.51931E-05 
2.71513E-05 -3.15340E-06 -1.78423E-05 2.71369E-05 -3.55520E-06 -1.89489E-05 2.72663E-05 -3.40660E-06 -1.99711E-05 
2.15000E-05 -7.66440E-06 -2.21766E-05 2.62838E-05 -4.01820E-06 -2.32007E-05 1.14348E-05 -4.90300E-06 -1.58998E-05 
1.12209E-05 -5.12760E-06 -1.72095E-05 1.11934E-05 -5.25460E-06 -1.85842E-05 1.19184E-05 -5.67860E-06 -1.65248E-05 
1.54144E-05 -5.24630E-06 -1.23018E-05 1.20279E-05 -5.26850E-06 -2.20308E-05 1.53775E-05 -7.39890E-06 -1.53785E-05 
2.00813E-05 -8.35930E-06 -1.83007E-05 1.62216E-05 9.93679E-06 -1.63980E-05 1.14011E-05 5.58100E-07 -2.55290E-05 
1.41151E-05 -5.63090E-06 -2.43396E-05 1.52593E-05 -6.09920E-06 -2.46634E-05 1.56924E-05 -5.37770E-06 -2.58083E-05 
1.62584E-05 -4.58340E-06 -1.15145E-05 1.74435E-05 -4.85720E-06 -1.15513E-05 2.42243E-05 9.28483E-06 -1.94924E-05 
1.90710E-05 1.04205E-05 -2.16176E-05 1.96955E-05 -5.09080E-06 -1.18927E-05 2.05591E-05 -4.54930E-06 -2.72604E-05 
1.89576E-05 -4.13100E-06 -2.77237E-05 2.43565E-05 -6.01870E-06 -1.64285E-05 2.80248E-05 3.46230E-06 -2.19605E-05 
2.25500E-05 -5.22130E-06 -1.32256E-05 2.37643E-05 -5.06180E-06 -1.41104E-05 2.33983E-05 -4.41020E-06 -2.61846E-05 
2.46591E-05 -5.05350E-06 -1.52043E-05 2.02427E-05 1.04371E-05 -1.98583E-05 2.53778E-05 -4.89040E-06 -1.62366E-05 
2.73412E-05 -2.00710E-06 -2.32621E-05 2.65220E-05 -4.33510E-06 -1.82510E-05 2.08051E-05 6.15150E-06 -1.15980E-05 
2.52793E-05 -4.52160E-06 -2.42176E-05 2.67044E-05 -4.32470E-06 -1.95682E-05 2.68396E-05 -4.08590E-06 -2.05956E-05 
2.65558E-05 -4.21680E-06 -2.17949E-05 1.21195E-05 -6.17390E-06 -1.90596E-05 1.63081E-05 8.00396E-06 -2.61943E-05 
1.85507E-05 -8.52980E-06 -1.95220E-05 1.50497E-05 6.93860E-06 -2.64568E-05 1.27811E-05 -6.48400E-06 -2.05178E-05 
1.45846E-05 -5.68750E-06 -1.32076E-05 1.46417E-05 -6.57410E-06 -2.34075E-05 2.40529E-05 -6.43150E-06 -2.23814E-05 
1.68403E-05 -5.60580E-06 -1.22369E-05 1.66420E-05 -6.23010E-06 -2.52215E-05 1.03828E-05 5.96250E-06 -1.93386E-05 
1.83838E-05 -5.59590E-06 -1.21382E-05 1.77435E-05 -6.65790E-06 -1.33268E-05 1.79695E-05 -6.27980E-06 -2.55199E-05 
1.97464E-05 -6.22670E-06 -1.29804E-05 1.37650E-05 -6.64070E-06 -1.53524E-05 2.32413E-05 4.95790E-06 -2.78710E-05 
1.92637E-05 -6.16450E-06 -2.57548E-05 2.08842E-05 -5.74070E-06 -2.60125E-05 9.73092E-06 -1.64350E-06 -2.14006E-05 
2.05461E-05 9.78710E-06 -2.44959E-05 1.49828E-05 -2.42360E-06 -2.76043E-05 2.37952E-05 -5.78410E-06 -1.51211E-05 
1.72957E-05 1.04826E-05 -1.76973E-05 2.55635E-05 -5.24710E-06 -1.74778E-05 2.50652E-05 -5.93090E-06 -2.12703E-05 
2.54696E-05 -5.24740E-06 -2.24850E-05 2.44348E-05 -5.63470E-06 -2.35846E-05 1.47178E-05 4.68470E-06 -2.75515E-05 
2.60404E-05 -5.12640E-06 -2.06898E-05 1.28779E-05 -6.78280E-06 -1.79571E-05 1.84952E-05 -8.45570E-06 -1.78088E-05 
1.30702E-05 -6.90010E-06 -1.91770E-05 1.51805E-05 -1.35810E-06 -1.03310E-05 1.36767E-05 -7.15410E-06 -1.69927E-05 
1.38217E-05 -7.39920E-06 -1.83848E-05 1.39106E-05 -7.35810E-06 -1.96957E-05 1.40079E-05 -7.20660E-06 -2.08469E-05 
1.35845E-05 5.97440E-06 -2.60995E-05 1.47739E-05 -6.54240E-06 -1.42236E-05 1.47798E-05 -7.30670E-06 -2.18104E-05 
2.57141E-05 7.37180E-06 -2.32257E-05 1.58815E-05 -6.25060E-06 -1.31999E-05 1.59555E-05 -7.47480E-06 -2.26171E-05 
1.61886E-05 -6.92730E-06 -2.39420E-05 2.38266E-05 8.57840E-06 -1.61386E-05 1.73136E-05 -7.61350E-06 -2.31091E-05 
1.41421E-05 -3.25150E-06 -1.14970E-05 1.75857E-05 -7.00160E-06 -2.43856E-05 1.90566E-05 -7.12930E-06 -1.40770E-05 
1.89617E-05 -6.99860E-06 -2.45619E-05 2.03712E-05 -7.06640E-06 -1.43633E-05 1.99136E-05 -7.60570E-06 -2.32700E-05 
2.03419E-05 -6.80030E-06 -2.47432E-05 2.06907E-05 -7.62260E-06 -1.56603E-05 2.15229E-05 -7.06420E-06 -2.37406E-05 
1.69071E-05 -1.35480E-06 -9.97740E-06 2.19222E-05 -7.45850E-06 -1.63657E-05 2.26159E-05 -7.06610E-06 -2.27520E-05 
2.16771E-05 -6.40240E-06 -2.48118E-05 2.30591E-05 -6.61430E-06 -1.56937E-05 2.32527E-05 -7.04180E-06 -1.71389E-05 
2.37749E-05 -7.01860E-06 -1.97671E-05 2.30339E-05 -6.32400E-06 -2.39767E-05 2.02969E-05 -7.85200E-07 -2.92060E-05 
2.45119E-05 -6.40750E-06 -1.83043E-05 2.41821E-05 -6.63820E-06 -2.09885E-05 2.27804E-05 -6.06370E-06 -1.44149E-05 
2.49760E-05 -6.16320E-06 -1.99621E-05 1.46805E-05 -7.45130E-06 -1.63434E-05 1.47635E-05 -7.77860E-06 -1.75965E-05 
1.10273E-05 -6.00600E-07 -2.47646E-05 1.51868E-05 -7.85080E-06 -2.03073E-05 1.63309E-05 -7.20950E-06 -1.44585E-05 
2.19846E-05 1.03224E-05 -1.98254E-05 1.58352E-05 -7.98130E-06 -1.67925E-05 1.59533E-05 -8.20230E-06 -1.81082E-05 
1.59715E-05 -8.21570E-06 -1.92942E-05 1.59268E-05 -7.85200E-06 -2.13685E-05 1.78992E-05 -7.57300E-06 -1.47974E-05 
1.68210E-05 -7.88280E-06 -1.57975E-05 1.70882E-05 -8.30570E-06 -1.72076E-05 1.68397E-05 -8.31840E-06 -2.02817E-05 
1.70914E-05 -8.04550E-06 -2.17699E-05 1.82518E-05 -8.12000E-06 -1.61617E-05 1.71384E-05 -8.43610E-06 -1.87159E-05 
1.80770E-05 -8.33830E-06 -2.09730E-05 1.84878E-05 -7.52840E-06 -2.35241E-05 1.93516E-05 -7.70040E-06 -1.51986E-05 
2.54357E-05 4.19320E-06 -1.37385E-05 1.38864E-05 -4.60120E-06 -1.25546E-05 2.40346E-05 4.31330E-06 -1.24538E-05 
1.91092E-05 -8.35530E-06 -2.08979E-05 2.14517E-05 -8.00030E-06 -2.07142E-05 2.45861E-05 -4.04050E-06 -2.55823E-05 
2.01074E-05 -8.36940E-06 -2.00553E-05 1.76869E-05 9.81444E-06 -2.42657E-05 2.08944E-05 -7.98170E-06 -1.69328E-05 
2.45295E-05 8.07873E-06 -2.41732E-05 2.12305E-05 -8.13310E-06 -1.92917E-05 2.19423E-05 -7.83010E-06 -1.79912E-05 
2.32611E-05 -7.28670E-06 -1.85592E-05 2.24874E-05 -7.67890E-06 -1.96032E-05 2.25078E-05 -5.62900E-06 -2.54352E-05 
1.79010E-05 5.71510E-06 -1.09609E-05 2.61731E-05 2.65290E-06 -1.40346E-05 1.61876E-05 -1.71400E-07 -2.88116E-05 
1.89921E-05 6.16020E-06 -2.82160E-05 2.36799E-05 2.67953E-05 -2.21035E-05 2.21847E-05 2.61645E-05 -1.75747E-05 
2.31045E-05 2.62028E-05 -1.94032E-05 2.29862E-05 2.62017E-05 -2.07683E-05 2.20961E-05 2.61663E-05 -2.18325E-05 
2.21410E-05 2.60022E-05 -1.86572E-05 2.11917E-05 2.62223E-05 -2.31736E-05 9.64590E-06 3.63656E-05 -1.96258E-05 
2.53094E-05 4.27101E-05 -1.66509E-05 2.03308E-05 2.62053E-05 -1.61566E-05 1.83819E-05 2.70517E-05 -2.55492E-05 
1.96911E-05 2.60452E-05 -2.30447E-05 1.40772E-05 4.15133E-05 -2.48213E-05 1.90358E-05 2.60239E-05 -1.67975E-05 
1.87886E-05 2.58621E-05 -1.81831E-05 1.89961E-05 2.63897E-05 -2.44301E-05 1.75473E-05 2.59696E-05 -1.75646E-05 
2.05402E-05 2.58671E-05 -2.08843E-05 1.79145E-05 4.44190E-05 -2.15988E-05 1.82148E-05 2.60140E-05 -2.32809E-05 
1.64096E-05 2.59850E-05 -1.85790E-05 2.55820E-05 4.04192E-05 -1.33895E-05 1.72224E-05 2.58672E-05 -2.17970E-05 
1.66855E-05 2.62098E-05 -2.32762E-05 1.57425E-05 2.61405E-05 -2.20036E-05 2.41288E-05 2.69300E-05 -1.77063E-05 
2.42126E-05 2.68269E-05 -1.88918E-05 2.06205E-05 2.58418E-05 -1.92840E-05 2.35140E-05 2.75845E-05 -2.40670E-05 
2.33141E-05 2.67634E-05 -1.67162E-05 2.24813E-05 2.66383E-05 -2.33305E-05 1.26634E-05 2.81440E-05 -1.83036E-05 
2.06320E-05 2.77140E-05 -2.60220E-05 2.09577E-05 2.69181E-05 -1.46186E-05 1.98481E-05 2.69671E-05 -2.53174E-05 
1.90862E-05 2.66384E-05 -1.49372E-05 1.76537E-05 2.70414E-05 -1.44975E-05 1.73452E-05 2.64762E-05 -1.57864E-05 
1.65974E-05 2.72095E-05 -1.47310E-05 2.56361E-05 2.94673E-05 -1.47076E-05 1.69782E-05 2.73046E-05 -2.56016E-05 
1.56045E-05 2.71261E-05 -1.55973E-05 1.61095E-05 2.63871E-05 -1.70276E-05 1.50220E-05 2.65274E-05 -1.81727E-05 
1.54462E-05 2.65410E-05 -2.31770E-05 1.59160E-05 2.69192E-05 -2.44915E-05 1.49129E-05 2.69403E-05 -1.68571E-05 
2.53675E-05 3.00255E-05 -2.49167E-05 1.45235E-05 2.67156E-05 -2.22802E-05 1.45029E-05 2.71723E-05 -2.36554E-05 
1.37797E-05 2.70111E-05 -2.12225E-05 2.47665E-05 2.74971E-05 -1.69468E-05 2.50700E-05 2.74051E-05 -1.82604E-05 
2.51829E-05 2.74345E-05 -1.96007E-05 2.41563E-05 2.76644E-05 -1.55577E-05 2.45952E-05 2.78016E-05 -2.29942E-05 
1.90302E-05 3.74337E-05 -2.91610E-05 2.22028E-05 2.78436E-05 -1.37413E-05 1.09250E-05 3.94191E-05 -2.24550E-05 
2.09231E-05 2.78126E-05 -1.33266E-05 1.96684E-05 2.74827E-05 -1.35774E-05 1.92134E-05 2.79383E-05 -2.65621E-05 
1.94602E-05 2.90358E-05 -2.74469E-05 1.83485E-05 2.74221E-05 -1.37465E-05 1.78333E-05 2.78329E-05 -2.63948E-05 
1.58253E-05 3.04993E-05 -2.79055E-05 1.66263E-05 2.82670E-05 -2.65817E-05 1.58106E-05 2.77529E-05 -2.56554E-05 
2.82207E-05 3.89964E-05 -1.97997E-05 1.38372E-05 2.73439E-05 -1.75683E-05 1.94176E-05 4.43525E-05 -2.21934E-05 
1.33018E-05 2.76160E-05 -2.25711E-05 1.24790E-05 2.80921E-05 -1.96601E-05 1.28026E-05 2.77331E-05 -2.08973E-05 
2.58703E-05 2.82473E-05 -1.76726E-05 2.59058E-05 2.80898E-05 -1.88197E-05 2.61589E-05 2.83332E-05 -2.00013E-05 
2.55037E-05 2.84958E-05 -1.60436E-05 2.56887E-05 2.87474E-05 -2.27572E-05 2.48499E-05 2.87433E-05 -2.41222E-05 
2.46390E-05 2.85691E-05 -1.46765E-05 2.40139E-05 2.89922E-05 -2.53339E-05 2.85910E-05 3.33126E-05 -1.75816E-05 
2.29977E-05 2.86359E-05 -1.32163E-05 2.16960E-05 2.87558E-05 -1.25165E-05 2.66560E-05 4.14643E-05 -2.02632E-05 
2.06919E-05 2.93635E-05 -1.18095E-05 2.01296E-05 2.84114E-05 -1.25292E-05 1.84972E-05 2.83075E-05 -1.26940E-05 
1.79183E-05 2.89350E-05 -2.74071E-05 1.62885E-05 2.93949E-05 -2.74032E-05 1.56322E-05 2.80593E-05 -1.42024E-05 
1.51036E-05 2.87435E-05 -2.63178E-05 1.45910E-05 2.81912E-05 -1.49113E-05 1.30050E-05 2.84151E-05 -1.67593E-05 
1.37293E-05 2.89614E-05 -2.54475E-05 1.22500E-05 2.84692E-05 -2.18693E-05 1.70590E-05 3.43304E-05 -2.93350E-05 
1.17574E-05 2.89865E-05 -1.90267E-05 1.22171E-05 3.59518E-05 -2.67877E-05 2.68134E-05 2.91092E-05 -1.87111E-05 
2.69489E-05 2.93378E-05 -2.01207E-05 2.63832E-05 2.95899E-05 -1.58004E-05 2.66449E-05 2.92825E-05 -1.70882E-05 
2.15588E-05 2.93880E-05 -2.72016E-05 2.58758E-05 2.96736E-05 -2.38515E-05 2.51904E-05 3.43626E-05 -1.14343E-05 
2.43671E-05 2.94877E-05 -1.33671E-05 1.64969E-05 4.24564E-05 -1.36278E-05 2.29623E-05 2.95129E-05 -1.24050E-05 
2.71858E-05 3.04145E-05 -1.63152E-05 1.93639E-05 2.93118E-05 -1.17570E-05 2.04119E-05 2.97509E-05 -2.77904E-05 
1.80478E-05 2.94462E-05 -1.18437E-05 1.70238E-05 2.90373E-05 -1.24430E-05 1.57670E-05 2.89980E-05 -1.30958E-05 
1.44590E-05 2.91249E-05 -1.39440E-05 1.49092E-05 3.00432E-05 -2.72243E-05 2.74610E-05 4.02397E-05 -1.66894E-05 
1.40047E-05 2.97168E-05 -2.63624E-05 1.25143E-05 2.93596E-05 -1.61682E-05 1.28180E-05 2.92595E-05 -2.46591E-05 
1.11324E-05 2.97785E-05 -1.98387E-05 1.17356E-05 2.88737E-05 -2.05780E-05 1.16067E-05 2.92678E-05 -2.18515E-05 
2.46402E-05 4.27447E-05 -2.20042E-05 1.41092E-05 3.38244E-05 -1.17377E-05 2.75458E-05 3.03533E-05 -1.77984E-05 
2.74381E-05 3.03726E-05 -2.10722E-05 2.65925E-05 3.04987E-05 -1.49772E-05 2.67941E-05 3.01715E-05 -2.27410E-05 
2.63360E-05 3.08475E-05 -2.43026E-05 2.57297E-05 3.05796E-05 -1.36847E-05 1.70276E-05 2.79325E-05 -1.35058E-05 
2.49018E-05 3.08576E-05 -1.26826E-05 1.39480E-05 3.93105E-05 -2.68978E-05 2.36411E-05 3.07393E-05 -1.18887E-05 
2.35203E-05 3.06936E-05 -2.69773E-05 2.52233E-05 3.34145E-05 -2.67469E-05 2.24217E-05 3.04508E-05 -2.74544E-05 
2.13352E-05 3.04532E-05 -2.79042E-05 2.15649E-05 2.71067E-05 -2.48782E-05 1.85683E-05 3.02494E-05 -1.12047E-05 
2.66722E-05 3.82569E-05 -2.46483E-05 1.59989E-05 3.00859E-05 -1.21317E-05 1.15833E-05 3.23864E-05 -1.49162E-05 
1.46693E-05 3.02491E-05 -1.28581E-05 1.33283E-05 3.04293E-05 -1.39424E-05 1.37351E-05 3.06946E-05 -2.68553E-05 
1.26314E-05 2.99991E-05 -1.52215E-05 1.27701E-05 3.03013E-05 -2.56811E-05 1.24596E-05 3.43991E-05 -2.70797E-05 
1.18843E-05 3.03091E-05 -1.60909E-05 1.18736E-05 2.94548E-05 -1.73501E-05 1.10185E-05 3.02527E-05 -1.86128E-05 
1.18534E-05 3.01810E-05 -2.42131E-05 1.05146E-05 3.09135E-05 -1.98071E-05 1.08687E-05 3.02722E-05 -2.11523E-05 
1.12879E-05 3.01271E-05 -2.27709E-05 2.79628E-05 3.16993E-05 -1.69290E-05 2.82203E-05 3.16979E-05 -1.86010E-05 
2.81508E-05 3.17112E-05 -2.03256E-05 2.74127E-05 3.16335E-05 -1.53557E-05 2.77586E-05 3.16259E-05 -2.20245E-05 
2.71973E-05 3.17805E-05 -2.35052E-05 2.58294E-05 3.17916E-05 -1.29151E-05 2.67019E-05 3.16874E-05 -1.40557E-05 
2.66569E-05 3.20492E-05 -2.46152E-05 2.56201E-05 3.15995E-05 -2.57216E-05 2.44252E-05 3.16585E-05 -2.68227E-05 
2.37600E-05 3.21293E-05 -1.11941E-05 2.47262E-05 3.18808E-05 -1.19090E-05 2.25970E-05 3.17759E-05 -1.08509E-05 
2.18994E-05 3.15913E-05 -2.82227E-05 2.12809E-05 3.14705E-05 -1.06500E-05 1.99195E-05 3.89177E-05 -1.02968E-05 
2.03496E-05 3.12713E-05 -2.85586E-05 1.88560E-05 3.13477E-05 -1.06282E-05 1.85730E-05 3.15084E-05 -2.88464E-05 
1.73092E-05 3.19148E-05 -2.89009E-05 1.76216E-05 3.12480E-05 -1.08776E-05 1.62870E-05 3.13057E-05 -1.13238E-05 
1.61315E-05 3.16072E-05 -2.85277E-05 1.52001E-05 3.12671E-05 -1.19035E-05 1.36196E-05 3.18040E-05 -2.73505E-05 
1.21683E-05 3.10969E-05 -1.49024E-05 1.26539E-05 3.16984E-05 -2.64676E-05 1.14521E-05 3.14036E-05 -1.58755E-05 
1.10279E-05 3.10228E-05 -1.71762E-05 1.16079E-05 3.17475E-05 -2.52245E-05 1.04270E-05 3.15238E-05 -1.85390E-05 
1.01844E-05 3.17806E-05 -2.09435E-05 1.04911E-05 3.14128E-05 -2.22753E-05 1.09640E-05 3.13694E-05 -2.36760E-05 
2.35657E-05 2.81381E-05 -1.42146E-05 2.81164E-05 3.29751E-05 -1.58917E-05 2.86625E-05 3.32053E-05 -1.95290E-05 
2.84167E-05 3.31946E-05 -2.12678E-05 2.74750E-05 3.29569E-05 -1.44679E-05 2.78928E-05 3.31036E-05 -2.28615E-05 
2.72332E-05 3.30860E-05 -2.42060E-05 2.66242E-05 3.30004E-05 -1.31823E-05 2.64159E-05 3.31351E-05 -2.53940E-05 
2.44496E-05 3.31468E-05 -1.12011E-05 2.55765E-05 3.30482E-05 -1.20864E-05 2.40037E-05 3.27736E-05 -2.75031E-05 
2.31704E-05 3.33388E-05 -1.05118E-05 2.27907E-05 3.29302E-05 -2.82462E-05 2.15870E-05 3.28888E-05 -1.01888E-05 
2.10532E-05 3.30503E-05 -2.89454E-05 1.99872E-05 3.23323E-05 -1.02031E-05 1.95791E-05 3.25154E-05 -2.91040E-05 
1.82423E-05 3.24732E-05 -1.02862E-05 1.68754E-05 3.25384E-05 -1.06228E-05 1.53349E-05 3.27317E-05 -1.12531E-05 
1.51725E-05 3.23984E-05 -2.84678E-05 1.68105E-05 4.14577E-05 -1.23983E-05 1.40954E-05 3.26717E-05 -2.79949E-05 
2.32356E-05 2.64458E-05 -1.81001E-05 1.29992E-05 3.30004E-05 -2.72981E-05 1.08834E-05 3.24495E-05 -1.61893E-05 
1.19280E-05 3.31539E-05 -2.63058E-05 1.03967E-05 3.25145E-05 -1.73908E-05 1.00399E-05 3.27429E-05 -1.85402E-05 
1.00163E-05 3.22741E-05 -1.96457E-05 1.03484E-05 3.25823E-05 -2.31926E-05 1.07901E-05 3.25499E-05 -2.42655E-05 
1.80967E-05 3.31245E-05 -2.92940E-05 2.89335E-05 3.48264E-05 -1.87756E-05 2.88027E-05 3.47608E-05 -2.04128E-05 
2.80324E-05 3.42093E-05 -1.49915E-05 2.85026E-05 3.42620E-05 -1.62694E-05 2.83319E-05 3.49410E-05 -2.23460E-05 
2.73122E-05 3.43107E-05 -1.36791E-05 2.76962E-05 3.42698E-05 -2.36999E-05 2.19671E-05 3.02696E-05 -1.14730E-05 
2.70855E-05 3.44162E-05 -2.47945E-05 2.62518E-05 3.43631E-05 -2.58864E-05 2.41209E-05 3.43193E-05 -1.07466E-05 
2.39017E-05 3.41095E-05 -2.78624E-05 2.23360E-05 3.45978E-05 -2.86947E-05 2.18052E-05 3.44833E-05 -9.92660E-06 
2.07930E-05 3.49552E-05 -2.92260E-05 2.04869E-05 3.40699E-05 -9.80730E-06 1.89896E-05 3.38081E-05 -9.88190E-06 
1.96174E-05 3.39022E-05 -2.93660E-05 1.75643E-05 3.38804E-05 -1.01106E-05 1.73560E-05 3.04895E-05 -2.83012E-05 
1.63509E-05 3.38430E-05 -1.05200E-05 1.48446E-05 3.36955E-05 -2.86103E-05 1.36568E-05 3.40728E-05 -2.79885E-05 
2.81028E-05 3.67822E-05 -2.26688E-05 1.10138E-05 3.37792E-05 -1.52591E-05 9.94204E-06 3.38396E-05 -1.79108E-05 
9.72879E-06 3.36937E-05 -1.92867E-05 2.60280E-05 4.22939E-05 -1.76015E-05 9.75348E-06 3.32904E-05 -2.06453E-05 
9.99561E-06 3.38068E-05 -2.28361E-05 1.03567E-05 3.37745E-05 -2.39349E-05 1.63527E-05 3.31208E-05 -2.90310E-05 
2.84303E-05 3.54346E-05 -1.56796E-05 2.87786E-05 3.51072E-05 -1.71409E-05 2.78579E-05 3.55354E-05 -1.43945E-05 
1.34645E-05 2.89796E-05 -1.51961E-05 2.88986E-05 3.61965E-05 -1.95295E-05 2.63611E-05 3.44289E-05 -1.24614E-05 
2.57075E-05 3.49523E-05 -2.65128E-05 2.43907E-05 3.55756E-05 -1.07996E-05 2.47458E-05 3.52041E-05 -2.73537E-05 
2.31994E-05 3.49744E-05 -1.02779E-05 2.21485E-05 3.57114E-05 -9.94030E-06 1.50987E-05 4.36433E-05 -2.11941E-05 
1.96054E-05 3.52521E-05 -2.94460E-05 1.95906E-05 3.50508E-05 -9.69560E-06 1.82921E-05 3.52292E-05 -9.83700E-06 
1.84063E-05 3.46860E-05 -2.94950E-05 1.53541E-05 3.45956E-05 -1.08671E-05 1.57486E-05 3.50039E-05 -2.90460E-05 
1.60835E-05 4.10671E-05 -2.66829E-05 1.44385E-05 3.49298E-05 -2.84784E-05 1.93938E-05 2.58689E-05 -1.98570E-05 
2.52496E-05 2.77489E-05 -2.13766E-05 1.14410E-05 3.46994E-05 -2.60036E-05 1.10415E-05 3.34283E-05 -2.51590E-05 
9.66785E-06 3.50835E-05 -1.87205E-05 9.54374E-06 3.48984E-05 -2.02734E-05 9.68946E-06 3.44333E-05 -2.17115E-05 
9.99841E-06 3.51709E-05 -2.31480E-05 1.06110E-05 3.49303E-05 -2.46728E-05 2.86294E-05 3.66028E-05 -1.65238E-05 
2.88881E-05 3.63538E-05 -1.80121E-05 1.63367E-05 3.72676E-05 -1.05687E-05 2.81639E-05 3.67778E-05 -1.51727E-05 
2.31092E-05 4.41752E-05 -1.88914E-05 2.75525E-05 3.58287E-05 -2.40531E-05 2.65146E-05 2.90793E-05 -2.13594E-05 
2.74346E-05 3.69327E-05 -1.38462E-05 2.57941E-05 3.57401E-05 -1.18208E-05 1.61989E-05 4.32114E-05 -1.49419E-05 
2.55370E-05 3.62113E-05 -2.66041E-05 2.39239E-05 3.69232E-05 -1.06479E-05 2.43708E-05 3.66509E-05 -2.74612E-05 
2.31121E-05 3.62921E-05 -1.02443E-05 2.31204E-05 3.72834E-05 -2.80649E-05 2.07402E-05 3.59117E-05 -9.71700E-06 
2.01746E-05 3.64439E-05 -2.92540E-05 1.92429E-05 3.61334E-05 -9.73900E-06 1.87969E-05 3.61645E-05 -2.94370E-05 
1.79691E-05 3.68033E-05 -9.99570E-06 1.66952E-05 3.54623E-05 -1.02356E-05 1.73013E-05 3.57072E-05 -2.93710E-05 
1.54762E-05 3.60272E-05 -1.07886E-05 1.43693E-05 3.55465E-05 -1.14173E-05 1.32378E-05 3.51202E-05 -1.22752E-05 
1.33306E-05 3.54530E-05 -2.77962E-05 1.21931E-05 3.50540E-05 -1.33291E-05 1.12925E-05 3.51537E-05 -1.45347E-05 
1.05559E-05 3.51726E-05 -1.58497E-05 1.11389E-05 3.63256E-05 -2.53966E-05 1.46268E-05 3.64825E-05 -2.84176E-05 
1.00383E-05 3.51508E-05 -1.71969E-05 9.70921E-06 3.62117E-05 -2.14473E-05 1.04570E-05 3.62002E-05 -2.41588E-05 
2.86354E-05 3.76871E-05 -1.74896E-05 2.87217E-05 3.75960E-05 -1.88957E-05 2.86494E-05 3.74604E-05 -2.01403E-05 
2.76656E-05 3.80875E-05 -1.47193E-05 2.82748E-05 3.78956E-05 -1.60744E-05 2.27431E-05 2.81889E-05 -2.54659E-05 
2.73977E-05 3.73517E-05 -2.39089E-05 2.50675E-05 3.70572E-05 -1.13478E-05 2.63199E-05 3.72780E-05 -1.25102E-05 
1.04096E-05 3.38124E-05 -1.65371E-05 2.61387E-05 3.72227E-05 -2.57535E-05 2.50349E-05 3.76344E-05 -2.67012E-05 
2.39657E-05 3.79093E-05 -2.73766E-05 2.19909E-05 3.67696E-05 -9.97240E-06 1.96028E-05 3.72296E-05 -9.83600E-06 
1.62364E-05 3.67658E-05 -2.89942E-05 1.46725E-05 3.71495E-05 -1.13732E-05 1.47090E-05 2.78599E-05 -2.50104E-05 
1.36320E-05 3.63697E-05 -1.20095E-05 1.27305E-05 3.64292E-05 -1.28190E-05 1.07598E-05 3.73961E-05 -2.42832E-05 
1.17939E-05 3.65426E-05 -1.39242E-05 1.10023E-05 3.65830E-05 -1.51769E-05 1.03413E-05 3.65639E-05 -1.65498E-05 
9.88307E-06 3.64909E-05 -1.80815E-05 1.32048E-05 3.69511E-05 -2.74438E-05 1.01628E-05 3.70190E-05 -2.29674E-05 
2.84113E-05 3.86559E-05 -1.82724E-05 2.41548E-05 2.67542E-05 -2.03593E-05 2.76820E-05 3.91417E-05 -1.56129E-05 
1.29381E-05 3.35227E-05 -1.28009E-05 2.48194E-05 4.19055E-05 -2.33891E-05 2.69408E-05 3.81692E-05 -1.35952E-05 
2.75177E-05 3.85006E-05 -2.29818E-05 2.61240E-05 3.89612E-05 -1.29769E-05 2.55545E-05 3.86331E-05 -2.57794E-05 
2.52233E-05 3.84825E-05 -1.18870E-05 2.40320E-05 3.80737E-05 -1.09681E-05 2.42383E-05 3.90455E-05 -2.67073E-05 
1.83153E-05 4.44490E-05 -1.65559E-05 1.48538E-05 2.63601E-05 -2.08708E-05 2.27391E-05 2.71567E-05 -1.51276E-05 
2.18800E-05 3.82537E-05 -2.83114E-05 2.04682E-05 3.78121E-05 -2.88617E-05 1.86706E-05 3.81186E-05 -1.01322E-05 
1.80374E-05 3.82225E-05 -2.88825E-05 1.75514E-05 3.81816E-05 -1.04064E-05 1.68374E-05 3.81536E-05 -2.87452E-05 
2.55447E-05 4.20229E-05 -1.54230E-05 1.55098E-05 3.83554E-05 -1.12355E-05 1.54511E-05 3.79281E-05 -2.83949E-05 
1.44434E-05 3.86023E-05 -1.19746E-05 1.42182E-05 3.80081E-05 -2.77537E-05 1.34779E-05 3.75990E-05 -1.23664E-05 
1.25226E-05 3.78378E-05 -1.34167E-05 2.46724E-05 4.18533E-05 -1.40425E-05 1.32153E-05 3.81892E-05 -2.69813E-05 
1.16361E-05 3.79280E-05 -1.46236E-05 1.08760E-05 3.78794E-05 -1.59796E-05 1.09807E-05 3.89427E-05 -1.67121E-05 
2.34094E-05 3.57344E-05 -2.81793E-05 1.13936E-05 3.77694E-05 -2.51774E-05 1.03234E-05 3.79302E-05 -1.75796E-05 
9.92361E-06 3.74989E-05 -1.90130E-05 9.92384E-06 3.76931E-05 -2.02524E-05 1.02070E-05 3.81602E-05 -2.17345E-05 
1.21774E-05 3.75736E-05 -2.62915E-05 2.79699E-05 3.96961E-05 -1.81869E-05 2.86490E-05 3.63517E-05 -2.11031E-05 
2.81631E-05 3.89354E-05 -1.70058E-05 2.77125E-05 3.93899E-05 -2.14459E-05 2.68540E-05 3.93990E-05 -1.42295E-05 
2.69236E-05 4.00458E-05 -2.25872E-05 2.66907E-05 3.93592E-05 -2.37694E-05 2.58367E-05 3.96116E-05 -2.47795E-05 
2.51285E-05 3.97419E-05 -1.24647E-05 2.49821E-05 3.97428E-05 -2.56099E-05 2.39528E-05 4.03483E-05 -2.60062E-05 
2.29663E-05 3.88179E-05 -1.07602E-05 2.29757E-05 3.99650E-05 -2.69298E-05 2.16771E-05 3.88029E-05 -1.04061E-05 
2.18499E-05 3.96425E-05 -2.76593E-05 2.06423E-05 4.06790E-05 -2.73111E-05 1.83709E-05 4.14892E-05 -2.67986E-05 
2.04917E-05 3.93559E-05 -2.82231E-05 2.10875E-05 4.17121E-05 -2.62845E-05 1.90799E-05 3.88523E-05 -2.86592E-05 
1.82711E-05 3.92703E-05 -1.06142E-05 1.74798E-05 3.94378E-05 -2.82494E-05 1.66857E-05 3.90469E-05 -1.09479E-05 
1.60468E-05 3.91737E-05 -2.80523E-05 1.54848E-05 3.94692E-05 -1.17180E-05 1.49794E-05 3.89182E-05 -2.77356E-05 
1.45105E-05 3.97734E-05 -1.25332E-05 1.34448E-05 3.89387E-05 -1.29561E-05 1.25740E-05 3.93296E-05 -1.42025E-05 
1.19171E-05 3.87503E-05 -2.53166E-05 1.28265E-05 3.90342E-05 -2.61369E-05 1.15950E-05 3.91533E-05 -1.55566E-05 
1.12276E-05 3.93166E-05 -2.35146E-05 1.12290E-05 3.85752E-05 -2.43589E-05 1.03127E-05 3.87583E-05 -1.91618E-05 
1.03315E-05 3.88280E-05 -2.04565E-05 1.07249E-05 3.95101E-05 -2.12366E-05 2.73759E-05 4.07220E-05 -1.80000E-05 
2.75494E-05 4.04779E-05 -1.92379E-05 2.75186E-05 4.02167E-05 -2.04594E-05 2.70296E-05 4.01916E-05 -1.53813E-05 
2.03902E-05 2.86602E-05 -2.70161E-05 2.69623E-05 3.57191E-05 -1.30745E-05 2.70538E-05 4.05556E-05 -2.13947E-05 
2.61309E-05 4.08516E-05 -1.45737E-05 1.21932E-05 4.16727E-05 -1.90246E-05 2.58985E-05 4.06764E-05 -2.35822E-05 
2.48417E-05 4.08476E-05 -2.47452E-05 2.35196E-05 4.13918E-05 -2.53384E-05 2.23300E-05 3.97703E-05 -1.09942E-05 
2.28952E-05 4.05915E-05 -1.16729E-05 2.29519E-05 4.08527E-05 -2.62451E-05 2.19074E-05 4.08012E-05 -2.67922E-05 
2.09154E-05 4.00831E-05 -1.08840E-05 1.16880E-05 4.02242E-05 -1.67413E-05 1.93192E-05 4.04236E-05 -1.10465E-05 
1.76349E-05 4.03788E-05 -1.13393E-05 1.64066E-05 4.02178E-05 -1.16705E-05 1.64472E-05 4.00922E-05 -2.76012E-05 
1.55418E-05 4.05999E-05 -1.23562E-05 1.52787E-05 3.99483E-05 -2.72428E-05 1.46781E-05 4.07108E-05 -1.30690E-05 
1.97329E-05 4.16398E-05 -2.66480E-05 1.37426E-05 4.01648E-05 -1.34745E-05 1.32822E-05 4.05990E-05 -1.44015E-05 
1.24406E-05 4.03615E-05 -1.53471E-05 1.18536E-05 3.96726E-05 -2.43482E-05 1.25552E-05 3.97351E-05 -2.51931E-05 
1.08487E-05 3.94534E-05 -1.78423E-05 1.08631E-05 3.98552E-05 -1.89489E-05 1.07337E-05 3.97066E-05 -1.99711E-05 
1.65000E-05 4.39644E-05 -2.21766E-05 1.17162E-05 4.03182E-05 -2.32007E-05 2.65652E-05 4.12030E-05 -1.58998E-05 
2.67791E-05 4.14276E-05 -1.72095E-05 2.68066E-05 4.15546E-05 -1.85842E-05 2.60816E-05 4.19786E-05 -1.65248E-05 
2.25856E-05 4.15463E-05 -1.23018E-05 2.59721E-05 4.15685E-05 -2.20308E-05 2.26225E-05 4.36989E-05 -1.53785E-05 
1.79187E-05 4.46593E-05 -1.83007E-05 2.17784E-05 2.63632E-05 -1.63980E-05 2.65989E-05 3.57419E-05 -2.55290E-05 
2.38848E-05 4.19309E-05 -2.43396E-05 2.27407E-05 4.23992E-05 -2.46634E-05 2.23076E-05 4.16777E-05 -2.58083E-05 
2.17416E-05 4.08834E-05 -1.15145E-05 2.05565E-05 4.11573E-05 -1.15513E-05 1.37757E-05 2.70152E-05 -1.94924E-05 
1.89290E-05 2.58795E-05 -2.16176E-05 1.83045E-05 4.13908E-05 -1.18927E-05 1.74409E-05 4.08493E-05 -2.72604E-05 
1.90424E-05 4.04310E-05 -2.77237E-05 1.36435E-05 4.23187E-05 -1.64285E-05 9.97522E-06 3.28377E-05 -2.19605E-05 
1.54500E-05 4.15213E-05 -1.32256E-05 1.42357E-05 4.13618E-05 -1.41104E-05 1.46017E-05 4.07102E-05 -2.61846E-05 
1.33409E-05 4.13535E-05 -1.52043E-05 1.77573E-05 2.58629E-05 -1.98583E-05 1.26222E-05 4.11904E-05 -1.62366E-05 
1.06588E-05 3.83071E-05 -2.32621E-05 1.14780E-05 4.06351E-05 -1.82510E-05 1.71949E-05 3.01485E-05 -1.15980E-05 
1.27207E-05 4.08216E-05 -2.42176E-05 1.12956E-05 4.06247E-05 -1.95682E-05 1.11604E-05 4.03859E-05 -2.05956E-05 
1.14442E-05 4.05168E-05 -2.17949E-05 2.58805E-05 4.24739E-05 -1.90596E-05 2.16919E-05 2.82960E-05 -2.61943E-05 
1.94493E-05 4.48298E-05 -1.95220E-05 2.29503E-05 2.93614E-05 -2.64568E-05 2.52189E-05 4.27840E-05 -2.05178E-05 
2.34154E-05 4.19875E-05 -1.32076E-05 2.33583E-05 4.28741E-05 -2.34075E-05 1.39470E-05 4.27315E-05 -2.23814E-05 
2.11597E-05 4.19058E-05 -1.22369E-05 2.13580E-05 4.25301E-05 -2.52215E-05 2.76172E-05 3.03375E-05 -1.93386E-05 
1.96162E-05 4.18959E-05 -1.21382E-05 2.02565E-05 4.29579E-05 -1.33268E-05 2.00305E-05 4.25798E-05 -2.55199E-05 
1.82536E-05 4.25267E-05 -1.29804E-05 2.42350E-05 4.29407E-05 -1.53524E-05 1.47587E-05 3.13421E-05 -2.78710E-05 
1.87363E-05 4.24645E-05 -2.57548E-05 1.71158E-05 4.20407E-05 -2.60125E-05 2.82691E-05 3.79435E-05 -2.14006E-05 
1.74539E-05 2.65129E-05 -2.44959E-05 2.30172E-05 3.87236E-05 -2.76043E-05 1.42048E-05 4.20841E-05 -1.51211E-05 
2.07043E-05 2.58174E-05 -1.76973E-05 1.24365E-05 4.15471E-05 -1.74778E-05 1.29348E-05 4.22309E-05 -2.12703E-05 
1.25304E-05 4.15474E-05 -2.24850E-05 1.35652E-05 4.19347E-05 -2.35846E-05 2.32822E-05 3.16153E-05 -2.75515E-05 
1.19596E-05 4.14264E-05 -2.06898E-05 2.51221E-05 4.30828E-05 -1.79571E-05 1.95048E-05 4.47557E-05 -1.78088E-05 
2.49298E-05 4.32001E-05 -1.91770E-05 2.28195E-05 3.76581E-05 -1.03310E-05 2.43233E-05 4.34541E-05 -1.69927E-05 
2.41783E-05 4.36992E-05 -1.83848E-05 2.40894E-05 4.36581E-05 -1.96957E-05 2.39921E-05 4.35066E-05 -2.08469E-05 
2.44155E-05 3.03256E-05 -2.60995E-05 2.32261E-05 4.28424E-05 -1.42236E-05 2.32202E-05 4.36067E-05 -2.18104E-05 
1.22859E-05 2.89282E-05 -2.32257E-05 2.21185E-05 4.25506E-05 -1.31999E-05 2.20445E-05 4.37748E-05 -2.26171E-05 
2.18114E-05 4.32273E-05 -2.39420E-05 1.41734E-05 2.77216E-05 -1.61386E-05 2.06864E-05 4.39135E-05 -2.31091E-05 
2.38579E-05 3.95515E-05 -1.14970E-05 2.04143E-05 4.33016E-05 -2.43856E-05 1.89434E-05 4.34293E-05 -1.40770E-05 
1.90383E-05 4.32986E-05 -2.45619E-05 1.76288E-05 4.33664E-05 -1.43633E-05 1.80864E-05 4.39057E-05 -2.32700E-05 
1.76581E-05 4.31003E-05 -2.47432E-05 1.73093E-05 4.39226E-05 -1.56603E-05 1.64771E-05 4.33642E-05 -2.37406E-05 
2.10929E-05 3.76548E-05 -9.97740E-06 1.60778E-05 4.37585E-05 -1.63657E-05 1.53841E-05 4.33661E-05 -2.27520E-05 
1.63229E-05 4.27024E-05 -2.48118E-05 1.49409E-05 4.29143E-05 -1.56937E-05 1.47473E-05 4.33418E-05 -1.71389E-05 
1.42251E-05 4.33186E-05 -1.97671E-05 1.49661E-05 4.26240E-05 -2.39767E-05 1.77031E-05 3.70852E-05 -2.92060E-05 
1.34881E-05 4.27075E-05 -1.83043E-05 1.38179E-05 4.29382E-05 -2.09885E-05 1.52196E-05 4.23637E-05 -1.44149E-05 
1.30240E-05 4.24632E-05 -1.99621E-05 2.33195E-05 4.37513E-05 -1.63434E-05 2.32365E-05 4.40786E-05 -1.75965E-05 
2.69727E-05 3.69006E-05 -2.47646E-05 2.28132E-05 4.41508E-05 -2.03073E-05 2.16691E-05 4.35095E-05 -1.44585E-05 
1.60154E-05 2.59776E-05 -1.98254E-05 2.21648E-05 4.42813E-05 -1.67925E-05 2.20467E-05 4.45023E-05 -1.81082E-05 
2.20285E-05 4.45157E-05 -1.92942E-05 2.20732E-05 4.41520E-05 -2.13685E-05 2.01008E-05 4.38730E-05 -1.47974E-05 
2.11790E-05 4.41828E-05 -1.57975E-05 2.09118E-05 4.46058E-05 -1.72076E-05 2.11603E-05 4.46184E-05 -2.02817E-05 
2.09086E-05 4.43455E-05 -2.17699E-05 1.97482E-05 4.44200E-05 -1.61617E-05 2.08616E-05 4.47361E-05 -1.87159E-05 
1.99230E-05 4.46383E-05 -2.09730E-05 1.95122E-05 4.38284E-05 -2.35241E-05 1.86484E-05 4.40004E-05 -1.51986E-05 
1.25643E-05 3.21068E-05 -1.37385E-05 2.41136E-05 4.09012E-05 -1.25546E-05 1.39654E-05 3.19867E-05 -1.24538E-05 
1.88908E-05 4.46553E-05 -2.08979E-05 1.65483E-05 4.43003E-05 -2.07142E-05 1.34139E-05 4.03405E-05 -2.55823E-05 
1.78926E-05 4.46694E-05 -2.00553E-05 2.03131E-05 2.64856E-05 -2.42657E-05 1.71056E-05 4.42817E-05 -1.69328E-05 
1.34705E-05 2.82213E-05 -2.41732E-05 1.67695E-05 4.44331E-05 -1.92917E-05 1.60577E-05 4.41301E-05 -1.79912E-05 
1.47389E-05 4.35867E-05 -1.85592E-05 1.55126E-05 4.39789E-05 -1.96032E-05 1.54922E-05 4.19290E-05 -2.54352E-05 
2.00990E-05 3.05849E-05 -1.09609E-05 1.18269E-05 3.36471E-05 -1.40346E-05 2.18124E-05 3.64714E-05 -2.88116E-05 
1.90079E-05 3.01398E-05 -2.82160E-05 3.69255E-05 2.27472E-05 -2.10023E-05 3.76100E-05 2.07416E-05 -1.87160E-05 
3.74153E-05 2.14737E-05 -2.15571E-05 3.76641E-05 1.94785E-05 -1.77784E-05 3.78124E-05 2.00175E-05 -2.15465E-05 
3.74802E-05 2.03310E-05 -2.29028E-05 3.71446E-05 1.93672E-05 -1.63498E-05 3.79602E-05 1.93653E-05 -1.92775E-05 
3.80397E-05 1.90650E-05 -2.07433E-05 3.51617E-05 1.53755E-05 -2.69678E-05 3.75432E-05 1.83255E-05 -1.71753E-05 
3.79108E-05 1.79431E-05 -1.85089E-05 3.80893E-05 1.81613E-05 -1.99442E-05 3.80826E-05 1.75807E-05 -2.11419E-05 
3.80241E-05 1.69327E-05 -1.98234E-05 3.78813E-05 1.72977E-05 -2.23476E-05 1.97265E-05 2.23638E-05 -2.01529E-05 
3.01830E-05 2.60841E-05 -1.43929E-05 3.77773E-05 1.62939E-05 -1.85737E-05 3.78130E-05 1.56430E-05 -1.99041E-05 
3.79582E-05 1.63578E-05 -2.08056E-05 3.78896E-05 1.64012E-05 -2.18471E-05 3.75949E-05 1.63585E-05 -2.30797E-05 
3.77223E-05 1.53758E-05 -2.11464E-05 3.75138E-05 1.52712E-05 -2.23772E-05 3.71242E-05 1.51101E-05 -2.35984E-05 
3.72678E-05 1.42355E-05 -2.16235E-05 3.63784E-05 2.33423E-05 -1.82028E-05 3.62150E-05 2.39246E-05 -2.05938E-05 
3.62844E-05 2.36012E-05 -2.17946E-05 3.59178E-05 2.37240E-05 -2.28989E-05 3.63852E-05 2.16012E-05 -1.59248E-05 
3.70357E-05 2.21148E-05 -1.83182E-05 3.67321E-05 2.30732E-05 -1.94639E-05 3.67261E-05 2.26698E-05 -2.23804E-05 
3.63475E-05 2.24792E-05 -2.37496E-05 3.70146E-05 2.16306E-05 -2.30387E-05 3.66721E-05 2.08632E-05 -2.45492E-05 
3.64562E-05 2.03994E-05 -1.53470E-05 3.73392E-05 1.91259E-05 -2.39606E-05 3.67042E-05 1.92867E-05 -2.52125E-05 
3.70716E-05 1.78758E-05 -1.60501E-05 3.07287E-05 1.80212E-05 -1.06765E-05 3.62208E-05 1.82281E-05 -2.61682E-05 
3.66351E-05 1.70516E-05 -2.54664E-05 3.67589E-05 1.62582E-05 -1.58537E-05 3.71005E-05 1.64193E-05 -2.44684E-05 
3.65319E-05 1.60251E-05 -2.54041E-05 3.64712E-05 1.46691E-05 -1.63037E-05 3.72180E-05 1.55176E-05 -1.73448E-05 
3.74200E-05 1.48621E-05 -1.88131E-05 3.68044E-05 1.40669E-05 -1.77421E-05 3.68986E-05 1.35484E-05 -1.92236E-05 
3.73966E-05 1.43870E-05 -2.02667E-05 3.70575E-05 1.42708E-05 -2.28020E-05 3.25814E-05 2.00954E-05 -2.88345E-05 
3.66962E-05 1.30114E-05 -2.07574E-05 3.64696E-05 1.37117E-05 -2.38254E-05 3.56994E-05 2.39899E-05 -1.73446E-05 
3.52772E-05 2.50784E-05 -2.04731E-05 3.55590E-05 2.45734E-05 -2.17675E-05 3.49514E-05 2.47221E-05 -2.30825E-05 
3.54467E-05 2.34902E-05 -1.60525E-05 2.84353E-05 1.49752E-05 -1.10435E-05 1.91293E-05 1.95754E-05 -1.82352E-05 
3.58501E-05 2.24249E-05 -1.56490E-05 3.56889E-05 2.24573E-05 -2.50084E-05 3.57401E-05 2.14789E-05 -1.47804E-05 
3.56513E-05 2.14149E-05 -2.58410E-05 3.58589E-05 2.00240E-05 -2.62455E-05 3.56795E-05 1.80857E-05 -1.39178E-05 
3.51737E-05 1.87879E-05 -2.73131E-05 2.70034E-05 1.00207E-05 -1.53906E-05 3.59048E-05 1.65911E-05 -2.64765E-05 
3.54062E-05 1.75744E-05 -2.71441E-05 3.58851E-05 1.51479E-05 -1.50111E-05 3.59387E-05 1.51322E-05 -2.59278E-05 
3.55654E-05 1.38171E-05 -1.55411E-05 3.52612E-05 1.43892E-05 -2.63694E-05 3.60035E-05 1.33061E-05 -1.68717E-05 
3.62116E-05 1.27901E-05 -1.82635E-05 3.62244E-05 1.24529E-05 -1.94921E-05 3.56140E-05 1.26812E-05 -2.43058E-05 
3.55637E-05 1.15158E-05 -2.04090E-05 3.59744E-05 1.21054E-05 -2.18255E-05 3.58986E-05 1.24121E-05 -2.31406E-05 
3.39888E-05 2.59838E-05 -1.81801E-05 3.47112E-05 2.55559E-05 -1.91488E-05 3.45544E-05 2.55482E-05 -2.17756E-05 
3.46544E-05 2.39738E-05 -1.53681E-05 3.47099E-05 2.46462E-05 -1.64265E-05 3.49698E-05 2.28500E-05 -1.46624E-05 
3.43464E-05 2.46257E-05 -2.42750E-05 3.48755E-05 2.16529E-05 -1.37985E-05 3.48412E-05 2.24345E-05 -2.61027E-05 
3.48485E-05 2.11932E-05 -2.68588E-05 3.47379E-05 2.00055E-05 -2.74447E-05 3.53665E-05 1.99703E-05 -1.37209E-05 
3.49689E-05 1.68589E-05 -1.32917E-05 3.44717E-05 1.77147E-05 -2.79794E-05 3.42534E-05 1.58579E-05 -1.29350E-05 
3.50439E-05 1.55682E-05 -1.37854E-05 3.48901E-05 1.65064E-05 -2.75211E-05 3.33422E-05 9.71584E-06 -2.16120E-05 
2.88701E-05 2.78639E-05 -1.88343E-05 3.48840E-05 1.42455E-05 -1.43607E-05 3.44102E-05 1.42883E-05 -2.71897E-05 
3.46068E-05 1.29577E-05 -1.50992E-05 3.52091E-05 1.27307E-05 -1.62032E-05 3.48394E-05 1.23716E-05 -2.51843E-05 
3.57219E-05 1.37771E-05 -2.53042E-05 3.46637E-05 1.33346E-05 -2.63068E-05 3.53506E-05 1.21462E-05 -1.73496E-05 
3.54141E-05 1.16453E-05 -1.87661E-05 3.48772E-05 1.15747E-05 -2.39197E-05 3.12332E-05 1.82731E-05 -2.96010E-05 
3.51790E-05 1.11842E-05 -2.16660E-05 3.53111E-05 1.15286E-05 -2.26354E-05 3.44349E-05 1.04572E-05 -2.09157E-05 
2.67895E-05 2.65600E-05 -2.44881E-05 3.36399E-05 2.63773E-05 -1.91841E-05 3.37373E-05 2.49636E-05 -1.54351E-05 
3.07563E-05 1.02963E-05 -1.53092E-05 3.39330E-05 2.38854E-05 -1.43669E-05 3.39011E-05 2.26776E-05 -1.33961E-05 
3.38556E-05 2.31504E-05 -2.64575E-05 3.38806E-05 2.21759E-05 -2.71574E-05 3.41819E-05 2.11701E-05 -1.28946E-05 
3.41770E-05 1.98773E-05 -1.25584E-05 2.19928E-05 1.09024E-05 -1.86613E-05 2.97007E-05 2.55970E-05 -2.60918E-05 
3.45159E-05 1.83107E-05 -1.26993E-05 3.38848E-05 1.68136E-05 -1.23570E-05 3.33243E-05 1.54419E-05 -1.23861E-05 
3.39910E-05 1.65514E-05 -2.82637E-05 3.40523E-05 1.46526E-05 -1.32844E-05 3.41886E-05 1.54786E-05 -2.78686E-05 
3.37267E-05 1.32318E-05 -1.39614E-05 3.35913E-05 1.31824E-05 -2.71847E-05 3.35611E-05 1.21563E-05 -1.48689E-05 
3.41758E-05 1.16602E-05 -1.61931E-05 3.39135E-05 1.14062E-05 -2.51085E-05 3.38337E-05 1.22299E-05 -2.61904E-05 
3.14760E-05 9.23021E-06 -2.33824E-05 2.98008E-05 1.25301E-05 -2.83385E-05 3.43546E-05 1.06078E-05 -2.25035E-05 
3.22065E-05 2.66200E-05 -1.68020E-05 3.30249E-05 2.65652E-05 -1.80002E-05 3.25839E-05 2.69601E-05 -1.90658E-05 
3.29414E-05 2.68083E-05 -2.02554E-05 3.58800E-05 1.65558E-05 -1.43972E-05 3.24106E-05 2.65644E-05 -2.27987E-05 
3.25426E-05 2.58782E-05 -1.55383E-05 3.22915E-05 1.87425E-05 -2.92160E-05 2.95878E-05 8.88651E-06 -1.78551E-05 
3.32219E-05 2.50515E-05 -2.49510E-05 3.18029E-05 2.38523E-05 -1.27609E-05 3.28615E-05 2.38805E-05 -1.34107E-05 
3.30233E-05 2.40908E-05 -2.62779E-05 3.25943E-05 2.29078E-05 -1.25590E-05 3.29210E-05 2.30666E-05 -2.72165E-05 
3.32087E-05 2.19043E-05 -1.24308E-05 3.27996E-05 2.21302E-05 -2.78836E-05 3.30468E-05 2.06963E-05 -1.19036E-05 
3.32854E-05 1.91647E-05 -1.18077E-05 3.20914E-05 1.85970E-05 -1.11172E-05 3.31997E-05 1.78057E-05 -1.17410E-05 
3.29148E-05 1.65964E-05 -1.17767E-05 3.27860E-05 1.56989E-05 -2.87832E-05 3.33203E-05 1.43540E-05 -2.80463E-05 
2.38433E-05 2.48907E-05 -2.52907E-05 3.23954E-05 1.22429E-05 -1.38471E-05 3.26890E-05 1.20587E-05 -2.69411E-05 
1.95649E-05 1.99237E-05 -2.37579E-05 3.33578E-05 1.06713E-05 -1.68657E-05 3.30272E-05 1.14007E-05 -2.60136E-05 
3.31170E-05 9.97444E-06 -1.82315E-05 3.17162E-05 1.08622E-05 -2.62902E-05 3.33753E-05 9.77043E-06 -2.00221E-05 
3.66512E-05 1.32394E-05 -2.23554E-05 3.29673E-05 9.79160E-06 -2.29564E-05 2.79953E-05 1.08227E-05 -1.40867E-05 
3.16854E-05 2.72161E-05 -1.81756E-05 3.19822E-05 2.70850E-05 -2.14671E-05 3.10892E-05 2.70686E-05 -2.28035E-05 
3.18775E-05 2.62144E-05 -2.41992E-05 3.13684E-05 1.29403E-05 -1.27291E-05 3.17472E-05 2.47575E-05 -1.35113E-05 
3.15753E-05 2.52407E-05 -2.58942E-05 3.13559E-05 2.31285E-05 -1.20710E-05 3.17980E-05 2.39917E-05 -2.71027E-05 
3.18321E-05 2.28142E-05 -2.79837E-05 3.21431E-05 2.19590E-05 -1.18269E-05 3.16412E-05 2.08589E-05 -1.12208E-05 
3.19490E-05 2.13579E-05 -2.86933E-05 3.22619E-05 1.98183E-05 -1.13043E-05 1.96323E-05 2.19475E-05 -2.18431E-05 
3.11777E-05 1.98628E-05 -2.94360E-05 3.20862E-05 9.17698E-06 -1.94908E-05 3.03403E-05 2.67931E-05 -2.39900E-05 
3.18603E-05 1.70501E-05 -2.93980E-05 3.24936E-05 1.09481E-05 -1.54628E-05 3.19320E-05 1.42794E-05 -2.86944E-05 
3.23973E-05 1.31051E-05 -2.78947E-05 3.13344E-05 1.19647E-05 -2.75408E-05 3.23781E-05 1.01016E-05 -1.68931E-05 
3.24734E-05 9.92374E-06 -2.41482E-05 3.27587E-05 1.05788E-05 -2.51133E-05 3.14218E-05 9.34759E-06 -1.77523E-05 
3.24416E-05 9.22941E-06 -2.07338E-05 3.21095E-05 9.16799E-06 -2.19941E-05 2.91532E-05 2.22494E-05 -1.11317E-05 
3.02861E-05 2.76589E-05 -1.85663E-05 3.36328E-05 2.09048E-05 -2.79827E-05 3.05339E-05 2.75549E-05 -2.13405E-05 
2.34194E-05 2.46563E-05 -1.45195E-05 3.04021E-05 2.72601E-05 -1.68607E-05 3.07102E-05 2.61436E-05 -2.50136E-05 
3.06407E-05 2.52684E-05 -1.35395E-05 3.06549E-05 2.46610E-05 -2.69100E-05 3.05444E-05 2.43299E-05 -1.26316E-05 
3.05365E-05 2.34977E-05 -2.79502E-05 3.08062E-05 2.20784E-05 -1.13537E-05 3.08817E-05 2.22924E-05 -2.86044E-05 
3.03142E-05 2.12087E-05 -2.92500E-05 3.10668E-05 1.96592E-05 -1.07835E-05 2.98487E-05 1.86665E-05 -2.98540E-05 
3.06191E-05 1.64600E-05 -1.08724E-05 2.31886E-05 1.75694E-05 -2.85119E-05 3.09589E-05 1.53849E-05 -2.93690E-05 
3.13518E-05 1.40743E-05 -1.20199E-05 3.12406E-05 1.30464E-05 -2.83220E-05 3.06122E-05 1.38228E-05 -2.89089E-05 
2.52817E-05 9.80799E-06 -1.66914E-05 3.10758E-05 1.19774E-05 -1.34233E-05 3.12586E-05 1.11844E-05 -1.43462E-05 
3.14669E-05 9.97575E-06 -1.63176E-05 3.14883E-05 9.85142E-06 -2.48910E-05 3.70893E-05 2.09518E-05 -1.70390E-05 
3.28073E-05 2.49474E-05 -1.44380E-05 3.11031E-05 8.73370E-06 -2.07944E-05 3.09640E-05 8.81969E-06 -2.22348E-05 
2.92831E-05 2.76116E-05 -1.76009E-05 2.49587E-05 1.31203E-05 -1.27982E-05 2.98264E-05 2.78130E-05 -1.99845E-05 
2.92012E-05 2.77814E-05 -2.11467E-05 2.98507E-05 2.67742E-05 -1.54561E-05 2.47923E-05 9.09947E-06 -2.07607E-05 
2.94971E-05 2.63837E-05 -2.49874E-05 2.33199E-05 2.64092E-05 -1.90005E-05 2.40092E-05 1.88607E-05 -1.13976E-05 
2.91808E-05 2.53563E-05 -1.32967E-05 2.94024E-05 2.45105E-05 -2.73199E-05 2.90137E-05 2.34362E-05 -2.82111E-05 
3.01427E-05 2.31982E-05 -1.17658E-05 2.95000E-05 2.24044E-05 -2.88087E-05 3.01900E-05 2.07842E-05 -1.07778E-05 
2.97102E-05 2.00813E-05 -2.96540E-05 2.73030E-05 1.05533E-05 -2.66014E-05 3.03093E-05 1.71944E-05 -2.98200E-05 
3.01676E-05 1.48045E-05 -1.13098E-05 3.02221E-05 1.34157E-05 -1.20334E-05 3.01799E-05 1.23027E-05 -1.28321E-05 
2.66191E-05 2.17290E-05 -2.89514E-05 3.53901E-05 2.36495E-05 -2.41369E-05 2.62882E-05 2.31605E-05 -2.80551E-05 
3.00655E-05 9.50526E-06 -1.64628E-05 3.02657E-05 1.00199E-05 -2.57917E-05 3.05532E-05 8.71970E-06 -1.91675E-05 
2.95605E-05 8.43528E-06 -2.03063E-05 2.97810E-05 8.51062E-06 -2.16556E-05 2.99654E-05 8.76161E-06 -2.30431E-05 
3.01333E-05 9.25347E-06 -2.43831E-05 2.78280E-05 2.76206E-05 -1.76560E-05 2.80231E-05 2.77190E-05 -2.16789E-05 
2.94224E-05 2.74354E-05 -2.26476E-05 2.86802E-05 2.68839E-05 -2.41568E-05 2.87940E-05 2.64322E-05 -1.46397E-05 
2.85208E-05 2.71768E-05 -1.61258E-05 2.79024E-05 2.40122E-05 -2.77463E-05 2.87649E-05 2.39690E-05 -1.20819E-05 
3.43749E-05 1.10030E-05 -1.77640E-05 2.88873E-05 2.07234E-05 -1.06098E-05 2.84081E-05 2.11777E-05 -2.93800E-05 
2.94047E-05 1.92310E-05 -1.04148E-05 2.84340E-05 1.93902E-05 -2.98310E-05 2.33118E-05 2.62124E-05 -2.18176E-05 
2.66919E-05 1.69275E-05 -2.97640E-05 2.91000E-05 1.74123E-05 -1.04386E-05 2.93269E-05 1.58408E-05 -1.08082E-05 
2.94737E-05 1.60230E-05 -2.97390E-05 2.89691E-05 1.37956E-05 -1.16108E-05 2.93155E-05 1.27866E-05 -1.23001E-05 
2.91055E-05 1.42726E-05 -2.92970E-05 2.88805E-05 1.17188E-05 -1.31560E-05 2.84254E-05 1.13835E-05 -2.75843E-05 
2.98798E-05 1.10975E-05 -1.39999E-05 2.90820E-05 1.01032E-05 -1.51375E-05 2.05495E-05 2.31932E-05 -2.28718E-05 
2.92152E-05 8.55330E-06 -1.90747E-05 2.87705E-05 8.92051E-06 -2.39112E-05 2.89483E-05 9.49136E-06 -2.52319E-05 
2.65420E-05 2.71540E-05 -1.66134E-05 2.64154E-05 2.75568E-05 -1.82552E-05 2.75983E-05 2.78292E-05 -1.88879E-05 
2.81593E-05 2.79032E-05 -2.02119E-05 2.75366E-05 2.73027E-05 -2.30114E-05 2.76340E-05 2.58354E-05 -1.38818E-05 
3.01206E-05 1.10215E-05 -2.70700E-05 2.78786E-05 2.50345E-05 -1.29750E-05 2.74157E-05 2.28584E-05 -1.14553E-05 
3.75064E-05 1.70598E-05 -1.72404E-05 2.77139E-05 2.14088E-05 -1.08017E-05 2.68992E-05 2.02092E-05 -2.95340E-05 
2.78565E-05 1.99964E-05 -1.04587E-05 2.78279E-05 1.85474E-05 -1.03404E-05 3.44466E-05 1.06115E-05 -1.93527E-05 
2.75327E-05 1.73593E-05 -1.04575E-05 2.79387E-05 1.62556E-05 -1.06446E-05 3.33679E-05 2.63724E-05 -2.17405E-05 
2.78435E-05 1.56637E-05 -2.97000E-05 2.81622E-05 1.27890E-05 -1.22468E-05 2.74016E-05 1.17831E-05 -1.31316E-05 
2.79204E-05 1.27822E-05 -2.85747E-05 1.92603E-05 2.03829E-05 -2.23238E-05 2.83866E-05 9.25101E-06 -1.66827E-05 
2.76591E-05 9.80906E-06 -2.56384E-05 2.85978E-05 8.38635E-06 -2.10571E-05 2.83900E-05 8.50567E-06 -2.23791E-05 
2.72185E-05 8.82679E-06 -2.33642E-05 2.75144E-05 9.29079E-06 -2.46918E-05 2.66402E-05 2.77327E-05 -1.96739E-05 
2.70314E-05 2.77447E-05 -2.08233E-05 2.64865E-05 2.74810E-05 -2.18842E-05 2.59275E-05 2.69922E-05 -2.30590E-05 
2.55535E-05 2.63538E-05 -1.54144E-05 3.70022E-05 1.79737E-05 -2.48781E-05 2.59239E-05 2.32090E-05 -1.19589E-05 
2.66964E-05 2.51812E-05 -1.33115E-05 2.61851E-05 2.58364E-05 -1.42897E-05 2.66511E-05 2.56375E-05 -2.58409E-05 
2.67206E-05 1.16665E-05 -2.75961E-05 2.66186E-05 2.45520E-05 -2.70486E-05 2.81526E-05 8.40673E-06 -1.99569E-05 
2.60974E-05 2.16846E-05 -1.11843E-05 3.78642E-05 1.87347E-05 -2.23616E-05 2.67694E-05 2.05344E-05 -1.07085E-05 
2.65527E-05 1.93575E-05 -1.05514E-05 2.68003E-05 1.85572E-05 -2.97850E-05 2.63179E-05 1.80089E-05 -1.05900E-05 
2.64311E-05 1.66289E-05 -1.07622E-05 2.68648E-05 1.52322E-05 -1.10826E-05 2.71437E-05 2.66484E-05 -1.52048E-05 
2.58570E-05 1.42714E-05 -1.17747E-05 2.60930E-05 1.54870E-05 -2.93820E-05 2.74627E-05 1.39817E-05 -1.15572E-05 
2.66899E-05 1.29454E-05 -1.23404E-05 2.61414E-05 1.29420E-05 -2.83544E-05 2.61095E-05 1.20649E-05 -1.31869E-05 
2.64025E-05 1.11061E-05 -1.40506E-05 3.64626E-05 1.89281E-05 -1.49947E-05 2.68676E-05 9.25780E-06 -1.69912E-05 
2.62908E-05 9.90336E-06 -2.54094E-05 3.65753E-05 1.49819E-05 -2.47818E-05 2.77522E-05 8.73305E-06 -1.82864E-05 
2.73974E-05 8.44189E-06 -2.11268E-05 2.69162E-05 8.63552E-06 -2.22413E-05 2.62642E-05 9.28626E-06 -2.41185E-05 
2.53976E-05 2.71304E-05 -1.76223E-05 2.50250E-05 2.72559E-05 -1.90961E-05 2.56467E-05 2.74458E-05 -2.06464E-05 
2.49410E-05 2.70130E-05 -2.18148E-05 2.46462E-05 2.65382E-05 -1.66142E-05 2.42607E-05 2.67171E-05 -1.78295E-05 
2.44900E-05 2.64584E-05 -2.30328E-05 2.53468E-05 2.63787E-05 -2.40213E-05 2.55038E-05 2.51347E-05 -1.37070E-05 
2.46607E-05 2.53778E-05 -1.44468E-05 2.52917E-05 2.57936E-05 -2.50397E-05 2.52355E-05 2.48367E-05 -2.62403E-05 
2.53549E-05 2.38890E-05 -2.71887E-05 2.57620E-05 2.43250E-05 -1.27920E-05 3.43701E-05 2.37191E-05 -2.54400E-05 
2.51162E-05 2.18614E-05 -2.84303E-05 2.55860E-05 2.07442E-05 -2.90710E-05 2.56056E-05 2.02439E-05 -1.09286E-05 
2.52835E-05 1.89724E-05 -1.08742E-05 2.52399E-05 1.93466E-05 -2.93150E-05 2.54186E-05 1.78271E-05 -2.94900E-05 
2.80654E-05 2.51981E-05 -2.66494E-05 2.52193E-05 1.56651E-05 -1.13916E-05 2.54272E-05 1.65848E-05 -2.94070E-05 
2.88573E-05 1.02939E-05 -2.64161E-05 2.70147E-05 1.41763E-05 -2.91370E-05 2.59341E-05 9.03578E-06 -1.82063E-05 
2.64195E-05 8.63118E-06 -1.98373E-05 2.60835E-05 8.71680E-06 -2.13851E-05 2.20667E-05 1.06829E-05 -2.16741E-05 
2.41428E-05 2.68711E-05 -2.04390E-05 2.41401E-05 2.57945E-05 -2.41516E-05 2.71259E-05 2.41690E-05 -1.23379E-05 
2.41075E-05 2.38786E-05 -2.65648E-05 2.29577E-05 2.11624E-05 -2.76579E-05 2.45951E-05 2.34419E-05 -1.26257E-05 
2.45418E-05 2.29034E-05 -2.75809E-05 2.47110E-05 2.22627E-05 -1.18961E-05 2.38880E-05 2.18416E-05 -2.78770E-05 
2.41831E-05 2.05978E-05 -2.85761E-05 2.46304E-05 2.09879E-05 -1.14471E-05 2.45569E-05 1.99526E-05 -1.12615E-05 
2.42938E-05 1.81917E-05 -2.90790E-05 2.43855E-05 1.70062E-05 -2.90940E-05 2.40252E-05 1.62756E-05 -1.17148E-05 
2.47688E-05 1.57598E-05 -2.90260E-05 2.79564E-05 2.26909E-05 -2.86566E-05 2.51188E-05 1.42583E-05 -2.86904E-05 
2.47580E-05 1.30548E-05 -2.78871E-05 2.50010E-05 1.17971E-05 -1.39000E-05 2.19553E-05 2.01478E-05 -2.72831E-05 
2.51957E-05 1.07416E-05 -1.50782E-05 2.32686E-05 2.34842E-05 -1.34574E-05 2.45912E-05 1.13916E-05 -2.64355E-05 
2.38934E-05 1.01996E-05 -1.71435E-05 2.45123E-05 9.55548E-06 -1.80970E-05 2.49993E-05 9.77271E-06 -2.42672E-05 
2.47547E-05 1.05699E-05 -2.55284E-05 1.91596E-05 1.94877E-05 -2.10238E-05 3.36741E-05 2.57703E-05 -1.68250E-05 
2.55011E-05 9.07510E-06 -2.26657E-05 2.36619E-05 1.90840E-05 -2.86935E-05 2.28376E-05 2.61194E-05 -2.04521E-05 
2.34052E-05 2.58335E-05 -2.31456E-05 2.29023E-05 2.50771E-05 -2.39714E-05 3.75929E-05 1.76488E-05 -2.34988E-05 
2.26277E-05 2.43180E-05 -2.47901E-05 2.28578E-05 2.36877E-05 -2.57894E-05 2.30815E-05 2.26028E-05 -2.69102E-05 
2.36575E-05 2.25532E-05 -1.25835E-05 2.35629E-05 2.14537E-05 -1.21323E-05 2.36260E-05 2.01998E-05 -1.17457E-05 
2.30296E-05 2.00086E-05 -2.81053E-05 2.04153E-05 2.37860E-05 -2.10799E-05 2.30906E-05 2.59199E-05 -1.72663E-05 
2.31078E-05 1.75136E-05 -1.19621E-05 2.37407E-05 1.62735E-05 -2.86734E-05 2.41556E-05 1.47792E-05 -1.22248E-05 
2.37278E-05 1.51798E-05 -2.83771E-05 2.36479E-05 1.37179E-05 -1.30815E-05 2.37187E-05 1.38217E-05 -2.78084E-05 
2.37745E-05 1.26173E-05 -1.38345E-05 2.38510E-05 1.15764E-05 -1.48544E-05 2.38102E-05 1.23595E-05 -2.68545E-05 
2.38650E-05 1.07663E-05 -1.60364E-05 2.35916E-05 1.13281E-05 -2.56216E-05 2.32221E-05 1.01469E-05 -1.82865E-05 
2.38409E-05 9.58687E-06 -1.94475E-05 3.26607E-05 1.39293E-05 -1.27264E-05 2.40317E-05 9.52749E-06 -2.18453E-05 
2.39112E-05 9.88230E-06 -2.31722E-05 2.36493E-05 1.05138E-05 -2.44239E-05 2.22559E-05 2.55623E-05 -1.83236E-05 
2.20464E-05 2.55509E-05 -1.95822E-05 2.17930E-05 2.52344E-05 -2.11618E-05 2.23192E-05 2.52455E-05 -2.26490E-05 
2.25412E-05 2.48909E-05 -1.58737E-05 2.16277E-05 2.47269E-05 -1.72910E-05 2.12582E-05 2.43809E-05 -2.23673E-05 
2.16777E-05 2.41266E-05 -2.37824E-05 1.98262E-05 2.26440E-05 -1.84980E-05 2.19107E-05 2.34904E-05 -2.49653E-05 
3.15459E-05 2.74001E-05 -1.98180E-05 2.21509E-05 2.28595E-05 -1.39778E-05 2.18986E-05 2.26728E-05 -2.57910E-05 
2.25804E-05 2.20434E-05 -1.30759E-05 2.18804E-05 2.14975E-05 -2.66149E-05 2.26100E-05 2.05621E-05 -1.24818E-05 
2.25931E-05 1.34652E-05 -2.67794E-05 2.28067E-05 1.91345E-05 -1.21063E-05 2.23625E-05 1.88114E-05 -2.78981E-05 
1.92224E-05 2.11875E-05 -1.94381E-05 2.21222E-05 1.68709E-05 -1.27645E-05 2.29737E-05 1.59358E-05 -1.24055E-05 
2.26821E-05 1.60891E-05 -2.80057E-05 2.27517E-05 1.46828E-05 -1.30960E-05 2.25360E-05 1.48026E-05 -2.74923E-05 
2.26084E-05 1.35118E-05 -1.39664E-05 2.26339E-05 1.24342E-05 -1.49037E-05 3.15554E-05 2.56662E-05 -1.44327E-05 
2.28691E-05 1.15322E-05 -1.58246E-05 2.25542E-05 1.23121E-05 -2.57724E-05 2.26108E-05 1.10133E-05 -1.70884E-05 
2.25325E-05 1.14486E-05 -2.46634E-05 2.27626E-05 1.02035E-05 -1.94519E-05 2.31334E-05 9.89907E-06 -2.07763E-05 
2.31372E-05 1.00402E-05 -2.20941E-05 2.14892E-05 2.49599E-05 -1.86624E-05 2.13861E-05 2.37999E-05 -1.59393E-05 
2.06744E-05 2.40757E-05 -1.84236E-05 2.10138E-05 2.46383E-05 -1.97687E-05 2.22684E-05 2.38113E-05 -1.47584E-05 
2.18489E-05 1.22288E-05 -1.61048E-05 2.13195E-05 2.27983E-05 -1.48530E-05 2.15148E-05 2.18015E-05 -1.39375E-05 
2.09172E-05 2.16445E-05 -2.53086E-05 2.18241E-05 2.09363E-05 -1.32574E-05 2.17551E-05 1.97288E-05 -1.29714E-05 
2.53075E-05 1.20080E-05 -2.74176E-05 2.17126E-05 1.81924E-05 -1.29190E-05 2.11310E-05 1.89910E-05 -2.67826E-05 
2.07430E-05 1.25629E-05 -2.33556E-05 2.11708E-05 1.68998E-05 -1.36356E-05 2.17155E-05 1.73984E-05 -2.74331E-05 
2.18946E-05 1.57465E-05 -1.32964E-05 2.15797E-05 1.57970E-05 -2.70446E-05 2.16231E-05 1.46074E-05 -1.41064E-05 
2.07897E-05 1.43027E-05 -2.54094E-05 2.15813E-05 1.44627E-05 -2.64889E-05 2.15519E-05 1.34140E-05 -1.51322E-05 
2.15787E-05 1.33419E-05 -2.56603E-05 2.49889E-05 9.11255E-06 -1.93004E-05 2.16244E-05 1.16815E-05 -2.36077E-05 
2.15038E-05 1.24111E-05 -2.45933E-05 2.57557E-05 1.09077E-05 -2.65311E-05 2.19031E-05 1.07604E-05 -2.01575E-05 
3.18751E-05 1.54505E-05 -1.15975E-05 2.40071E-05 2.58155E-05 -1.56876E-05 2.05449E-05 2.33972E-05 -1.71584E-05 
3.35656E-05 1.05383E-05 -2.40072E-05 2.03279E-05 2.36935E-05 -1.95858E-05 3.35679E-05 2.57149E-05 -2.33390E-05 
2.05473E-05 2.25718E-05 -1.59179E-05 1.99513E-05 2.22661E-05 -1.69848E-05 2.24700E-05 1.07685E-05 -2.31621E-05 
2.06438E-05 2.16235E-05 -1.49127E-05 1.99117E-05 2.13242E-05 -1.61285E-05 2.00625E-05 2.16734E-05 -2.37156E-05 
2.09332E-05 2.04750E-05 -1.39962E-05 2.01594E-05 2.05337E-05 -1.51733E-05 2.02706E-05 2.06080E-05 -2.48448E-05 
2.02008E-05 1.93851E-05 -1.47890E-05 2.09834E-05 1.91989E-05 -1.36754E-05 1.91037E-05 1.81362E-05 -2.15892E-05 
2.06384E-05 1.80873E-05 -1.40960E-05 2.05281E-05 1.77590E-05 -2.61348E-05 2.04243E-05 1.69833E-05 -1.45708E-05 
2.00253E-05 1.65702E-05 -2.52644E-05 2.08596E-05 1.65574E-05 -2.64490E-05 2.08843E-05 1.57955E-05 -1.43506E-05 
2.06884E-05 1.53836E-05 -2.58857E-05 2.05591E-05 1.47139E-05 -1.54423E-05 2.01279E-05 1.43216E-05 -1.66777E-05 
2.00213E-05 1.49910E-05 -2.45290E-05 2.08235E-05 1.32978E-05 -1.63962E-05 2.06465E-05 1.34988E-05 -2.44753E-05 
2.03452E-05 1.26523E-05 -1.88891E-05 2.49079E-05 1.74679E-05 -1.10766E-05 2.09919E-05 1.16923E-05 -1.93675E-05 
2.09781E-05 1.15962E-05 -2.09457E-05 2.12635E-05 1.15953E-05 -2.24580E-05 2.09194E-05 2.04362E-05 -2.60417E-05 
3.19525E-05 1.71323E-05 -1.11891E-05 3.48546E-05 2.51164E-05 -1.77805E-05 3.57681E-05 2.44292E-05 -1.89841E-05 
1.93910E-05 2.10768E-05 -1.78087E-05 2.45191E-05 2.44276E-05 -1.34767E-05 2.11217E-05 1.20467E-05 -1.77273E-05 
1.95015E-05 1.96849E-05 -1.62240E-05 2.82275E-05 2.61227E-05 -2.54661E-05 2.00853E-05 1.35054E-05 -1.78775E-05 
3.11864E-05 2.64609E-05 -1.54940E-05 2.84696E-05 1.74522E-05 -2.99500E-05 1.92506E-05 1.84281E-05 -1.70466E-05 
3.77984E-05 2.04460E-05 -2.02682E-05 3.41254E-05 2.60540E-05 -2.05036E-05 3.64535E-05 1.74978E-05 -1.50118E-05 
1.97443E-05 1.79974E-05 -1.55743E-05 1.91158E-05 1.78276E-05 -1.82371E-05 1.91081E-05 1.82755E-05 -1.96647E-05 
2.10035E-05 2.27811E-05 -2.44951E-05 2.00325E-05 1.63248E-05 -1.54603E-05 1.93894E-05 1.70280E-05 -1.67779E-05 
1.96938E-05 1.76642E-05 -2.46447E-05 3.63975E-05 2.25686E-05 -1.68878E-05 1.91069E-05 1.67604E-05 -1.96162E-05 
3.33340E-05 1.74843E-05 -2.87576E-05 1.92150E-05 1.69966E-05 -2.30636E-05 1.96950E-05 1.55599E-05 -1.66417E-05 
1.92624E-05 1.59543E-05 -1.81066E-05 1.89811E-05 1.50901E-05 -2.01786E-05 1.91064E-05 1.62182E-05 -2.17743E-05 
1.95328E-05 1.62796E-05 -2.40665E-05 1.96652E-05 1.47513E-05 -1.75178E-05 1.94802E-05 1.45311E-05 -1.85669E-05 
1.94619E-05 1.86534E-05 -2.38521E-05 1.95551E-05 1.38066E-05 -2.06209E-05 1.93833E-05 1.45316E-05 -2.18085E-05 
1.94052E-05 1.54325E-05 -2.30899E-05 2.01742E-05 1.26559E-05 -2.01523E-05 1.97039E-05 1.36466E-05 -1.92776E-05 
3.38279E-05 1.91579E-05 -2.83330E-05 2.01562E-05 1.28477E-05 -2.18653E-05 1.99081E-05 1.39221E-05 -2.31552E-05 
3.73727E-05 2.18050E-05 -1.99093E-05 2.01291E-05 1.91870E-05 -2.53234E-05 1.82047E-05 2.26799E-05 -2.21035E-05 
1.88355E-05 2.11848E-05 -1.75747E-05 1.87972E-05 2.21045E-05 -1.94032E-05 1.87983E-05 2.19862E-05 -2.07683E-05 
1.88337E-05 2.10961E-05 -2.18325E-05 1.89978E-05 2.11410E-05 -1.86572E-05 1.87777E-05 2.01917E-05 -2.31736E-05 
8.63440E-06 8.64590E-06 -1.96258E-05 2.28990E-06 2.43094E-05 -1.66509E-05 1.87947E-05 1.93308E-05 -1.61566E-05 
1.79484E-05 1.73819E-05 -2.55492E-05 1.89548E-05 1.86911E-05 -2.30447E-05 3.48670E-06 1.30772E-05 -2.48213E-05 
1.89761E-05 1.80358E-05 -1.67975E-05 1.91379E-05 1.77886E-05 -1.81831E-05 1.86103E-05 1.79961E-05 -2.44301E-05 
1.90304E-05 1.65473E-05 -1.75646E-05 1.91329E-05 1.95402E-05 -2.08843E-05 5.81001E-07 1.69145E-05 -2.15988E-05 
1.89860E-05 1.72148E-05 -2.32809E-05 1.90150E-05 1.54096E-05 -1.85790E-05 4.58080E-06 2.45820E-05 -1.33895E-05 
1.91328E-05 1.62224E-05 -2.17970E-05 1.87902E-05 1.56855E-05 -2.32762E-05 1.88595E-05 1.47425E-05 -2.20036E-05 
1.80700E-05 2.31288E-05 -1.77063E-05 1.81731E-05 2.32126E-05 -1.88918E-05 1.91582E-05 1.96205E-05 -1.92840E-05 
1.74155E-05 2.25140E-05 -2.40670E-05 1.82366E-05 2.23141E-05 -1.67162E-05 1.83617E-05 2.14813E-05 -2.33305E-05 
1.68560E-05 1.16634E-05 -1.83036E-05 1.72860E-05 1.96320E-05 -2.60220E-05 1.80819E-05 1.99577E-05 -1.46186E-05 
1.80329E-05 1.88481E-05 -2.53174E-05 1.83616E-05 1.80862E-05 -1.49372E-05 1.79586E-05 1.66537E-05 -1.44975E-05 
1.85238E-05 1.63452E-05 -1.57864E-05 1.77905E-05 1.55974E-05 -1.47310E-05 1.55327E-05 2.46361E-05 -1.47076E-05 
1.76954E-05 1.59782E-05 -2.56016E-05 1.78739E-05 1.46045E-05 -1.55973E-05 1.86129E-05 1.51095E-05 -1.70276E-05 
1.84726E-05 1.40220E-05 -1.81727E-05 1.84590E-05 1.44462E-05 -2.31770E-05 1.80808E-05 1.49160E-05 -2.44915E-05 
1.80597E-05 1.39129E-05 -1.68571E-05 1.49745E-05 2.43675E-05 -2.49167E-05 1.82844E-05 1.35235E-05 -2.22802E-05 
1.78277E-05 1.35029E-05 -2.36554E-05 1.79889E-05 1.27797E-05 -2.12225E-05 1.75029E-05 2.37665E-05 -1.69468E-05 
1.75949E-05 2.40700E-05 -1.82604E-05 1.75655E-05 2.41829E-05 -1.96007E-05 1.73355E-05 2.31563E-05 -1.55577E-05 
1.71984E-05 2.35952E-05 -2.29942E-05 7.56630E-06 1.80302E-05 -2.91610E-05 1.71564E-05 2.12028E-05 -1.37413E-05 
5.58090E-06 9.92501E-06 -2.24550E-05 1.71874E-05 1.99231E-05 -1.33266E-05 1.75173E-05 1.86684E-05 -1.35774E-05 
1.70617E-05 1.82134E-05 -2.65621E-05 1.59642E-05 1.84602E-05 -2.74469E-05 1.75779E-05 1.73485E-05 -1.37465E-05 
1.71671E-05 1.68333E-05 -2.63948E-05 1.45007E-05 1.48253E-05 -2.79055E-05 1.67330E-05 1.56263E-05 -2.65817E-05 
1.72471E-05 1.48106E-05 -2.56554E-05 6.00360E-06 2.72207E-05 -1.97997E-05 1.76561E-05 1.28372E-05 -1.75683E-05 
6.47599E-07 1.84176E-05 -2.21934E-05 1.73840E-05 1.23018E-05 -2.25711E-05 1.69079E-05 1.14790E-05 -1.96601E-05 
1.72669E-05 1.18026E-05 -2.08973E-05 1.67527E-05 2.48703E-05 -1.76726E-05 1.69102E-05 2.49058E-05 -1.88197E-05 
1.66668E-05 2.51589E-05 -2.00013E-05 1.65042E-05 2.45037E-05 -1.60436E-05 1.62526E-05 2.46887E-05 -2.27572E-05 
1.62567E-05 2.38499E-05 -2.41222E-05 1.64309E-05 2.36390E-05 -1.46765E-05 1.60078E-05 2.30139E-05 -2.53339E-05 
1.16874E-05 2.75910E-05 -1.75816E-05 1.63641E-05 2.19977E-05 -1.32163E-05 1.62442E-05 2.06960E-05 -1.25165E-05 
3.53570E-06 2.56560E-05 -2.02632E-05 1.56365E-05 1.96919E-05 -1.18095E-05 1.65886E-05 1.91296E-05 -1.25292E-05 
1.66925E-05 1.74972E-05 -1.26940E-05 1.60650E-05 1.69183E-05 -2.74071E-05 1.56051E-05 1.52885E-05 -2.74032E-05 
1.69407E-05 1.46322E-05 -1.42024E-05 1.62565E-05 1.41036E-05 -2.63178E-05 1.68088E-05 1.35910E-05 -1.49113E-05 
1.65849E-05 1.20050E-05 -1.67593E-05 1.60386E-05 1.27293E-05 -2.54475E-05 1.65308E-05 1.12500E-05 -2.18693E-05 
1.06696E-05 1.60590E-05 -2.93350E-05 1.60135E-05 1.07574E-05 -1.90267E-05 9.04816E-06 1.12171E-05 -2.67877E-05 
1.58908E-05 2.58134E-05 -1.87111E-05 1.56622E-05 2.59489E-05 -2.01207E-05 1.54102E-05 2.53832E-05 -1.58004E-05 
1.57175E-05 2.56449E-05 -1.70882E-05 1.56120E-05 2.05588E-05 -2.72016E-05 1.53264E-05 2.48758E-05 -2.38515E-05 
1.06374E-05 2.41904E-05 -1.14343E-05 1.55123E-05 2.33671E-05 -1.33671E-05 2.54360E-06 1.54969E-05 -1.36278E-05 
1.54871E-05 2.19623E-05 -1.24050E-05 1.45855E-05 2.61858E-05 -1.63152E-05 1.56882E-05 1.83639E-05 -1.17570E-05 
1.52491E-05 1.94119E-05 -2.77904E-05 1.55538E-05 1.70479E-05 -1.18437E-05 1.59627E-05 1.60239E-05 -1.24430E-05 
1.60020E-05 1.47670E-05 -1.30958E-05 1.58751E-05 1.34590E-05 -1.39440E-05 1.49568E-05 1.39091E-05 -2.72243E-05 
4.76030E-06 2.64609E-05 -1.66894E-05 1.52832E-05 1.30047E-05 -2.63624E-05 1.56404E-05 1.15144E-05 -1.61682E-05 
1.57405E-05 1.18180E-05 -2.46591E-05 1.52215E-05 1.01324E-05 -1.98387E-05 1.61263E-05 1.07356E-05 -2.05780E-05 
1.57322E-05 1.06067E-05 -2.18515E-05 2.25530E-06 2.36402E-05 -2.20042E-05 1.11756E-05 1.31092E-05 -1.17377E-05 
1.46467E-05 2.65458E-05 -1.77984E-05 1.46274E-05 2.64381E-05 -2.10722E-05 1.45013E-05 2.55925E-05 -1.49772E-05 
1.48284E-05 2.57941E-05 -2.27410E-05 1.41525E-05 2.53360E-05 -2.43026E-05 1.44203E-05 2.47297E-05 -1.36847E-05 
1.70675E-05 1.60276E-05 -1.35058E-05 1.41424E-05 2.39018E-05 -1.26826E-05 5.68950E-06 1.29480E-05 -2.68978E-05 
1.42607E-05 2.26411E-05 -1.18887E-05 1.43064E-05 2.25203E-05 -2.69773E-05 1.15855E-05 2.42233E-05 -2.67469E-05 
1.45492E-05 2.14217E-05 -2.74544E-05 1.45468E-05 2.03352E-05 -2.79042E-05 1.78933E-05 2.05649E-05 -2.48782E-05 
1.47506E-05 1.75683E-05 -1.12047E-05 6.74310E-06 2.56722E-05 -2.46483E-05 1.49140E-05 1.49989E-05 -1.21317E-05 
1.26136E-05 1.05833E-05 -1.49162E-05 1.47508E-05 1.36693E-05 -1.28581E-05 1.45707E-05 1.23283E-05 -1.39424E-05 
1.43054E-05 1.27351E-05 -2.68553E-05 1.50009E-05 1.16314E-05 -1.52215E-05 1.46987E-05 1.17701E-05 -2.56811E-05 
1.06009E-05 1.14596E-05 -2.70797E-05 1.46909E-05 1.08843E-05 -1.60909E-05 1.55452E-05 1.08736E-05 -1.73501E-05 
1.47473E-05 1.00185E-05 -1.86128E-05 1.48190E-05 1.08534E-05 -2.42131E-05 1.40865E-05 9.51460E-06 -1.98071E-05 
1.47278E-05 9.86870E-06 -2.11523E-05 1.48729E-05 1.02879E-05 -2.27709E-05 1.33007E-05 2.69628E-05 -1.69290E-05 
1.33021E-05 2.72203E-05 -1.86010E-05 1.32888E-05 2.71508E-05 -2.03256E-05 1.33665E-05 2.64127E-05 -1.53557E-05 
1.33741E-05 2.67586E-05 -2.20245E-05 1.32195E-05 2.61973E-05 -2.35052E-05 1.32084E-05 2.48294E-05 -1.29151E-05 
1.33126E-05 2.57020E-05 -1.40557E-05 1.29508E-05 2.56569E-05 -2.46152E-05 1.34005E-05 2.46201E-05 -2.57216E-05 
1.33415E-05 2.34252E-05 -2.68227E-05 1.28707E-05 2.27600E-05 -1.11941E-05 1.31192E-05 2.37262E-05 -1.19090E-05 
1.32241E-05 2.15970E-05 -1.08509E-05 1.34087E-05 2.08994E-05 -2.82227E-05 1.35295E-05 2.02809E-05 -1.06500E-05 
6.08230E-06 1.89195E-05 -1.02968E-05 1.37287E-05 1.93496E-05 -2.85586E-05 1.36523E-05 1.78560E-05 -1.06282E-05 
1.34915E-05 1.75730E-05 -2.88464E-05 1.30852E-05 1.63092E-05 -2.89009E-05 1.37520E-05 1.66216E-05 -1.08776E-05 
1.36942E-05 1.52870E-05 -1.13238E-05 1.33928E-05 1.51315E-05 -2.85277E-05 1.37329E-05 1.42001E-05 -1.19035E-05 
1.31960E-05 1.26196E-05 -2.73505E-05 1.39031E-05 1.11683E-05 -1.49024E-05 1.33016E-05 1.16539E-05 -2.64676E-05 
1.35964E-05 1.04521E-05 -1.58755E-05 1.39772E-05 1.00279E-05 -1.71762E-05 1.32525E-05 1.06079E-05 -2.52245E-05 
1.34762E-05 9.42695E-06 -1.85390E-05 1.32194E-05 9.18444E-06 -2.09435E-05 1.35872E-05 9.49106E-06 -2.22753E-05 
1.36306E-05 9.96396E-06 -2.36760E-05 1.68619E-05 2.25657E-05 -1.42146E-05 1.20249E-05 2.71164E-05 -1.58917E-05 
1.17947E-05 2.76625E-05 -1.95290E-05 1.18054E-05 2.74167E-05 -2.12678E-05 1.20431E-05 2.64750E-05 -1.44679E-05 
1.18964E-05 2.68928E-05 -2.28615E-05 1.19139E-05 2.62332E-05 -2.42060E-05 1.19996E-05 2.56242E-05 -1.31823E-05 
1.18649E-05 2.54159E-05 -2.53940E-05 1.18532E-05 2.34496E-05 -1.12011E-05 1.19518E-05 2.45765E-05 -1.20864E-05 
1.22264E-05 2.30037E-05 -2.75031E-05 1.16612E-05 2.21704E-05 -1.05118E-05 1.20698E-05 2.17907E-05 -2.82462E-05 
1.21112E-05 2.05870E-05 -1.01888E-05 1.19497E-05 2.00532E-05 -2.89454E-05 1.26677E-05 1.89872E-05 -1.02031E-05 
1.24846E-05 1.85791E-05 -2.91040E-05 1.25268E-05 1.72423E-05 -1.02862E-05 1.24616E-05 1.58754E-05 -1.06228E-05 
1.22683E-05 1.43349E-05 -1.12531E-05 1.26016E-05 1.41725E-05 -2.84678E-05 3.54230E-06 1.58105E-05 -1.23983E-05 
1.23283E-05 1.30954E-05 -2.79949E-05 1.85542E-05 2.22356E-05 -1.81001E-05 1.19996E-05 1.19992E-05 -2.72981E-05 
1.25505E-05 9.88342E-06 -1.61893E-05 1.18461E-05 1.09280E-05 -2.63058E-05 1.24855E-05 9.39666E-06 -1.73908E-05 
1.22571E-05 9.03987E-06 -1.85402E-05 1.27259E-05 9.01631E-06 -1.96457E-05 1.24177E-05 9.34836E-06 -2.31926E-05 
1.24501E-05 9.79006E-06 -2.42655E-05 1.18755E-05 1.70967E-05 -2.92940E-05 1.01736E-05 2.79335E-05 -1.87756E-05 
1.02392E-05 2.78027E-05 -2.04128E-05 1.07907E-05 2.70325E-05 -1.49915E-05 1.07380E-05 2.75026E-05 -1.62694E-05 
1.00590E-05 2.73319E-05 -2.23460E-05 1.06893E-05 2.63122E-05 -1.36791E-05 1.07302E-05 2.66962E-05 -2.36999E-05 
1.47303E-05 2.09672E-05 -1.14730E-05 1.05838E-05 2.60856E-05 -2.47945E-05 1.06369E-05 2.52518E-05 -2.58864E-05 
1.06807E-05 2.31209E-05 -1.07466E-05 1.08905E-05 2.29017E-05 -2.78624E-05 1.04022E-05 2.13360E-05 -2.86947E-05 
1.05167E-05 2.08052E-05 -9.92660E-06 1.00448E-05 1.97930E-05 -2.92260E-05 1.09301E-05 1.94869E-05 -9.80730E-06 
1.11919E-05 1.79896E-05 -9.88190E-06 1.10978E-05 1.86174E-05 -2.93660E-05 1.11196E-05 1.65643E-05 -1.01106E-05 
1.45105E-05 1.63560E-05 -2.83012E-05 1.11570E-05 1.53509E-05 -1.05200E-05 1.13045E-05 1.38447E-05 -2.86103E-05 
1.09272E-05 1.26568E-05 -2.79885E-05 8.21780E-06 2.71028E-05 -2.26688E-05 1.12208E-05 1.00138E-05 -1.52591E-05 
1.11605E-05 8.94204E-06 -1.79108E-05 1.13063E-05 8.72879E-06 -1.92867E-05 2.70610E-06 2.50280E-05 -1.76015E-05 
1.17096E-05 8.75348E-06 -2.06453E-05 1.11932E-05 8.99561E-06 -2.28361E-05 1.12255E-05 9.35666E-06 -2.39349E-05 
1.18792E-05 1.53527E-05 -2.90310E-05 9.56544E-06 2.74303E-05 -1.56796E-05 9.89279E-06 2.77786E-05 -1.71409E-05 
9.46456E-06 2.68579E-05 -1.43945E-05 1.60204E-05 1.24645E-05 -1.51961E-05 8.80350E-06 2.78986E-05 -1.95295E-05 
1.05711E-05 2.53611E-05 -1.24614E-05 1.00477E-05 2.47075E-05 -2.65128E-05 9.42444E-06 2.33907E-05 -1.07996E-05 
9.79587E-06 2.37458E-05 -2.73537E-05 1.00256E-05 2.21994E-05 -1.02779E-05 9.28861E-06 2.11485E-05 -9.94030E-06 
1.35670E-06 1.40987E-05 -2.11941E-05 9.74794E-06 1.86054E-05 -2.94460E-05 9.94918E-06 1.85906E-05 -9.69560E-06 
9.77079E-06 1.72921E-05 -9.83700E-06 1.03140E-05 1.74063E-05 -2.94950E-05 1.04044E-05 1.43542E-05 -1.08671E-05 
9.99609E-06 1.47486E-05 -2.90460E-05 3.93290E-06 1.50835E-05 -2.66829E-05 1.00702E-05 1.34385E-05 -2.84784E-05 
1.91311E-05 1.83938E-05 -1.98570E-05 1.72511E-05 2.42496E-05 -2.13766E-05 1.03006E-05 1.04410E-05 -2.60036E-05 
1.15717E-05 1.00415E-05 -2.51590E-05 9.91646E-06 8.66785E-06 -1.87205E-05 1.01016E-05 8.54374E-06 -2.02734E-05 
1.05667E-05 8.68946E-06 -2.17115E-05 9.82907E-06 8.99841E-06 -2.31480E-05 1.00697E-05 9.61098E-06 -2.46728E-05 
8.39720E-06 2.76294E-05 -1.65238E-05 8.64620E-06 2.78881E-05 -1.80121E-05 7.73240E-06 1.53367E-05 -1.05687E-05 
8.22220E-06 2.71639E-05 -1.51727E-05 8.24800E-07 2.21093E-05 -1.88914E-05 9.17134E-06 2.65525E-05 -2.40531E-05 
1.59207E-05 2.55146E-05 -2.13594E-05 8.06730E-06 2.64346E-05 -1.38462E-05 9.25986E-06 2.47941E-05 -1.18208E-05 
1.78860E-06 1.51989E-05 -1.49419E-05 8.78870E-06 2.45370E-05 -2.66041E-05 8.07680E-06 2.29239E-05 -1.06479E-05 
8.34910E-06 2.33708E-05 -2.74612E-05 8.70790E-06 2.21121E-05 -1.02443E-05 7.71660E-06 2.21204E-05 -2.80649E-05 
9.08833E-06 1.97402E-05 -9.71700E-06 8.55610E-06 1.91746E-05 -2.92540E-05 8.86660E-06 1.82429E-05 -9.73900E-06 
8.83550E-06 1.77969E-05 -2.94370E-05 8.19670E-06 1.69691E-05 -9.99570E-06 9.53768E-06 1.56952E-05 -1.02356E-05 
9.29277E-06 1.63013E-05 -2.93710E-05 8.97280E-06 1.44762E-05 -1.07886E-05 9.45350E-06 1.33693E-05 -1.14173E-05 
9.87984E-06 1.22378E-05 -1.22752E-05 9.54700E-06 1.23306E-05 -2.77962E-05 9.94605E-06 1.11931E-05 -1.33291E-05 
9.84632E-06 1.02925E-05 -1.45347E-05 9.82741E-06 9.55589E-06 -1.58497E-05 8.67440E-06 1.01389E-05 -2.53966E-05 
8.51750E-06 1.36267E-05 -2.84176E-05 9.84919E-06 9.03833E-06 -1.71969E-05 8.78830E-06 8.70921E-06 -2.14473E-05 
8.79980E-06 9.45696E-06 -2.41588E-05 7.31290E-06 2.76354E-05 -1.74896E-05 7.40400E-06 2.77217E-05 -1.88957E-05 
7.53960E-06 2.76494E-05 -2.01403E-05 6.91250E-06 2.66656E-05 -1.47193E-05 7.10440E-06 2.72748E-05 -1.60744E-05 
1.68111E-05 2.17431E-05 -2.54659E-05 7.64830E-06 2.63977E-05 -2.39089E-05 7.94280E-06 2.40675E-05 -1.13478E-05 
7.72200E-06 2.53199E-05 -1.25102E-05 1.11876E-05 9.40957E-06 -1.65371E-05 7.77730E-06 2.51387E-05 -2.57535E-05 
7.36560E-06 2.40349E-05 -2.67012E-05 7.09070E-06 2.29658E-05 -2.73766E-05 8.23040E-06 2.09909E-05 -9.97240E-06 
7.77040E-06 1.86028E-05 -9.83600E-06 8.23420E-06 1.52364E-05 -2.89942E-05 7.85050E-06 1.36725E-05 -1.13732E-05 
1.71401E-05 1.37090E-05 -2.50104E-05 8.63030E-06 1.26320E-05 -1.20095E-05 8.57080E-06 1.17305E-05 -1.28190E-05 
7.60390E-06 9.75981E-06 -2.42832E-05 8.45740E-06 1.07939E-05 -1.39242E-05 8.41700E-06 1.00023E-05 -1.51769E-05 
8.43610E-06 9.34130E-06 -1.65498E-05 8.50910E-06 8.88307E-06 -1.80815E-05 8.04890E-06 1.22048E-05 -2.74438E-05 
7.98100E-06 9.16281E-06 -2.29674E-05 6.34410E-06 2.74113E-05 -1.82724E-05 1.82458E-05 2.31548E-05 -2.03593E-05 
5.85830E-06 2.66820E-05 -1.56129E-05 1.14773E-05 1.19381E-05 -1.28009E-05 3.09450E-06 2.38194E-05 -2.33891E-05 
6.83080E-06 2.59408E-05 -1.35952E-05 6.49940E-06 2.65177E-05 -2.29818E-05 6.03880E-06 2.51241E-05 -1.29769E-05 
6.36690E-06 2.45546E-05 -2.57794E-05 6.51750E-06 2.42233E-05 -1.18870E-05 6.92630E-06 2.30320E-05 -1.09681E-05 
5.95450E-06 2.32383E-05 -2.67073E-05 5.51000E-07 1.73153E-05 -1.65559E-05 1.86399E-05 1.38538E-05 -2.08708E-05 
1.78433E-05 2.17391E-05 -1.51276E-05 6.74630E-06 2.08800E-05 -2.83114E-05 7.18790E-06 1.94682E-05 -2.88617E-05 
6.88140E-06 1.76706E-05 -1.01322E-05 6.77750E-06 1.70374E-05 -2.88825E-05 6.81840E-06 1.65514E-05 -1.04064E-05 
6.84640E-06 1.58374E-05 -2.87452E-05 2.97710E-06 2.45446E-05 -1.54230E-05 6.64460E-06 1.45098E-05 -1.12355E-05 
7.07190E-06 1.44511E-05 -2.83949E-05 6.39770E-06 1.34434E-05 -1.19746E-05 6.99190E-06 1.32182E-05 -2.77537E-05 
7.40100E-06 1.24779E-05 -1.23664E-05 7.16220E-06 1.15226E-05 -1.34167E-05 3.14670E-06 2.36724E-05 -1.40425E-05 
6.81080E-06 1.22153E-05 -2.69813E-05 7.07200E-06 1.06361E-05 -1.46236E-05 7.12060E-06 9.87601E-06 -1.59796E-05 
6.05730E-06 9.98067E-06 -1.67121E-05 9.26559E-06 2.24094E-05 -2.81793E-05 7.23060E-06 1.03936E-05 -2.51774E-05 
7.06980E-06 9.32341E-06 -1.75796E-05 7.50110E-06 8.92361E-06 -1.90130E-05 7.30690E-06 8.92384E-06 -2.02524E-05 
6.83980E-06 9.20701E-06 -2.17345E-05 7.42640E-06 1.11774E-05 -2.62915E-05 5.30390E-06 2.69699E-05 -1.81869E-05 
8.64830E-06 2.76490E-05 -2.11031E-05 6.06460E-06 2.71631E-05 -1.70058E-05 5.61010E-06 2.67125E-05 -2.14459E-05 
5.60100E-06 2.58540E-05 -1.42295E-05 4.95420E-06 2.59236E-05 -2.25872E-05 5.64080E-06 2.56907E-05 -2.37694E-05 
5.38840E-06 2.48367E-05 -2.47795E-05 5.25810E-06 2.41285E-05 -1.24647E-05 5.25720E-06 2.39821E-05 -2.56099E-05 
4.65170E-06 2.29528E-05 -2.60062E-05 6.18210E-06 2.19663E-05 -1.07602E-05 5.03500E-06 2.19757E-05 -2.69298E-05 
6.19710E-06 2.06771E-05 -1.04061E-05 5.35750E-06 2.08499E-05 -2.76593E-05 4.32100E-06 1.96423E-05 -2.73111E-05 
3.51080E-06 1.73709E-05 -2.67986E-05 5.64410E-06 1.94917E-05 -2.82231E-05 3.28790E-06 2.00875E-05 -2.62845E-05 
6.14770E-06 1.80799E-05 -2.86592E-05 5.72970E-06 1.72711E-05 -1.06142E-05 5.56220E-06 1.64798E-05 -2.82494E-05 
5.95310E-06 1.56857E-05 -1.09479E-05 5.82630E-06 1.50468E-05 -2.80523E-05 5.53080E-06 1.44848E-05 -1.17180E-05 
6.08180E-06 1.39794E-05 -2.77356E-05 5.22660E-06 1.35105E-05 -1.25332E-05 6.06130E-06 1.24448E-05 -1.29561E-05 
5.67040E-06 1.15740E-05 -1.42025E-05 6.24970E-06 1.09171E-05 -2.53166E-05 5.96580E-06 1.18265E-05 -2.61369E-05 
5.84670E-06 1.05950E-05 -1.55566E-05 5.68340E-06 1.02276E-05 -2.35146E-05 6.42480E-06 1.02290E-05 -2.43589E-05 
6.24170E-06 9.31270E-06 -1.91618E-05 6.17200E-06 9.33148E-06 -2.04565E-05 5.48990E-06 9.72491E-06 -2.12366E-05 
4.27800E-06 2.63759E-05 -1.80000E-05 4.52210E-06 2.65494E-05 -1.92379E-05 4.78330E-06 2.65186E-05 -2.04594E-05 
4.80840E-06 2.60296E-05 -1.53813E-05 1.63398E-05 1.93902E-05 -2.70161E-05 9.28090E-06 2.59623E-05 -1.30745E-05 
4.44440E-06 2.60538E-05 -2.13947E-05 4.14840E-06 2.51309E-05 -1.45737E-05 3.32730E-06 1.11932E-05 -1.90246E-05 
4.32360E-06 2.48986E-05 -2.35822E-05 4.15240E-06 2.38417E-05 -2.47452E-05 3.60820E-06 2.25196E-05 -2.53384E-05 
5.22970E-06 2.13300E-05 -1.09942E-05 4.40850E-06 2.18952E-05 -1.16729E-05 4.14730E-06 2.19519E-05 -2.62451E-05 
4.19880E-06 2.09074E-05 -2.67922E-05 4.91690E-06 1.99154E-05 -1.08840E-05 4.77580E-06 1.06880E-05 -1.67413E-05 
4.57640E-06 1.83192E-05 -1.10465E-05 4.62120E-06 1.66349E-05 -1.13393E-05 4.78220E-06 1.54066E-05 -1.16705E-05 
4.90780E-06 1.54472E-05 -2.76012E-05 4.40010E-06 1.45418E-05 -1.23562E-05 5.05170E-06 1.42787E-05 -2.72428E-05 
4.28920E-06 1.36781E-05 -1.30690E-05 3.36020E-06 1.87329E-05 -2.66480E-05 4.83520E-06 1.27426E-05 -1.34745E-05 
4.40100E-06 1.22822E-05 -1.44015E-05 4.63850E-06 1.14406E-05 -1.53471E-05 5.32740E-06 1.08536E-05 -2.43482E-05 
5.26490E-06 1.15552E-05 -2.51931E-05 5.54660E-06 9.84867E-06 -1.78423E-05 5.14480E-06 9.86305E-06 -1.89489E-05 
5.29340E-06 9.73366E-06 -1.99711E-05 1.03560E-06 1.55000E-05 -2.21766E-05 4.68180E-06 1.07162E-05 -2.32007E-05 
3.79700E-06 2.55652E-05 -1.58998E-05 3.57240E-06 2.57791E-05 -1.72095E-05 3.44540E-06 2.58066E-05 -1.85842E-05 
3.02140E-06 2.50816E-05 -1.65248E-05 3.45370E-06 2.15856E-05 -1.23018E-05 3.43150E-06 2.49721E-05 -2.20308E-05 
1.30110E-06 2.16225E-05 -1.53785E-05 3.40699E-07 1.69187E-05 -1.83007E-05 1.86368E-05 2.07784E-05 -1.63980E-05 
9.25807E-06 2.55989E-05 -2.55290E-05 3.06910E-06 2.28848E-05 -2.43396E-05 2.60080E-06 2.17407E-05 -2.46634E-05 
3.32230E-06 2.13076E-05 -2.58083E-05 4.11660E-06 2.07416E-05 -1.15145E-05 3.84270E-06 1.95565E-05 -1.15513E-05 
1.79848E-05 1.27757E-05 -1.94924E-05 1.91205E-05 1.79290E-05 -2.16176E-05 3.60920E-06 1.73045E-05 -1.18927E-05 
4.15070E-06 1.64409E-05 -2.72604E-05 4.56900E-06 1.80424E-05 -2.77237E-05 2.68130E-06 1.26435E-05 -1.64285E-05 
1.21623E-05 8.97522E-06 -2.19605E-05 3.47870E-06 1.44500E-05 -1.32256E-05 3.63820E-06 1.32357E-05 -1.41104E-05 
4.28980E-06 1.36017E-05 -2.61846E-05 3.64650E-06 1.23409E-05 -1.52043E-05 1.91371E-05 1.67573E-05 -1.98583E-05 
3.80960E-06 1.16222E-05 -1.62366E-05 6.69290E-06 9.65876E-06 -2.32621E-05 4.36490E-06 1.04780E-05 -1.82510E-05 
1.48515E-05 1.61949E-05 -1.15980E-05 4.17840E-06 1.17207E-05 -2.42176E-05 4.37530E-06 1.02956E-05 -1.95682E-05 
4.61410E-06 1.01604E-05 -2.05956E-05 4.48320E-06 1.04442E-05 -2.17949E-05 2.52610E-06 2.48805E-05 -1.90596E-05 
1.67040E-05 2.06919E-05 -2.61943E-05 1.70200E-07 1.84493E-05 -1.95220E-05 1.56386E-05 2.19503E-05 -2.64568E-05 
2.21600E-06 2.42189E-05 -2.05178E-05 3.01250E-06 2.24154E-05 -1.32076E-05 2.12590E-06 2.23583E-05 -2.34075E-05 
2.26850E-06 1.29470E-05 -2.23814E-05 3.09420E-06 2.01597E-05 -1.22369E-05 2.46990E-06 2.03580E-05 -2.52215E-05 
1.46625E-05 2.66172E-05 -1.93386E-05 3.10410E-06 1.86162E-05 -1.21382E-05 2.04210E-06 1.92565E-05 -1.33268E-05 
2.42020E-06 1.90306E-05 -2.55199E-05 2.47330E-06 1.72536E-05 -1.29804E-05 2.05930E-06 2.32350E-05 -1.53524E-05 
1.36579E-05 1.37587E-05 -2.78710E-05 2.53550E-06 1.77363E-05 -2.57548E-05 2.95930E-06 1.61158E-05 -2.60125E-05 
7.05650E-06 2.72691E-05 -2.14006E-05 1.84871E-05 1.64539E-05 -2.44959E-05 6.27640E-06 2.20172E-05 -2.76043E-05 
2.91590E-06 1.32048E-05 -1.51211E-05 1.91825E-05 1.97043E-05 -1.76973E-05 3.45290E-06 1.14365E-05 -1.74778E-05 
2.76910E-06 1.19348E-05 -2.12703E-05 3.45260E-06 1.15304E-05 -2.24850E-05 3.06530E-06 1.25652E-05 -2.35846E-05 
1.33847E-05 2.22822E-05 -2.75515E-05 3.57360E-06 1.09596E-05 -2.06898E-05 1.91720E-06 2.41221E-05 -1.79571E-05 
2.44300E-07 1.85048E-05 -1.78088E-05 1.79990E-06 2.39298E-05 -1.91770E-05 7.34190E-06 2.18195E-05 -1.03310E-05 
1.54590E-06 2.33233E-05 -1.69927E-05 1.30080E-06 2.31783E-05 -1.83848E-05 1.34190E-06 2.30894E-05 -1.96957E-05 
1.49340E-06 2.29921E-05 -2.08469E-05 1.46744E-05 2.34155E-05 -2.60995E-05 2.15760E-06 2.22261E-05 -1.42236E-05 
1.39330E-06 2.22202E-05 -2.18104E-05 1.60718E-05 1.12859E-05 -2.32257E-05 2.44940E-06 2.11185E-05 -1.31999E-05 
1.22520E-06 2.10445E-05 -2.26171E-05 1.77270E-06 2.08114E-05 -2.39420E-05 1.72784E-05 1.31734E-05 -1.61386E-05 
1.08650E-06 1.96864E-05 -2.31091E-05 5.44850E-06 2.28579E-05 -1.14970E-05 1.69840E-06 1.94143E-05 -2.43856E-05 
1.57070E-06 1.79434E-05 -1.40770E-05 1.70140E-06 1.80383E-05 -2.45619E-05 1.63360E-06 1.66288E-05 -1.43633E-05 
1.09430E-06 1.70864E-05 -2.32700E-05 1.89970E-06 1.66581E-05 -2.47432E-05 1.07740E-06 1.63093E-05 -1.56603E-05 
1.63580E-06 1.54771E-05 -2.37406E-05 7.34520E-06 2.00929E-05 -9.97740E-06 1.24150E-06 1.50778E-05 -1.63657E-05 
1.63390E-06 1.43841E-05 -2.27520E-05 2.29760E-06 1.53229E-05 -2.48118E-05 2.08570E-06 1.39409E-05 -1.56937E-05 
1.65820E-06 1.37473E-05 -1.71389E-05 1.68140E-06 1.32251E-05 -1.97671E-05 2.37600E-06 1.39661E-05 -2.39767E-05 
7.91480E-06 1.67031E-05 -2.92060E-05 2.29250E-06 1.24881E-05 -1.83043E-05 2.06180E-06 1.28179E-05 -2.09885E-05 
2.63630E-06 1.42196E-05 -1.44149E-05 2.53680E-06 1.20241E-05 -1.99621E-05 1.24870E-06 2.23195E-05 -1.63434E-05 
9.21401E-07 2.22365E-05 -1.75965E-05 8.09940E-06 2.59727E-05 -2.47646E-05 8.49200E-07 2.18132E-05 -2.03073E-05 
1.49050E-06 2.06691E-05 -1.44585E-05 1.90224E-05 1.50154E-05 -1.98254E-05 7.18700E-07 2.11648E-05 -1.67925E-05 
4.97700E-07 2.10467E-05 -1.81082E-05 4.84300E-07 2.10285E-05 -1.92942E-05 8.47999E-07 2.10732E-05 -2.13685E-05 
1.12700E-06 1.91008E-05 -1.47974E-05 8.17200E-07 2.01790E-05 -1.57975E-05 3.94300E-07 1.99118E-05 -1.72076E-05 
3.81599E-07 2.01603E-05 -2.02817E-05 6.54501E-07 1.99086E-05 -2.17699E-05 5.80000E-07 1.87482E-05 -1.61617E-05 
2.63900E-07 1.98616E-05 -1.87159E-05 3.61700E-07 1.89230E-05 -2.09730E-05 1.17160E-06 1.85122E-05 -2.35241E-05 
9.99599E-07 1.76484E-05 -1.51986E-05 1.28932E-05 1.15643E-05 -1.37385E-05 4.09880E-06 2.31136E-05 -1.25546E-05 
1.30133E-05 1.29654E-05 -1.24538E-05 3.44699E-07 1.78908E-05 -2.08979E-05 6.99701E-07 1.55483E-05 -2.07142E-05 
4.65950E-06 1.24139E-05 -2.55823E-05 3.30600E-07 1.68926E-05 -2.00553E-05 1.85144E-05 1.93131E-05 -2.42657E-05 
7.18300E-07 1.61056E-05 -1.69328E-05 1.67787E-05 1.24705E-05 -2.41732E-05 5.66900E-07 1.57695E-05 -1.92917E-05 
8.69900E-07 1.50577E-05 -1.79912E-05 1.41330E-06 1.37389E-05 -1.85592E-05 1.02110E-06 1.45126E-05 -1.96032E-05 
3.07100E-06 1.44922E-05 -2.54352E-05 1.44151E-05 1.90990E-05 -1.09609E-05 1.13529E-05 1.08269E-05 -1.40346E-05 
8.52860E-06 2.08124E-05 -2.88116E-05 1.48602E-05 1.80079E-05 -2.82160E-05 1.43200E-05 2.11035E-05 -2.85953E-05 
1.58153E-05 1.65747E-05 -2.79645E-05 1.48955E-05 1.84032E-05 -2.80028E-05 1.50138E-05 1.97683E-05 -2.80017E-05 
1.59039E-05 2.08325E-05 -2.79663E-05 1.58590E-05 1.76572E-05 -2.78022E-05 1.68083E-05 2.21736E-05 -2.80223E-05 
2.83541E-05 1.86258E-05 -3.81656E-05 1.26906E-05 1.56509E-05 -4.45101E-05 1.76692E-05 1.51566E-05 -2.80053E-05 
1.96181E-05 2.45492E-05 -2.88516E-05 1.83089E-05 2.20447E-05 -2.78452E-05 2.39228E-05 2.38213E-05 -4.33133E-05 
1.89642E-05 1.57975E-05 -2.78239E-05 1.92114E-05 1.71831E-05 -2.76621E-05 1.90039E-05 2.34301E-05 -2.81897E-05 
2.04527E-05 1.65646E-05 -2.77696E-05 1.74598E-05 1.98843E-05 -2.76671E-05 2.00855E-05 2.05988E-05 -4.62190E-05 
1.97852E-05 2.22809E-05 -2.78140E-05 2.15904E-05 1.75790E-05 -2.77850E-05 1.24180E-05 1.23895E-05 -4.22192E-05 
2.07776E-05 2.07970E-05 -2.76672E-05 2.13145E-05 2.22762E-05 -2.80098E-05 2.22575E-05 2.10036E-05 -2.79405E-05 
1.38712E-05 1.67063E-05 -2.87300E-05 1.37874E-05 1.78918E-05 -2.86268E-05 1.73795E-05 1.82840E-05 -2.76418E-05 
1.44860E-05 2.30670E-05 -2.93845E-05 1.46859E-05 1.57162E-05 -2.85634E-05 1.55187E-05 2.23305E-05 -2.84383E-05 
2.53366E-05 1.73036E-05 -2.99440E-05 1.73680E-05 2.50220E-05 -2.95140E-05 1.70423E-05 1.36186E-05 -2.87181E-05 
1.81519E-05 2.43174E-05 -2.87671E-05 1.89138E-05 1.39372E-05 -2.84384E-05 2.03463E-05 1.34975E-05 -2.88414E-05 
2.06548E-05 1.47864E-05 -2.82762E-05 2.14026E-05 1.37310E-05 -2.90095E-05 1.23639E-05 1.37076E-05 -3.12673E-05 
2.10218E-05 2.46016E-05 -2.91046E-05 2.23955E-05 1.45973E-05 -2.89261E-05 2.18905E-05 1.60276E-05 -2.81871E-05 
2.29780E-05 1.71727E-05 -2.83274E-05 2.25538E-05 2.21770E-05 -2.83410E-05 2.20840E-05 2.34915E-05 -2.87192E-05 
2.30871E-05 1.58571E-05 -2.87403E-05 1.26325E-05 2.39167E-05 -3.18255E-05 2.34765E-05 2.12802E-05 -2.85156E-05 
2.34971E-05 2.26554E-05 -2.89723E-05 2.42203E-05 2.02225E-05 -2.88111E-05 1.32335E-05 1.59468E-05 -2.92971E-05 
1.29300E-05 1.72604E-05 -2.92051E-05 1.28170E-05 1.86007E-05 -2.92345E-05 1.38437E-05 1.45577E-05 -2.94645E-05 
1.34048E-05 2.19942E-05 -2.96016E-05 1.89698E-05 2.81610E-05 -3.92337E-05 1.57972E-05 1.27413E-05 -2.96436E-05 
2.70750E-05 2.14550E-05 -4.12191E-05 1.70769E-05 1.23266E-05 -2.96126E-05 1.83316E-05 1.25774E-05 -2.92827E-05 
1.87866E-05 2.55621E-05 -2.97383E-05 1.85398E-05 2.64469E-05 -3.08358E-05 1.96515E-05 1.27465E-05 -2.92221E-05 
2.01667E-05 2.53948E-05 -2.96329E-05 2.21747E-05 2.69055E-05 -3.22993E-05 2.13737E-05 2.55817E-05 -3.00670E-05 
2.21894E-05 2.46554E-05 -2.95529E-05 9.77930E-06 1.87997E-05 -4.07964E-05 2.41628E-05 1.65683E-05 -2.91439E-05 
1.85824E-05 2.11934E-05 -4.61524E-05 2.46982E-05 2.15711E-05 -2.94160E-05 2.55210E-05 1.86601E-05 -2.98921E-05 
2.51974E-05 1.98973E-05 -2.95331E-05 1.21297E-05 1.66726E-05 -3.00473E-05 1.20942E-05 1.78197E-05 -2.98898E-05 
1.18411E-05 1.90013E-05 -3.01332E-05 1.24963E-05 1.50436E-05 -3.02958E-05 1.23113E-05 2.17572E-05 -3.05474E-05 
1.31501E-05 2.31222E-05 -3.05433E-05 1.33610E-05 1.36765E-05 -3.03691E-05 1.39861E-05 2.43339E-05 -3.07922E-05 
9.40901E-06 1.65816E-05 -3.51126E-05 1.50023E-05 1.22163E-05 -3.04359E-05 1.63040E-05 1.15165E-05 -3.05558E-05 
1.13440E-05 1.92632E-05 -4.32643E-05 1.73081E-05 1.08095E-05 -3.11635E-05 1.78704E-05 1.15292E-05 -3.02114E-05 
1.95028E-05 1.16940E-05 -3.01075E-05 2.00817E-05 2.64071E-05 -3.07350E-05 2.17115E-05 2.64032E-05 -3.11949E-05 
2.23678E-05 1.32024E-05 -2.98593E-05 2.28964E-05 2.53178E-05 -3.05435E-05 2.34090E-05 1.39113E-05 -2.99912E-05 
2.49950E-05 1.57593E-05 -3.02151E-05 2.42707E-05 2.44475E-05 -3.07614E-05 2.57500E-05 2.08693E-05 -3.02692E-05 
2.09410E-05 2.83350E-05 -3.61304E-05 2.62426E-05 1.80267E-05 -3.07865E-05 2.57829E-05 2.57877E-05 -3.77518E-05 
1.11866E-05 1.77111E-05 -3.09092E-05 1.10511E-05 1.91207E-05 -3.11378E-05 1.16168E-05 1.48004E-05 -3.13899E-05 
1.13551E-05 1.60882E-05 -3.10825E-05 1.64412E-05 2.62016E-05 -3.11880E-05 1.21242E-05 2.28515E-05 -3.14736E-05 
1.28096E-05 1.04343E-05 -3.61626E-05 1.36329E-05 1.23671E-05 -3.12877E-05 2.15031E-05 1.26278E-05 -4.42564E-05 
1.50377E-05 1.14050E-05 -3.13129E-05 1.08142E-05 1.53152E-05 -3.22145E-05 1.86361E-05 1.07570E-05 -3.11118E-05 
1.75881E-05 2.67904E-05 -3.15509E-05 1.99521E-05 1.08437E-05 -3.12462E-05 2.09761E-05 1.14430E-05 -3.08373E-05 
2.22329E-05 1.20958E-05 -3.07980E-05 2.35410E-05 1.29440E-05 -3.09249E-05 2.30908E-05 2.62243E-05 -3.18432E-05 
1.05390E-05 1.56894E-05 -4.20397E-05 2.39953E-05 2.53624E-05 -3.15168E-05 2.54856E-05 1.51682E-05 -3.11596E-05 
2.51820E-05 2.36591E-05 -3.10595E-05 2.68676E-05 1.88387E-05 -3.15785E-05 2.62644E-05 1.95780E-05 -3.06737E-05 
2.63933E-05 2.08515E-05 -3.10678E-05 1.33598E-05 2.10042E-05 -4.45447E-05 2.38908E-05 1.07377E-05 -3.56244E-05 
1.04542E-05 1.67984E-05 -3.21533E-05 1.05619E-05 2.00722E-05 -3.21726E-05 1.14075E-05 1.39772E-05 -3.22987E-05 
1.12059E-05 2.17410E-05 -3.19715E-05 1.16640E-05 2.33026E-05 -3.26475E-05 1.22703E-05 1.26847E-05 -3.23796E-05 
2.09724E-05 1.25058E-05 -2.97325E-05 1.30982E-05 1.16826E-05 -3.26576E-05 2.40520E-05 2.58978E-05 -4.11105E-05 
1.43589E-05 1.08887E-05 -3.25393E-05 1.44797E-05 2.59773E-05 -3.24936E-05 1.27767E-05 2.57469E-05 -3.52145E-05 
1.55783E-05 2.64544E-05 -3.22508E-05 1.66648E-05 2.69042E-05 -3.22532E-05 1.64351E-05 2.38782E-05 -2.89067E-05 
1.94317E-05 1.02047E-05 -3.20494E-05 1.13278E-05 2.36483E-05 -4.00569E-05 2.20011E-05 1.11317E-05 -3.18859E-05 
2.64167E-05 1.39162E-05 -3.41864E-05 2.33307E-05 1.18581E-05 -3.20491E-05 2.46717E-05 1.29424E-05 -3.22293E-05 
2.42649E-05 2.58553E-05 -3.24946E-05 2.53686E-05 1.42215E-05 -3.17991E-05 2.52299E-05 2.46811E-05 -3.21013E-05 
2.55404E-05 2.60797E-05 -3.61991E-05 2.61157E-05 1.50909E-05 -3.21091E-05 2.61264E-05 1.63501E-05 -3.12548E-05 
2.69815E-05 1.76128E-05 -3.20527E-05 2.61466E-05 2.32131E-05 -3.19810E-05 2.74854E-05 1.88071E-05 -3.27135E-05 
2.71313E-05 2.01523E-05 -3.20722E-05 2.67121E-05 2.17709E-05 -3.19271E-05 1.00372E-05 1.59290E-05 -3.34993E-05 
9.77969E-06 1.76010E-05 -3.34979E-05 9.84919E-06 1.93256E-05 -3.35112E-05 1.05873E-05 1.43557E-05 -3.34335E-05 
1.02414E-05 2.10245E-05 -3.34259E-05 1.08027E-05 2.25052E-05 -3.35805E-05 1.21706E-05 1.19151E-05 -3.35916E-05 
1.12980E-05 1.30557E-05 -3.34874E-05 1.13431E-05 2.36152E-05 -3.38492E-05 1.23799E-05 2.47216E-05 -3.33995E-05 
1.35748E-05 2.58227E-05 -3.34585E-05 1.42400E-05 1.01941E-05 -3.39293E-05 1.32738E-05 1.09090E-05 -3.36808E-05 
1.54030E-05 9.85090E-06 -3.35759E-05 1.61006E-05 2.72227E-05 -3.33913E-05 1.67191E-05 9.65000E-06 -3.32705E-05 
1.80805E-05 9.29680E-06 -4.07177E-05 1.76504E-05 2.75586E-05 -3.30713E-05 1.91440E-05 9.62820E-06 -3.31477E-05 
1.94270E-05 2.78464E-05 -3.33084E-05 2.06908E-05 2.79009E-05 -3.37148E-05 2.03784E-05 9.87760E-06 -3.30480E-05 
2.17130E-05 1.03238E-05 -3.31057E-05 2.18685E-05 2.75277E-05 -3.34072E-05 2.27999E-05 1.09035E-05 -3.30671E-05 
2.43804E-05 2.63505E-05 -3.36040E-05 2.58317E-05 1.39024E-05 -3.28969E-05 2.53461E-05 2.54676E-05 -3.34984E-05 
2.65479E-05 1.48755E-05 -3.32036E-05 2.69721E-05 1.61762E-05 -3.28228E-05 2.63921E-05 2.42245E-05 -3.35475E-05 
2.75730E-05 1.75390E-05 -3.33238E-05 2.78156E-05 1.99435E-05 -3.35806E-05 2.75089E-05 2.12753E-05 -3.32128E-05 
2.70360E-05 2.26760E-05 -3.31694E-05 1.44343E-05 1.32146E-05 -2.99381E-05 9.88362E-06 1.48917E-05 -3.47751E-05 
9.33753E-06 1.85290E-05 -3.50053E-05 9.58330E-06 2.02678E-05 -3.49946E-05 1.05250E-05 1.34679E-05 -3.47569E-05 
1.01072E-05 2.18615E-05 -3.49036E-05 1.07668E-05 2.32060E-05 -3.48860E-05 1.13758E-05 1.21823E-05 -3.48004E-05 
1.15841E-05 2.43940E-05 -3.49351E-05 1.35503E-05 1.02011E-05 -3.49468E-05 1.24235E-05 1.10864E-05 -3.48482E-05 
1.39963E-05 2.65031E-05 -3.45736E-05 1.48296E-05 9.51180E-06 -3.51388E-05 1.52093E-05 2.72462E-05 -3.47302E-05 
1.64130E-05 9.18880E-06 -3.46888E-05 1.69468E-05 2.79454E-05 -3.48503E-05 1.80128E-05 9.20310E-06 -3.41323E-05 
1.84209E-05 2.81040E-05 -3.43154E-05 1.97577E-05 9.28620E-06 -3.42732E-05 2.11246E-05 9.62280E-06 -3.43384E-05 
2.26651E-05 1.02531E-05 -3.45317E-05 2.28275E-05 2.74678E-05 -3.41984E-05 2.11895E-05 1.13983E-05 -4.32577E-05 
2.39046E-05 2.69949E-05 -3.44717E-05 1.47644E-05 1.71001E-05 -2.82458E-05 2.50008E-05 2.62981E-05 -3.48004E-05 
2.71166E-05 1.51893E-05 -3.42495E-05 2.60720E-05 2.53058E-05 -3.49539E-05 2.76033E-05 1.63908E-05 -3.43145E-05 
2.79601E-05 1.75402E-05 -3.45429E-05 2.79837E-05 1.86457E-05 -3.40741E-05 2.76516E-05 2.21926E-05 -3.43823E-05 
2.72099E-05 2.32655E-05 -3.43499E-05 1.99033E-05 2.82940E-05 -3.49245E-05 9.06654E-06 1.77756E-05 -3.66264E-05 
9.19733E-06 1.94128E-05 -3.65608E-05 9.96755E-06 1.39915E-05 -3.60093E-05 9.49740E-06 1.52694E-05 -3.60620E-05 
9.66810E-06 2.13460E-05 -3.67410E-05 1.06878E-05 1.26791E-05 -3.61107E-05 1.03038E-05 2.26999E-05 -3.60698E-05 
1.60328E-05 1.04730E-05 -3.20696E-05 1.09145E-05 2.37945E-05 -3.62162E-05 1.17482E-05 2.48864E-05 -3.61631E-05 
1.38791E-05 9.74660E-06 -3.61193E-05 1.40983E-05 2.68624E-05 -3.59095E-05 1.56640E-05 2.76947E-05 -3.63978E-05 
1.61948E-05 8.92660E-06 -3.62833E-05 1.72070E-05 2.82260E-05 -3.67552E-05 1.75131E-05 8.80730E-06 -3.58699E-05 
1.90104E-05 8.88190E-06 -3.56081E-05 1.83826E-05 2.83660E-05 -3.57022E-05 2.04357E-05 9.11060E-06 -3.56804E-05 
2.06440E-05 2.73012E-05 -3.22895E-05 2.16491E-05 9.52000E-06 -3.56430E-05 2.31553E-05 2.76103E-05 -3.54955E-05 
2.43432E-05 2.69885E-05 -3.58728E-05 9.89720E-06 2.16688E-05 -3.85822E-05 2.69862E-05 1.42591E-05 -3.55792E-05 
2.80580E-05 1.69108E-05 -3.56396E-05 2.82712E-05 1.82867E-05 -3.54937E-05 1.19720E-05 1.66015E-05 -4.40939E-05 
2.82465E-05 1.96453E-05 -3.50904E-05 2.80044E-05 2.18361E-05 -3.56068E-05 2.76433E-05 2.29349E-05 -3.55745E-05 
2.16473E-05 2.80310E-05 -3.49208E-05 9.56967E-06 1.46796E-05 -3.72346E-05 9.22143E-06 1.61409E-05 -3.69072E-05 
1.01421E-05 1.33945E-05 -3.73354E-05 2.45355E-05 1.41961E-05 -3.07796E-05 9.10137E-06 1.85295E-05 -3.79965E-05 
1.16389E-05 1.14614E-05 -3.62289E-05 1.22925E-05 2.55128E-05 -3.67523E-05 1.36093E-05 9.79960E-06 -3.73756E-05 
1.32542E-05 2.63537E-05 -3.70041E-05 1.48006E-05 9.27790E-06 -3.67744E-05 1.58515E-05 8.94030E-06 -3.75114E-05 
2.29013E-05 2.01941E-05 -4.54433E-05 1.83946E-05 2.84460E-05 -3.70521E-05 1.84094E-05 8.69560E-06 -3.68508E-05 
1.97079E-05 8.83700E-06 -3.70292E-05 1.95937E-05 2.84950E-05 -3.64860E-05 2.26459E-05 9.86710E-06 -3.63956E-05 
2.22514E-05 2.80460E-05 -3.68039E-05 2.19165E-05 2.56829E-05 -4.28671E-05 2.35615E-05 2.74784E-05 -3.67298E-05 
1.86062E-05 1.88570E-05 -2.76689E-05 1.27504E-05 2.03766E-05 -2.95489E-05 2.65590E-05 2.50036E-05 -3.64994E-05 
2.69585E-05 2.41590E-05 -3.52283E-05 2.83321E-05 1.77205E-05 -3.68835E-05 2.84563E-05 1.92734E-05 -3.66984E-05 
2.83105E-05 2.07115E-05 -3.62333E-05 2.80016E-05 2.21480E-05 -3.69709E-05 2.73890E-05 2.36728E-05 -3.67303E-05 
9.37062E-06 1.55238E-05 -3.84028E-05 9.11187E-06 1.70121E-05 -3.81538E-05 2.16633E-05 9.56870E-06 -3.90676E-05 
9.83611E-06 1.41727E-05 -3.85778E-05 1.48908E-05 1.78914E-05 -4.59752E-05 1.04475E-05 2.30531E-05 -3.76287E-05 
1.14854E-05 2.03594E-05 -3.08793E-05 1.05654E-05 1.28462E-05 -3.87327E-05 1.22059E-05 1.08208E-05 -3.75401E-05 
2.18011E-05 1.39419E-05 -4.50114E-05 1.24630E-05 2.56041E-05 -3.80113E-05 1.40761E-05 9.64790E-06 -3.87232E-05 
1.36292E-05 2.64612E-05 -3.84509E-05 1.48879E-05 9.24430E-06 -3.80921E-05 1.48796E-05 2.70649E-05 -3.90834E-05 
1.72598E-05 8.71700E-06 -3.77117E-05 1.78254E-05 2.82540E-05 -3.82438E-05 1.87571E-05 8.73900E-06 -3.79334E-05 
1.92031E-05 2.84370E-05 -3.79645E-05 2.00309E-05 8.99570E-06 -3.86033E-05 2.13048E-05 9.23560E-06 -3.72623E-05 
2.06987E-05 2.83710E-05 -3.75072E-05 2.25238E-05 9.78860E-06 -3.78272E-05 2.36307E-05 1.04173E-05 -3.73465E-05 
2.47622E-05 1.12752E-05 -3.69202E-05 2.46694E-05 2.67962E-05 -3.72530E-05 2.58069E-05 1.23291E-05 -3.68540E-05 
2.67075E-05 1.35347E-05 -3.69537E-05 2.74441E-05 1.48497E-05 -3.69726E-05 2.68611E-05 2.43966E-05 -3.81256E-05 
2.33732E-05 2.74176E-05 -3.82825E-05 2.79617E-05 1.61969E-05 -3.69508E-05 2.82908E-05 2.04473E-05 -3.80117E-05 
2.75430E-05 2.31588E-05 -3.80002E-05 9.36455E-06 1.64896E-05 -3.94871E-05 9.27832E-06 1.78957E-05 -3.93960E-05 
9.35064E-06 1.91403E-05 -3.92604E-05 1.03344E-05 1.37193E-05 -3.98875E-05 9.72515E-06 1.50744E-05 -3.96956E-05 
1.52569E-05 2.44659E-05 -2.99889E-05 1.06023E-05 2.29089E-05 -3.91517E-05 1.29325E-05 1.03478E-05 -3.88572E-05 
1.16801E-05 1.15102E-05 -3.90780E-05 2.75904E-05 1.55371E-05 -3.56124E-05 1.18613E-05 2.47535E-05 -3.90227E-05 
1.29651E-05 2.57012E-05 -3.94344E-05 1.40342E-05 2.63766E-05 -3.97093E-05 1.60091E-05 8.97240E-06 -3.85696E-05 
1.83972E-05 8.83600E-06 -3.90296E-05 2.17636E-05 2.79942E-05 -3.85658E-05 2.33275E-05 1.03732E-05 -3.89495E-05 
2.32910E-05 2.40104E-05 -2.96599E-05 2.43680E-05 1.10095E-05 -3.81697E-05 2.52695E-05 1.18190E-05 -3.82292E-05 
2.72402E-05 2.32832E-05 -3.91961E-05 2.62061E-05 1.29242E-05 -3.83426E-05 2.69977E-05 1.41769E-05 -3.83830E-05 
2.76587E-05 1.55498E-05 -3.83639E-05 2.81169E-05 1.70815E-05 -3.82909E-05 2.47952E-05 2.64438E-05 -3.87511E-05 
2.78372E-05 2.19674E-05 -3.88190E-05 9.58870E-06 1.72724E-05 -4.04559E-05 1.38452E-05 1.93593E-05 -2.85542E-05 
1.03180E-05 1.46129E-05 -4.09417E-05 2.50619E-05 1.18009E-05 -3.53227E-05 1.31806E-05 2.23891E-05 -4.37055E-05 
1.10592E-05 1.25952E-05 -3.99692E-05 1.04823E-05 2.19818E-05 -4.03006E-05 1.18759E-05 1.19769E-05 -4.07612E-05 
1.24455E-05 2.47794E-05 -4.04331E-05 1.27767E-05 1.08870E-05 -4.02825E-05 1.39679E-05 9.96810E-06 -3.98737E-05 
1.37617E-05 2.57073E-05 -4.08455E-05 1.96847E-05 1.55559E-05 -4.62490E-05 2.31462E-05 1.98708E-05 -2.81601E-05 
1.52609E-05 1.41276E-05 -2.89567E-05 1.61200E-05 2.73114E-05 -4.00537E-05 1.75318E-05 2.78617E-05 -3.96121E-05 
1.93294E-05 9.13220E-06 -3.99186E-05 1.99626E-05 2.78825E-05 -4.00225E-05 2.04486E-05 9.40640E-06 -3.99816E-05 
2.11626E-05 2.77452E-05 -3.99536E-05 1.24553E-05 1.44230E-05 -4.38229E-05 2.24902E-05 1.02355E-05 -4.01554E-05 
2.25489E-05 2.73949E-05 -3.97281E-05 2.35566E-05 1.09746E-05 -4.04023E-05 2.37818E-05 2.67537E-05 -3.98081E-05 
2.45221E-05 1.13664E-05 -3.93990E-05 2.54774E-05 1.24167E-05 -3.96378E-05 1.33276E-05 1.30425E-05 -4.36533E-05 
2.47847E-05 2.59813E-05 -3.99892E-05 2.63639E-05 1.36236E-05 -3.97280E-05 2.71240E-05 1.49796E-05 -3.96794E-05 
2.70193E-05 1.57121E-05 -4.07427E-05 1.45906E-05 2.71793E-05 -3.75344E-05 2.66064E-05 2.41774E-05 -3.95694E-05 
2.76766E-05 1.65796E-05 -3.97302E-05 2.80764E-05 1.80130E-05 -3.92989E-05 2.80762E-05 1.92524E-05 -3.94931E-05 
2.77930E-05 2.07345E-05 -3.99602E-05 2.58226E-05 2.52915E-05 -3.93736E-05 1.00301E-05 1.71869E-05 -4.14961E-05 
9.35104E-06 2.01031E-05 -3.81517E-05 9.83691E-06 1.60058E-05 -4.07354E-05 1.02875E-05 2.04459E-05 -4.11899E-05 
1.11460E-05 1.32295E-05 -4.11990E-05 1.10764E-05 2.15872E-05 -4.18458E-05 1.13093E-05 2.27694E-05 -4.11592E-05 
1.21633E-05 2.37795E-05 -4.14116E-05 1.28715E-05 1.14647E-05 -4.15419E-05 1.30179E-05 2.46099E-05 -4.15428E-05 
1.40472E-05 2.50062E-05 -4.21483E-05 1.50337E-05 9.76020E-06 -4.06179E-05 1.50243E-05 2.59298E-05 -4.17650E-05 
1.63229E-05 9.40610E-06 -4.06029E-05 1.61501E-05 2.66593E-05 -4.14425E-05 1.73577E-05 2.63111E-05 -4.24790E-05 
1.96291E-05 2.57986E-05 -4.32892E-05 1.75083E-05 2.72231E-05 -4.11559E-05 1.69125E-05 2.52845E-05 -4.35121E-05 
1.89201E-05 2.76592E-05 -4.06523E-05 1.97289E-05 9.61420E-06 -4.10703E-05 2.05202E-05 2.72494E-05 -4.12378E-05 
2.13143E-05 9.94790E-06 -4.08469E-05 2.19532E-05 2.70523E-05 -4.09737E-05 2.25152E-05 1.07180E-05 -4.12692E-05 
2.30206E-05 2.67356E-05 -4.07182E-05 2.34895E-05 1.15332E-05 -4.15734E-05 2.45552E-05 1.19561E-05 -4.07387E-05 
2.54260E-05 1.32025E-05 -4.11296E-05 2.60829E-05 2.43166E-05 -4.05503E-05 2.51735E-05 2.51369E-05 -4.08342E-05 
2.64050E-05 1.45566E-05 -4.09533E-05 2.67724E-05 2.25146E-05 -4.11166E-05 2.67709E-05 2.33589E-05 -4.03752E-05 
2.76873E-05 1.81618E-05 -4.05583E-05 2.76685E-05 1.94565E-05 -4.06280E-05 2.72751E-05 2.02366E-05 -4.13101E-05 
1.06241E-05 1.70000E-05 -4.25220E-05 1.04506E-05 1.82379E-05 -4.22779E-05 1.04814E-05 1.94594E-05 -4.20166E-05 
1.09704E-05 1.43813E-05 -4.19916E-05 1.76098E-05 2.60161E-05 -3.04602E-05 1.10377E-05 1.20745E-05 -3.75191E-05 
1.09462E-05 2.03947E-05 -4.23556E-05 1.18691E-05 1.35737E-05 -4.26516E-05 2.58068E-05 1.80246E-05 -4.34727E-05 
1.21015E-05 2.25822E-05 -4.24764E-05 1.31583E-05 2.37452E-05 -4.26476E-05 1.44804E-05 2.43384E-05 -4.31918E-05 
1.56700E-05 9.99420E-06 -4.15703E-05 1.51048E-05 1.06729E-05 -4.23915E-05 1.50481E-05 2.52451E-05 -4.26527E-05 
1.60926E-05 2.57922E-05 -4.26012E-05 1.70846E-05 9.88400E-06 -4.18831E-05 2.63120E-05 1.57413E-05 -4.20242E-05 
1.86808E-05 1.00465E-05 -4.22236E-05 2.03651E-05 1.03393E-05 -4.21788E-05 2.15934E-05 1.06705E-05 -4.20178E-05 
2.15528E-05 2.66012E-05 -4.18922E-05 2.24582E-05 1.13562E-05 -4.23999E-05 2.27213E-05 2.62428E-05 -4.17483E-05 
2.33219E-05 1.20690E-05 -4.25108E-05 1.82671E-05 2.56480E-05 -4.34398E-05 2.42574E-05 1.24745E-05 -4.19648E-05 
2.47178E-05 1.34015E-05 -4.23990E-05 2.55594E-05 1.43471E-05 -4.21615E-05 2.61464E-05 2.33482E-05 -4.14726E-05 
2.54448E-05 2.41931E-05 -4.15351E-05 2.71513E-05 1.68423E-05 -4.12534E-05 2.71369E-05 1.79489E-05 -4.16552E-05 
2.72663E-05 1.89711E-05 -4.15066E-05 2.15000E-05 2.11766E-05 -4.57644E-05 2.62838E-05 2.22007E-05 -4.21182E-05 
1.14348E-05 1.48998E-05 -4.30030E-05 1.12209E-05 1.62095E-05 -4.32276E-05 1.11934E-05 1.75842E-05 -4.33546E-05 
1.19184E-05 1.55248E-05 -4.37786E-05 1.54144E-05 1.13018E-05 -4.33463E-05 1.20279E-05 2.10308E-05 -4.33685E-05 
1.53775E-05 1.43785E-05 -4.54989E-05 2.00813E-05 1.73007E-05 -4.64593E-05 1.62216E-05 1.53980E-05 -2.81632E-05 
1.14011E-05 2.45290E-05 -3.75419E-05 1.41151E-05 2.33396E-05 -4.37309E-05 1.52593E-05 2.36634E-05 -4.41992E-05 
1.56924E-05 2.48083E-05 -4.34777E-05 1.62584E-05 1.05145E-05 -4.26834E-05 1.74435E-05 1.05513E-05 -4.29572E-05 
2.42243E-05 1.84924E-05 -2.88152E-05 1.90710E-05 2.06176E-05 -2.76795E-05 1.96955E-05 1.08927E-05 -4.31908E-05 
2.05591E-05 2.62604E-05 -4.26493E-05 1.89576E-05 2.67237E-05 -4.22310E-05 2.43565E-05 1.54285E-05 -4.41187E-05 
2.80248E-05 2.09605E-05 -3.46377E-05 2.25500E-05 1.22256E-05 -4.33213E-05 2.37643E-05 1.31104E-05 -4.31618E-05 
2.33983E-05 2.51846E-05 -4.25102E-05 2.46591E-05 1.42043E-05 -4.31535E-05 2.02427E-05 1.88583E-05 -2.76629E-05 
2.53778E-05 1.52366E-05 -4.29904E-05 2.73412E-05 2.22621E-05 -4.01071E-05 2.65220E-05 1.72510E-05 -4.24351E-05 
2.08051E-05 1.05980E-05 -3.19485E-05 2.52793E-05 2.32176E-05 -4.26216E-05 2.67044E-05 1.85682E-05 -4.24247E-05 
2.68396E-05 1.95956E-05 -4.21859E-05 2.65558E-05 2.07949E-05 -4.23168E-05 1.21195E-05 1.80596E-05 -4.42739E-05 
1.63081E-05 2.51943E-05 -3.00960E-05 1.85507E-05 1.85220E-05 -4.66298E-05 1.50497E-05 2.54568E-05 -3.11614E-05 
1.27811E-05 1.95178E-05 -4.45840E-05 1.45846E-05 1.22076E-05 -4.37875E-05 1.46417E-05 2.24075E-05 -4.46741E-05 
2.40529E-05 2.13814E-05 -4.45315E-05 1.68403E-05 1.12369E-05 -4.37058E-05 1.66420E-05 2.42215E-05 -4.43301E-05 
1.03828E-05 1.83386E-05 -3.21375E-05 1.83838E-05 1.11382E-05 -4.36959E-05 1.77435E-05 1.23268E-05 -4.47579E-05 
1.79695E-05 2.45199E-05 -4.43798E-05 1.97464E-05 1.19804E-05 -4.43267E-05 1.37650E-05 1.43524E-05 -4.47407E-05 
2.32413E-05 2.68710E-05 -3.31421E-05 1.92637E-05 2.47548E-05 -4.42645E-05 2.08842E-05 2.50125E-05 -4.38407E-05 
9.73092E-06 2.04006E-05 -3.97435E-05 2.05461E-05 2.34959E-05 -2.83129E-05 1.49828E-05 2.66043E-05 -4.05236E-05 
2.37952E-05 1.41211E-05 -4.38841E-05 1.72957E-05 1.66973E-05 -2.76174E-05 2.55635E-05 1.64778E-05 -4.33471E-05 
2.50652E-05 2.02703E-05 -4.40309E-05 2.54696E-05 2.14850E-05 -4.33474E-05 2.44348E-05 2.25846E-05 -4.37347E-05 
1.47178E-05 2.65515E-05 -3.34153E-05 2.60404E-05 1.96898E-05 -4.32264E-05 1.28779E-05 1.69571E-05 -4.48828E-05 
1.84952E-05 1.68088E-05 -4.65557E-05 1.30702E-05 1.81770E-05 -4.50001E-05 1.51805E-05 9.33100E-06 -3.94581E-05 
1.36767E-05 1.59927E-05 -4.52541E-05 1.38217E-05 1.73848E-05 -4.54992E-05 1.39106E-05 1.86957E-05 -4.54581E-05 
1.40079E-05 1.98469E-05 -4.53066E-05 1.35845E-05 2.50995E-05 -3.21256E-05 1.47739E-05 1.32236E-05 -4.46424E-05 
1.47798E-05 2.08104E-05 -4.54067E-05 2.57141E-05 2.22257E-05 -3.07282E-05 1.58815E-05 1.21999E-05 -4.43506E-05 
1.59555E-05 2.16171E-05 -4.55748E-05 1.61886E-05 2.29420E-05 -4.50273E-05 2.38266E-05 1.51386E-05 -2.95216E-05 
1.73136E-05 2.21091E-05 -4.57135E-05 1.41421E-05 1.04970E-05 -4.13515E-05 1.75857E-05 2.33856E-05 -4.51016E-05 
1.90566E-05 1.30770E-05 -4.52293E-05 1.89617E-05 2.35619E-05 -4.50986E-05 2.03712E-05 1.33633E-05 -4.51664E-05 
1.99136E-05 2.22700E-05 -4.57057E-05 2.03419E-05 2.37432E-05 -4.49003E-05 2.06907E-05 1.46603E-05 -4.57226E-05 
2.15229E-05 2.27406E-05 -4.51642E-05 1.69071E-05 8.97740E-06 -3.94548E-05 2.19222E-05 1.53657E-05 -4.55585E-05 
2.26159E-05 2.17520E-05 -4.51661E-05 2.16771E-05 2.38118E-05 -4.45024E-05 2.30591E-05 1.46937E-05 -4.47143E-05 
2.32527E-05 1.61389E-05 -4.51418E-05 2.37749E-05 1.87671E-05 -4.51186E-05 2.30339E-05 2.29767E-05 -4.44240E-05 
2.02969E-05 2.82060E-05 -3.88852E-05 2.45119E-05 1.73043E-05 -4.45075E-05 2.41821E-05 1.99885E-05 -4.47382E-05 
2.27804E-05 1.34149E-05 -4.41637E-05 2.49760E-05 1.89621E-05 -4.42632E-05 1.46805E-05 1.53434E-05 -4.55513E-05 
1.47635E-05 1.65965E-05 -4.58786E-05 1.10273E-05 2.37646E-05 -3.87006E-05 1.51868E-05 1.93073E-05 -4.59508E-05 
1.63309E-05 1.34585E-05 -4.53095E-05 2.19846E-05 1.88254E-05 -2.77776E-05 1.58352E-05 1.57925E-05 -4.60813E-05 
1.59533E-05 1.71082E-05 -4.63023E-05 1.59715E-05 1.82942E-05 -4.63157E-05 1.59268E-05 2.03685E-05 -4.59520E-05 
1.78992E-05 1.37974E-05 -4.56730E-05 1.68210E-05 1.47975E-05 -4.59828E-05 1.70882E-05 1.62076E-05 -4.64057E-05 
1.68397E-05 1.92817E-05 -4.64184E-05 1.70914E-05 2.07699E-05 -4.61455E-05 1.82518E-05 1.51617E-05 -4.62200E-05 
1.71384E-05 1.77159E-05 -4.65361E-05 1.80770E-05 1.99730E-05 -4.64383E-05 1.84878E-05 2.25241E-05 -4.56284E-05 
1.93516E-05 1.41986E-05 -4.58004E-05 2.54357E-05 1.27385E-05 -3.39068E-05 1.38864E-05 1.15546E-05 -4.27012E-05 
2.40346E-05 1.14538E-05 -3.37867E-05 1.91092E-05 1.98979E-05 -4.64553E-05 2.14517E-05 1.97142E-05 -4.61003E-05 
2.45861E-05 2.45823E-05 -4.21405E-05 2.01074E-05 1.90553E-05 -4.64694E-05 1.76869E-05 2.32657E-05 -2.82856E-05 
2.08944E-05 1.59328E-05 -4.60817E-05 2.45295E-05 2.31732E-05 -3.00213E-05 2.12305E-05 1.82917E-05 -4.62331E-05 
2.19423E-05 1.69912E-05 -4.59301E-05 2.32611E-05 1.75592E-05 -4.53867E-05 2.24874E-05 1.86032E-05 -4.57789E-05 
2.25078E-05 2.44352E-05 -4.37290E-05 1.79010E-05 9.96090E-06 -3.23849E-05 2.61731E-05 1.30346E-05 -3.54471E-05 
1.61876E-05 2.78116E-05 -3.82714E-05 1.89921E-05 2.72160E-05 -3.19398E-05 2.36799E-05 2.11035E-05 -1.13047E-05 
2.21847E-05 1.65747E-05 -1.19355E-05 2.31045E-05 1.84032E-05 -1.18972E-05 2.29862E-05 1.97683E-05 -1.18983E-05 
2.20961E-05 2.08325E-05 -1.19337E-05 2.21410E-05 1.76572E-05 -1.20978E-05 2.11917E-05 2.21736E-05 -1.18777E-05 
9.64590E-06 1.86258E-05 -1.73440E-06 2.53094E-05 1.56509E-05 4.61010E-06 2.03308E-05 1.51566E-05 -1.18947E-05 
1.83819E-05 2.45492E-05 -1.10483E-05 1.96911E-05 2.20447E-05 -1.20548E-05 1.40772E-05 2.38213E-05 3.41330E-06 
1.90358E-05 1.57975E-05 -1.20761E-05 1.87886E-05 1.71831E-05 -1.22379E-05 1.89961E-05 2.34301E-05 -1.17103E-05 
1.75473E-05 1.65646E-05 -1.21304E-05 2.05402E-05 1.98843E-05 -1.22329E-05 1.79145E-05 2.05988E-05 6.31900E-06 
1.82148E-05 2.22809E-05 -1.20860E-05 1.64096E-05 1.75790E-05 -1.21150E-05 2.55820E-05 1.23895E-05 2.31920E-06 
1.72224E-05 2.07970E-05 -1.22328E-05 1.66855E-05 2.22762E-05 -1.18902E-05 1.57425E-05 2.10036E-05 -1.19595E-05 
2.41288E-05 1.67063E-05 -1.11700E-05 2.42126E-05 1.78918E-05 -1.12731E-05 2.06205E-05 1.82840E-05 -1.22582E-05 
2.35140E-05 2.30670E-05 -1.05155E-05 2.33141E-05 1.57162E-05 -1.13366E-05 2.24813E-05 2.23305E-05 -1.14617E-05 
1.26634E-05 1.73036E-05 -9.95604E-06 2.06320E-05 2.50220E-05 -1.03860E-05 2.09577E-05 1.36186E-05 -1.11819E-05 
1.98481E-05 2.43174E-05 -1.11329E-05 1.90862E-05 1.39372E-05 -1.14616E-05 1.76537E-05 1.34975E-05 -1.10586E-05 
1.73452E-05 1.47864E-05 -1.16238E-05 1.65974E-05 1.37310E-05 -1.08905E-05 2.56361E-05 1.37076E-05 -8.63270E-06 
1.69782E-05 2.46016E-05 -1.07954E-05 1.56045E-05 1.45973E-05 -1.09739E-05 1.61095E-05 1.60276E-05 -1.17129E-05 
1.50220E-05 1.71727E-05 -1.15726E-05 1.54462E-05 2.21770E-05 -1.15590E-05 1.59160E-05 2.34915E-05 -1.11808E-05 
1.49129E-05 1.58571E-05 -1.11597E-05 2.53675E-05 2.39167E-05 -8.07450E-06 1.45235E-05 2.12802E-05 -1.13844E-05 
1.45029E-05 2.26554E-05 -1.09277E-05 1.37797E-05 2.02225E-05 -1.10889E-05 2.47665E-05 1.59468E-05 -1.06029E-05 
2.50700E-05 1.72604E-05 -1.06949E-05 2.51829E-05 1.86007E-05 -1.06655E-05 2.41563E-05 1.45577E-05 -1.04356E-05 
2.45952E-05 2.19942E-05 -1.02984E-05 1.90302E-05 2.81610E-05 -6.66300E-07 2.22028E-05 1.27413E-05 -1.02564E-05 
1.09250E-05 2.14550E-05 1.31910E-06 2.09231E-05 1.23266E-05 -1.02874E-05 1.96684E-05 1.25774E-05 -1.06173E-05 
1.92134E-05 2.55621E-05 -1.01617E-05 1.94602E-05 2.64469E-05 -9.06419E-06 1.83485E-05 1.27465E-05 -1.06779E-05 
1.78333E-05 2.53948E-05 -1.02671E-05 1.58253E-05 2.69055E-05 -7.60070E-06 1.66263E-05 2.55817E-05 -9.83297E-06 
1.58106E-05 2.46554E-05 -1.03471E-05 2.82207E-05 1.87997E-05 8.96401E-07 1.38372E-05 1.65683E-05 -1.07561E-05 
1.94176E-05 2.11934E-05 6.25250E-06 1.33018E-05 2.15711E-05 -1.04840E-05 1.24790E-05 1.86601E-05 -1.00079E-05 
1.28026E-05 1.98973E-05 -1.03669E-05 2.58703E-05 1.66726E-05 -9.85267E-06 2.59058E-05 1.78197E-05 -1.00102E-05 
2.61589E-05 1.90013E-05 -9.76684E-06 2.55037E-05 1.50436E-05 -9.60421E-06 2.56887E-05 2.17572E-05 -9.35260E-06 
2.48499E-05 2.31222E-05 -9.35668E-06 2.46390E-05 1.36765E-05 -9.53094E-06 2.40139E-05 2.43339E-05 -9.10780E-06 
2.85910E-05 1.65816E-05 -4.78740E-06 2.29977E-05 1.22163E-05 -9.46408E-06 2.16960E-05 1.15165E-05 -9.34424E-06 
2.66560E-05 1.92632E-05 3.36430E-06 2.06919E-05 1.08095E-05 -8.73650E-06 2.01296E-05 1.15292E-05 -9.68861E-06 
1.84972E-05 1.16940E-05 -9.79255E-06 1.79183E-05 2.64071E-05 -9.16497E-06 1.62885E-05 2.64032E-05 -8.70510E-06 
1.56322E-05 1.32024E-05 -1.00407E-05 1.51036E-05 2.53178E-05 -9.35651E-06 1.45910E-05 1.39113E-05 -9.90884E-06 
1.30050E-05 1.57593E-05 -9.68486E-06 1.37293E-05 2.44475E-05 -9.13865E-06 1.22500E-05 2.08693E-05 -9.63077E-06 
1.70590E-05 2.83350E-05 -3.76960E-06 1.17574E-05 1.80267E-05 -9.11355E-06 1.22171E-05 2.57877E-05 -2.14820E-06 
2.68134E-05 1.77111E-05 -8.99080E-06 2.69489E-05 1.91207E-05 -8.76220E-06 2.63832E-05 1.48004E-05 -8.51010E-06 
2.66449E-05 1.60882E-05 -8.81750E-06 2.15588E-05 2.62016E-05 -8.71200E-06 2.58758E-05 2.28515E-05 -8.42640E-06 
2.51904E-05 1.04343E-05 -3.73740E-06 2.43671E-05 1.23671E-05 -8.61230E-06 1.64969E-05 1.26278E-05 4.35640E-06 
2.29623E-05 1.14050E-05 -8.58710E-06 2.71858E-05 1.53152E-05 -7.68550E-06 1.93639E-05 1.07570E-05 -8.78820E-06 
2.04119E-05 2.67904E-05 -8.34910E-06 1.80478E-05 1.08437E-05 -8.65380E-06 1.70238E-05 1.14430E-05 -9.06272E-06 
1.57670E-05 1.20958E-05 -9.10201E-06 1.44590E-05 1.29440E-05 -8.97510E-06 1.49092E-05 2.62243E-05 -8.05680E-06 
2.74610E-05 1.56894E-05 2.13970E-06 1.40047E-05 2.53624E-05 -8.38320E-06 1.25143E-05 1.51682E-05 -8.74040E-06 
1.28180E-05 2.36591E-05 -8.84050E-06 1.11324E-05 1.88387E-05 -8.32150E-06 1.17356E-05 1.95780E-05 -9.22628E-06 
1.16067E-05 2.08515E-05 -8.83220E-06 2.46402E-05 2.10042E-05 4.64470E-06 1.41092E-05 1.07377E-05 -4.27560E-06 
2.75458E-05 1.67984E-05 -7.74670E-06 2.74381E-05 2.00722E-05 -7.72740E-06 2.65925E-05 1.39772E-05 -7.60130E-06 
2.67941E-05 2.17410E-05 -7.92850E-06 2.63360E-05 2.33026E-05 -7.25250E-06 2.57297E-05 1.26847E-05 -7.52040E-06 
1.70276E-05 1.25058E-05 -1.01675E-05 2.49018E-05 1.16826E-05 -7.24240E-06 1.39480E-05 2.58978E-05 1.21050E-06 
2.36411E-05 1.08887E-05 -7.36070E-06 2.35203E-05 2.59773E-05 -7.40640E-06 2.52233E-05 2.57469E-05 -4.68550E-06 
2.24217E-05 2.64544E-05 -7.64920E-06 2.13352E-05 2.69042E-05 -7.64680E-06 2.15649E-05 2.38782E-05 -1.09933E-05 
1.85683E-05 1.02047E-05 -7.85060E-06 2.66722E-05 2.36483E-05 1.56900E-07 1.59989E-05 1.11317E-05 -8.01410E-06 
1.15833E-05 1.39162E-05 -5.71360E-06 1.46693E-05 1.18581E-05 -7.85090E-06 1.33283E-05 1.29424E-05 -7.67070E-06 
1.37351E-05 2.58553E-05 -7.40540E-06 1.26314E-05 1.42215E-05 -8.10090E-06 1.27701E-05 2.46811E-05 -7.79870E-06 
1.24596E-05 2.60797E-05 -3.70090E-06 1.18843E-05 1.50909E-05 -7.79090E-06 1.18736E-05 1.63501E-05 -8.64520E-06 
1.10185E-05 1.76128E-05 -7.84730E-06 1.18534E-05 2.32131E-05 -7.91900E-06 1.05146E-05 1.88071E-05 -7.18650E-06 
1.08687E-05 2.01523E-05 -7.82780E-06 1.12879E-05 2.17709E-05 -7.97290E-06 2.79628E-05 1.59290E-05 -6.40070E-06 
2.82203E-05 1.76010E-05 -6.40210E-06 2.81508E-05 1.93256E-05 -6.38880E-06 2.74127E-05 1.43557E-05 -6.46650E-06 
2.77586E-05 2.10245E-05 -6.47410E-06 2.71973E-05 2.25052E-05 -6.31950E-06 2.58294E-05 1.19151E-05 -6.30840E-06 
2.67019E-05 1.30557E-05 -6.41260E-06 2.66569E-05 2.36152E-05 -6.05080E-06 2.56201E-05 2.47216E-05 -6.50050E-06 
2.44252E-05 2.58227E-05 -6.44150E-06 2.37600E-05 1.01941E-05 -5.97070E-06 2.47262E-05 1.09090E-05 -6.21920E-06 
2.25970E-05 9.85090E-06 -6.32410E-06 2.18994E-05 2.72227E-05 -6.50870E-06 2.12809E-05 9.65000E-06 -6.62950E-06 
1.99195E-05 9.29680E-06 8.17700E-07 2.03496E-05 2.75586E-05 -6.82870E-06 1.88560E-05 9.62820E-06 -6.75230E-06 
1.85730E-05 2.78464E-05 -6.59160E-06 1.73092E-05 2.79009E-05 -6.18520E-06 1.76216E-05 9.87760E-06 -6.85200E-06 
1.62870E-05 1.03238E-05 -6.79430E-06 1.61315E-05 2.75277E-05 -6.49280E-06 1.52001E-05 1.09035E-05 -6.83290E-06 
1.36196E-05 2.63505E-05 -6.29600E-06 1.21683E-05 1.39024E-05 -7.00310E-06 1.26539E-05 2.54676E-05 -6.40160E-06 
1.14521E-05 1.48755E-05 -6.69640E-06 1.10279E-05 1.61762E-05 -7.07720E-06 1.16079E-05 2.42245E-05 -6.35250E-06 
1.04270E-05 1.75390E-05 -6.57620E-06 1.01844E-05 1.99435E-05 -6.31940E-06 1.04911E-05 2.12753E-05 -6.68720E-06 
1.09640E-05 2.26760E-05 -6.73060E-06 2.35657E-05 1.32146E-05 -9.96186E-06 2.81164E-05 1.48917E-05 -5.12490E-06 
2.86625E-05 1.85290E-05 -4.89470E-06 2.84167E-05 2.02678E-05 -4.90540E-06 2.74750E-05 1.34679E-05 -5.14310E-06 
2.78928E-05 2.18615E-05 -4.99640E-06 2.72332E-05 2.32060E-05 -5.01400E-06 2.66242E-05 1.21823E-05 -5.09960E-06 
2.64159E-05 2.43940E-05 -4.96490E-06 2.44496E-05 1.02011E-05 -4.95320E-06 2.55765E-05 1.10864E-05 -5.05180E-06 
2.40037E-05 2.65031E-05 -5.32640E-06 2.31704E-05 9.51180E-06 -4.76120E-06 2.27907E-05 2.72462E-05 -5.16980E-06 
2.15870E-05 9.18880E-06 -5.21120E-06 2.10532E-05 2.79454E-05 -5.04970E-06 1.99872E-05 9.20310E-06 -5.76770E-06 
1.95791E-05 2.81040E-05 -5.58460E-06 1.82423E-05 9.28620E-06 -5.62680E-06 1.68754E-05 9.62280E-06 -5.56160E-06 
1.53349E-05 1.02531E-05 -5.36830E-06 1.51725E-05 2.74678E-05 -5.70160E-06 1.68105E-05 1.13983E-05 3.35770E-06 
1.40954E-05 2.69949E-05 -5.42830E-06 2.32356E-05 1.71001E-05 -1.16542E-05 1.29992E-05 2.62981E-05 -5.09960E-06 
1.08834E-05 1.51893E-05 -5.65050E-06 1.19280E-05 2.53058E-05 -4.94610E-06 1.03967E-05 1.63908E-05 -5.58550E-06 
1.00399E-05 1.75402E-05 -5.35710E-06 1.00163E-05 1.86457E-05 -5.82590E-06 1.03484E-05 2.21926E-05 -5.51770E-06 
1.07901E-05 2.32655E-05 -5.55010E-06 1.80967E-05 2.82940E-05 -4.97550E-06 2.89335E-05 1.77756E-05 -3.27360E-06 
2.88027E-05 1.94128E-05 -3.33920E-06 2.80324E-05 1.39915E-05 -3.89070E-06 2.85026E-05 1.52694E-05 -3.83800E-06 
2.83319E-05 2.13460E-05 -3.15900E-06 2.73122E-05 1.26791E-05 -3.78930E-06 2.76962E-05 2.26999E-05 -3.83020E-06 
2.19671E-05 1.04730E-05 -7.83040E-06 2.70855E-05 2.37945E-05 -3.68380E-06 2.62518E-05 2.48864E-05 -3.73690E-06 
2.41209E-05 9.74660E-06 -3.78070E-06 2.39017E-05 2.68624E-05 -3.99050E-06 2.23360E-05 2.76947E-05 -3.50220E-06 
2.18052E-05 8.92660E-06 -3.61670E-06 2.07930E-05 2.82260E-05 -3.14480E-06 2.04869E-05 8.80730E-06 -4.03010E-06 
1.89896E-05 8.88190E-06 -4.29190E-06 1.96174E-05 2.83660E-05 -4.19780E-06 1.75643E-05 9.11060E-06 -4.21960E-06 
1.73560E-05 2.73012E-05 -7.61050E-06 1.63509E-05 9.52000E-06 -4.25700E-06 1.48446E-05 2.76103E-05 -4.40450E-06 
1.36568E-05 2.69885E-05 -4.02720E-06 2.81028E-05 2.16688E-05 -1.31780E-06 1.10138E-05 1.42591E-05 -4.32080E-06 
9.94204E-06 1.69108E-05 -4.26040E-06 9.72879E-06 1.82867E-05 -4.40630E-06 2.60280E-05 1.66015E-05 4.19390E-06 
9.75348E-06 1.96453E-05 -4.80960E-06 9.99561E-06 2.18361E-05 -4.29320E-06 1.03567E-05 2.29349E-05 -4.32550E-06 
1.63527E-05 2.80310E-05 -4.97920E-06 2.84303E-05 1.46796E-05 -2.66540E-06 2.87786E-05 1.61409E-05 -2.99280E-06 
2.78579E-05 1.33945E-05 -2.56460E-06 1.34645E-05 1.41961E-05 -9.12038E-06 2.88986E-05 1.85295E-05 -1.90350E-06 
2.63611E-05 1.14614E-05 -3.67110E-06 2.57075E-05 2.55128E-05 -3.14770E-06 2.43907E-05 9.79960E-06 -2.52440E-06 
2.47458E-05 2.63537E-05 -2.89590E-06 2.31994E-05 9.27790E-06 -3.12560E-06 2.21485E-05 8.94030E-06 -2.38860E-06 
1.50987E-05 2.01941E-05 5.54330E-06 1.96054E-05 2.84460E-05 -2.84790E-06 1.95906E-05 8.69560E-06 -3.04920E-06 
1.82921E-05 8.83700E-06 -2.87080E-06 1.84063E-05 2.84950E-05 -3.41400E-06 1.53541E-05 9.86710E-06 -3.50440E-06 
1.57486E-05 2.80460E-05 -3.09610E-06 1.60835E-05 2.56829E-05 2.96710E-06 1.44385E-05 2.74784E-05 -3.17020E-06 
1.93938E-05 1.88570E-05 -1.22311E-05 2.52496E-05 2.03766E-05 -1.03511E-05 1.14410E-05 2.50036E-05 -3.40060E-06 
1.10415E-05 2.41590E-05 -4.67170E-06 9.66785E-06 1.77205E-05 -3.01650E-06 9.54374E-06 1.92734E-05 -3.20160E-06 
9.68946E-06 2.07115E-05 -3.66670E-06 9.99841E-06 2.21480E-05 -2.92910E-06 1.06110E-05 2.36728E-05 -3.16970E-06 
2.86294E-05 1.55238E-05 -1.49720E-06 2.88881E-05 1.70121E-05 -1.74620E-06 1.63367E-05 9.56870E-06 -8.32400E-07 
2.81639E-05 1.41727E-05 -1.32220E-06 2.31092E-05 1.78914E-05 6.07520E-06 2.75525E-05 2.30531E-05 -2.27130E-06 
2.65146E-05 2.03594E-05 -9.02067E-06 2.74346E-05 1.28462E-05 -1.16730E-06 2.57941E-05 1.08208E-05 -2.35990E-06 
1.61989E-05 1.39419E-05 5.11140E-06 2.55370E-05 2.56041E-05 -1.88870E-06 2.39239E-05 9.64790E-06 -1.17680E-06 
2.43708E-05 2.64612E-05 -1.44910E-06 2.31121E-05 9.24430E-06 -1.80790E-06 2.31204E-05 2.70649E-05 -8.16600E-07 
2.07402E-05 8.71700E-06 -2.18830E-06 2.01746E-05 2.82540E-05 -1.65610E-06 1.92429E-05 8.73900E-06 -1.96660E-06 
1.87969E-05 2.84370E-05 -1.93550E-06 1.79691E-05 8.99570E-06 -1.29670E-06 1.66952E-05 9.23560E-06 -2.63770E-06 
1.73013E-05 2.83710E-05 -2.39280E-06 1.54762E-05 9.78860E-06 -2.07280E-06 1.43693E-05 1.04173E-05 -2.55350E-06 
1.32378E-05 1.12752E-05 -2.97980E-06 1.33306E-05 2.67962E-05 -2.64700E-06 1.21931E-05 1.23291E-05 -3.04600E-06 
1.12925E-05 1.35347E-05 -2.94630E-06 1.05559E-05 1.48497E-05 -2.92740E-06 1.11389E-05 2.43966E-05 -1.77440E-06 
1.46268E-05 2.74176E-05 -1.61750E-06 1.00383E-05 1.61969E-05 -2.94920E-06 9.70921E-06 2.04473E-05 -1.88830E-06 
1.04570E-05 2.31588E-05 -1.89980E-06 2.86354E-05 1.64896E-05 -4.12901E-07 2.87217E-05 1.78957E-05 -5.03999E-07 
2.86494E-05 1.91403E-05 -6.39599E-07 2.76656E-05 1.37193E-05 -1.24991E-08 2.82748E-05 1.50744E-05 -2.04401E-07 
2.27431E-05 2.44659E-05 -9.91114E-06 2.73977E-05 2.29089E-05 -7.48300E-07 2.50675E-05 1.03478E-05 -1.04280E-06 
2.63199E-05 1.15102E-05 -8.22000E-07 1.04096E-05 1.55371E-05 -4.28760E-06 2.61387E-05 2.47535E-05 -8.77299E-07 
2.50349E-05 2.57012E-05 -4.65600E-07 2.39657E-05 2.63766E-05 -1.90700E-07 2.19909E-05 8.97240E-06 -1.33040E-06 
1.96028E-05 8.83600E-06 -8.70400E-07 1.62364E-05 2.79942E-05 -1.33420E-06 1.46725E-05 1.03732E-05 -9.50499E-07 
1.47090E-05 2.40104E-05 -1.02401E-05 1.36320E-05 1.10095E-05 -1.73030E-06 1.27305E-05 1.18190E-05 -1.67080E-06 
1.07598E-05 2.32832E-05 -7.03901E-07 1.17939E-05 1.29242E-05 -1.55740E-06 1.10023E-05 1.41769E-05 -1.51700E-06 
1.03413E-05 1.55498E-05 -1.53610E-06 9.88307E-06 1.70815E-05 -1.60910E-06 1.32048E-05 2.64438E-05 -1.14890E-06 
1.01628E-05 2.19674E-05 -1.08100E-06 2.84113E-05 1.72724E-05 5.55900E-07 2.41548E-05 1.93593E-05 -1.13458E-05 
2.76820E-05 1.46129E-05 1.04170E-06 1.29381E-05 1.18009E-05 -4.57730E-06 2.48194E-05 2.23891E-05 3.80550E-06 
2.69408E-05 1.25952E-05 6.92008E-08 2.75177E-05 2.19818E-05 4.00601E-07 2.61240E-05 1.19769E-05 8.61200E-07 
2.55545E-05 2.47794E-05 5.33099E-07 2.52233E-05 1.08870E-05 3.82500E-07 2.40320E-05 9.96810E-06 -2.62998E-08 
2.42383E-05 2.57073E-05 9.45501E-07 1.83153E-05 1.55559E-05 6.34900E-06 1.48538E-05 1.98708E-05 -1.17399E-05 
2.27391E-05 1.41276E-05 -1.09433E-05 2.18800E-05 2.73114E-05 1.53700E-07 2.04682E-05 2.78617E-05 -2.87900E-07 
1.86706E-05 9.13220E-06 1.86001E-08 1.80374E-05 2.78825E-05 1.22501E-07 1.75514E-05 9.40640E-06 8.16008E-08 
1.68374E-05 2.77452E-05 5.35993E-08 2.55447E-05 1.44230E-05 3.92290E-06 1.55098E-05 1.02355E-05 2.55400E-07 
1.54511E-05 2.73949E-05 -1.71901E-07 1.44434E-05 1.09746E-05 5.02300E-07 1.42182E-05 2.67537E-05 -9.18998E-08 
1.34779E-05 1.13664E-05 -5.01000E-07 1.25226E-05 1.24167E-05 -2.62201E-07 2.46724E-05 1.30425E-05 3.75330E-06 
1.32153E-05 2.59813E-05 8.92006E-08 1.16361E-05 1.36236E-05 -1.72001E-07 1.08760E-05 1.49796E-05 -2.20601E-07 
1.09807E-05 1.57121E-05 8.42701E-07 2.34094E-05 2.71793E-05 -2.36560E-06 1.13936E-05 2.41774E-05 -3.30600E-07 
1.03234E-05 1.65796E-05 -1.69800E-07 9.92361E-06 1.80130E-05 -6.01100E-07 9.92384E-06 1.92524E-05 -4.06900E-07 
1.02070E-05 2.07345E-05 6.02004E-08 1.21774E-05 2.52915E-05 -5.26400E-07 2.79699E-05 1.71869E-05 1.59610E-06 
2.86490E-05 2.01031E-05 -1.74830E-06 2.81631E-05 1.60058E-05 8.35399E-07 2.77125E-05 2.04459E-05 1.28990E-06 
2.68540E-05 1.32295E-05 1.29900E-06 2.69236E-05 2.15872E-05 1.94580E-06 2.66907E-05 2.27694E-05 1.25920E-06 
2.58367E-05 2.37795E-05 1.51160E-06 2.51285E-05 1.14647E-05 1.64190E-06 2.49821E-05 2.46099E-05 1.64280E-06 
2.39528E-05 2.50062E-05 2.24830E-06 2.29663E-05 9.76020E-06 7.17900E-07 2.29757E-05 2.59298E-05 1.86500E-06 
2.16771E-05 9.40610E-06 7.02900E-07 2.18499E-05 2.66593E-05 1.54250E-06 2.06423E-05 2.63111E-05 2.57900E-06 
1.83709E-05 2.57986E-05 3.38920E-06 2.04917E-05 2.72231E-05 1.25590E-06 2.10875E-05 2.52845E-05 3.61210E-06 
1.90799E-05 2.76592E-05 7.52300E-07 1.82711E-05 9.61420E-06 1.17030E-06 1.74798E-05 2.72494E-05 1.33780E-06 
1.66857E-05 9.94790E-06 9.46900E-07 1.60468E-05 2.70523E-05 1.07370E-06 1.54848E-05 1.07180E-05 1.36920E-06 
1.49794E-05 2.67356E-05 8.18201E-07 1.45105E-05 1.15332E-05 1.67340E-06 1.34448E-05 1.19561E-05 8.38701E-07 
1.25740E-05 1.32025E-05 1.22960E-06 1.19171E-05 2.43166E-05 6.50301E-07 1.28265E-05 2.51369E-05 9.34199E-07 
1.15950E-05 1.45566E-05 1.05330E-06 1.12276E-05 2.25146E-05 1.21660E-06 1.12290E-05 2.33589E-05 4.75199E-07 
1.03127E-05 1.81618E-05 6.58301E-07 1.03315E-05 1.94565E-05 7.28001E-07 1.07249E-05 2.02366E-05 1.41010E-06 
2.73759E-05 1.70000E-05 2.62200E-06 2.75494E-05 1.82379E-05 2.37790E-06 2.75186E-05 1.94594E-05 2.11670E-06 
2.70296E-05 1.43813E-05 2.09160E-06 2.03902E-05 2.60161E-05 -9.43977E-06 2.69623E-05 1.20745E-05 -2.38090E-06 
2.70538E-05 2.03947E-05 2.45560E-06 2.61309E-05 1.35737E-05 2.75160E-06 1.21932E-05 1.80246E-05 3.57270E-06 
2.58985E-05 2.25822E-05 2.57640E-06 2.48417E-05 2.37452E-05 2.74760E-06 2.35196E-05 2.43384E-05 3.29180E-06 
2.23300E-05 9.99420E-06 1.67030E-06 2.28952E-05 1.06729E-05 2.49150E-06 2.29519E-05 2.52451E-05 2.75270E-06 
2.19074E-05 2.57922E-05 2.70120E-06 2.09154E-05 9.88400E-06 1.98310E-06 1.16880E-05 1.57413E-05 2.12420E-06 
1.93192E-05 1.00465E-05 2.32360E-06 1.76349E-05 1.03393E-05 2.27880E-06 1.64066E-05 1.06705E-05 2.11780E-06 
1.64472E-05 2.66012E-05 1.99220E-06 1.55418E-05 1.13562E-05 2.49990E-06 1.52787E-05 2.62428E-05 1.84830E-06 
1.46781E-05 1.20690E-05 2.61080E-06 1.97329E-05 2.56480E-05 3.53980E-06 1.37426E-05 1.24745E-05 2.06480E-06 
1.32822E-05 1.34015E-05 2.49900E-06 1.24406E-05 1.43471E-05 2.26150E-06 1.18536E-05 2.33482E-05 1.57260E-06 
1.25552E-05 2.41931E-05 1.63510E-06 1.08487E-05 1.68423E-05 1.35340E-06 1.08631E-05 1.79489E-05 1.75520E-06 
1.07337E-05 1.89711E-05 1.60660E-06 1.65000E-05 2.11766E-05 5.86440E-06 1.17162E-05 2.22007E-05 2.21820E-06 
2.65652E-05 1.48998E-05 3.10300E-06 2.67791E-05 1.62095E-05 3.32760E-06 2.68066E-05 1.75842E-05 3.45460E-06 
2.60816E-05 1.55248E-05 3.87860E-06 2.25856E-05 1.13018E-05 3.44630E-06 2.59721E-05 2.10308E-05 3.46850E-06 
2.26225E-05 1.43785E-05 5.59890E-06 1.79187E-05 1.73007E-05 6.55930E-06 2.17784E-05 1.53980E-05 -1.17368E-05 
2.65989E-05 2.45290E-05 -2.35810E-06 2.38848E-05 2.33396E-05 3.83090E-06 2.27407E-05 2.36634E-05 4.29920E-06 
2.23076E-05 2.48083E-05 3.57770E-06 2.17416E-05 1.05145E-05 2.78340E-06 2.05565E-05 1.05513E-05 3.05730E-06 
1.37757E-05 1.84924E-05 -1.10848E-05 1.89290E-05 2.06176E-05 -1.22205E-05 1.83045E-05 1.08927E-05 3.29080E-06 
1.74409E-05 2.62604E-05 2.74930E-06 1.90424E-05 2.67237E-05 2.33100E-06 1.36435E-05 1.54285E-05 4.21870E-06 
9.97522E-06 2.09605E-05 -5.26230E-06 1.54500E-05 1.22256E-05 3.42130E-06 1.42357E-05 1.31104E-05 3.26180E-06 
1.46017E-05 2.51846E-05 2.61020E-06 1.33409E-05 1.42043E-05 3.25350E-06 1.77573E-05 1.88583E-05 -1.22371E-05 
1.26222E-05 1.52366E-05 3.09040E-06 1.06588E-05 2.22621E-05 2.07100E-07 1.14780E-05 1.72510E-05 2.53510E-06 
1.71949E-05 1.05980E-05 -7.95150E-06 1.27207E-05 2.32176E-05 2.72160E-06 1.12956E-05 1.85682E-05 2.52470E-06 
1.11604E-05 1.95956E-05 2.28590E-06 1.14442E-05 2.07949E-05 2.41680E-06 2.58805E-05 1.80596E-05 4.37390E-06 
2.16919E-05 2.51943E-05 -9.80396E-06 1.94493E-05 1.85220E-05 6.72980E-06 2.29503E-05 2.54568E-05 -8.73860E-06 
2.52189E-05 1.95178E-05 4.68400E-06 2.34154E-05 1.22076E-05 3.88750E-06 2.33583E-05 2.24075E-05 4.77410E-06 
1.39470E-05 2.13814E-05 4.63150E-06 2.11597E-05 1.12369E-05 3.80580E-06 2.13580E-05 2.42215E-05 4.43010E-06 
2.76172E-05 1.83386E-05 -7.76250E-06 1.96162E-05 1.11382E-05 3.79590E-06 2.02565E-05 1.23268E-05 4.85790E-06 
2.00305E-05 2.45199E-05 4.47980E-06 1.82536E-05 1.19804E-05 4.42670E-06 2.42350E-05 1.43524E-05 4.84070E-06 
1.47587E-05 2.68710E-05 -6.75790E-06 1.87363E-05 2.47548E-05 4.36450E-06 1.71158E-05 2.50125E-05 3.94070E-06 
2.82691E-05 2.04006E-05 -1.56499E-07 1.74539E-05 2.34959E-05 -1.15871E-05 2.30172E-05 2.66043E-05 6.23600E-07 
1.42048E-05 1.41211E-05 3.98410E-06 2.07043E-05 1.66973E-05 -1.22825E-05 1.24365E-05 1.64778E-05 3.44710E-06 
1.29348E-05 2.02703E-05 4.13090E-06 1.25304E-05 2.14850E-05 3.44740E-06 1.35652E-05 2.25846E-05 3.83470E-06 
2.32822E-05 2.65515E-05 -6.48470E-06 1.19596E-05 1.96898E-05 3.32640E-06 2.51221E-05 1.69571E-05 4.98280E-06 
1.95048E-05 1.68088E-05 6.65570E-06 2.49298E-05 1.81770E-05 5.10010E-06 2.28195E-05 9.33100E-06 -4.41901E-07 
2.43233E-05 1.59927E-05 5.35410E-06 2.41783E-05 1.73848E-05 5.59920E-06 2.40894E-05 1.86957E-05 5.55810E-06 
2.39921E-05 1.98469E-05 5.40660E-06 2.44155E-05 2.50995E-05 -7.77440E-06 2.32261E-05 1.32236E-05 4.74240E-06 
2.32202E-05 2.08104E-05 5.50670E-06 1.22859E-05 2.22257E-05 -9.17184E-06 2.21185E-05 1.21999E-05 4.45060E-06 
2.20445E-05 2.16171E-05 5.67480E-06 2.18114E-05 2.29420E-05 5.12730E-06 1.41734E-05 1.51386E-05 -1.03784E-05 
2.06864E-05 2.21091E-05 5.81350E-06 2.38579E-05 1.04970E-05 1.45150E-06 2.04143E-05 2.33856E-05 5.20160E-06 
1.89434E-05 1.30770E-05 5.32930E-06 1.90383E-05 2.35619E-05 5.19860E-06 1.76288E-05 1.33633E-05 5.26640E-06 
1.80864E-05 2.22700E-05 5.80570E-06 1.76581E-05 2.37432E-05 5.00030E-06 1.73093E-05 1.46603E-05 5.82260E-06 
1.64771E-05 2.27406E-05 5.26420E-06 2.10929E-05 8.97740E-06 -4.45200E-07 1.60778E-05 1.53657E-05 5.65850E-06 
1.53841E-05 2.17520E-05 5.26610E-06 1.63229E-05 2.38118E-05 4.60240E-06 1.49409E-05 1.46937E-05 4.81430E-06 
1.47473E-05 1.61389E-05 5.24180E-06 1.42251E-05 1.87671E-05 5.21860E-06 1.49661E-05 2.29767E-05 4.52400E-06 
1.77031E-05 2.82060E-05 -1.01480E-06 1.34881E-05 1.73043E-05 4.60750E-06 1.38179E-05 1.99885E-05 4.83820E-06 
1.52196E-05 1.34149E-05 4.26370E-06 1.30240E-05 1.89621E-05 4.36320E-06 2.33195E-05 1.53434E-05 5.65130E-06 
2.32365E-05 1.65965E-05 5.97860E-06 2.69727E-05 2.37646E-05 -1.19940E-06 2.28132E-05 1.93073E-05 6.05080E-06 
2.16691E-05 1.34585E-05 5.40950E-06 1.60154E-05 1.88254E-05 -1.21224E-05 2.21648E-05 1.57925E-05 6.18130E-06 
2.20467E-05 1.71082E-05 6.40230E-06 2.20285E-05 1.82942E-05 6.41570E-06 2.20732E-05 2.03685E-05 6.05200E-06 
2.01008E-05 1.37974E-05 5.77300E-06 2.11790E-05 1.47975E-05 6.08280E-06 2.09118E-05 1.62076E-05 6.50580E-06 
2.11603E-05 1.92817E-05 6.51840E-06 2.09086E-05 2.07699E-05 6.24550E-06 1.97482E-05 1.51617E-05 6.32000E-06 
2.08616E-05 1.77159E-05 6.63610E-06 1.99230E-05 1.99730E-05 6.53830E-06 1.95122E-05 2.25241E-05 5.72840E-06 
1.86484E-05 1.41986E-05 5.90040E-06 1.25643E-05 1.27385E-05 -5.99320E-06 2.41136E-05 1.15546E-05 2.80120E-06 
1.39654E-05 1.14538E-05 -6.11330E-06 1.88908E-05 1.98979E-05 6.55530E-06 1.65483E-05 1.97142E-05 6.20030E-06 
1.34139E-05 2.45823E-05 2.24050E-06 1.78926E-05 1.90553E-05 6.56940E-06 2.03131E-05 2.32657E-05 -1.16144E-05 
1.71056E-05 1.59328E-05 6.18170E-06 1.34705E-05 2.31732E-05 -9.87873E-06 1.67695E-05 1.82917E-05 6.33310E-06 
1.60577E-05 1.69912E-05 6.03010E-06 1.47389E-05 1.75592E-05 5.48670E-06 1.55126E-05 1.86032E-05 5.87890E-06 
1.54922E-05 2.44352E-05 3.82900E-06 2.00990E-05 9.96090E-06 -7.51510E-06 1.18269E-05 1.30346E-05 -4.45290E-06 
2.18124E-05 2.78116E-05 -1.62860E-06 1.90079E-05 2.72160E-05 -7.96020E-06 1.43200E-05 -2.64953E-05 -2.21035E-05 
1.58153E-05 -2.58645E-05 -1.75747E-05 1.48955E-05 -2.59028E-05 -1.94032E-05 1.50138E-05 -2.59017E-05 -2.07683E-05 
1.59039E-05 -2.58663E-05 -2.18325E-05 1.58590E-05 -2.57022E-05 -1.86572E-05 1.68083E-05 -2.59223E-05 -2.31736E-05 
2.83541E-05 -3.60656E-05 -1.96258E-05 1.26906E-05 -4.24101E-05 -1.66509E-05 1.76692E-05 -2.59053E-05 -1.61566E-05 
1.96181E-05 -2.67516E-05 -2.55492E-05 1.83089E-05 -2.57452E-05 -2.30447E-05 2.39228E-05 -4.12133E-05 -2.48213E-05 
1.89642E-05 -2.57239E-05 -1.67975E-05 1.92114E-05 -2.55621E-05 -1.81831E-05 1.90039E-05 -2.60897E-05 -2.44301E-05 
2.04527E-05 -2.56696E-05 -1.75646E-05 1.74598E-05 -2.55671E-05 -2.08843E-05 2.00855E-05 -4.41190E-05 -2.15988E-05 
1.97852E-05 -2.57140E-05 -2.32809E-05 2.15904E-05 -2.56850E-05 -1.85790E-05 1.24180E-05 -4.01192E-05 -1.33895E-05 
2.07776E-05 -2.55672E-05 -2.17970E-05 2.13145E-05 -2.59098E-05 -2.32762E-05 2.22575E-05 -2.58405E-05 -2.20036E-05 
1.38712E-05 -2.66300E-05 -1.77063E-05 1.37874E-05 -2.65268E-05 -1.88918E-05 1.73795E-05 -2.55418E-05 -1.92840E-05 
1.44860E-05 -2.72845E-05 -2.40670E-05 1.46859E-05 -2.64634E-05 -1.67162E-05 1.55187E-05 -2.63383E-05 -2.33305E-05 
2.53366E-05 -2.78440E-05 -1.83036E-05 1.73680E-05 -2.74140E-05 -2.60220E-05 1.70423E-05 -2.66181E-05 -1.46186E-05 
1.81519E-05 -2.66671E-05 -2.53174E-05 1.89138E-05 -2.63384E-05 -1.49372E-05 2.03463E-05 -2.67414E-05 -1.44975E-05 
2.06548E-05 -2.61762E-05 -1.57864E-05 2.14026E-05 -2.69095E-05 -1.47310E-05 1.23639E-05 -2.91673E-05 -1.47076E-05 
2.10218E-05 -2.70046E-05 -2.56016E-05 2.23955E-05 -2.68261E-05 -1.55973E-05 2.18905E-05 -2.60871E-05 -1.70276E-05 
2.29780E-05 -2.62274E-05 -1.81727E-05 2.25538E-05 -2.62410E-05 -2.31770E-05 2.20840E-05 -2.66192E-05 -2.44915E-05 
2.30871E-05 -2.66403E-05 -1.68571E-05 1.26325E-05 -2.97255E-05 -2.49167E-05 2.34765E-05 -2.64156E-05 -2.22802E-05 
2.34971E-05 -2.68723E-05 -2.36554E-05 2.42203E-05 -2.67111E-05 -2.12225E-05 1.32335E-05 -2.71971E-05 -1.69468E-05 
1.29300E-05 -2.71051E-05 -1.82604E-05 1.28170E-05 -2.71345E-05 -1.96007E-05 1.38437E-05 -2.73645E-05 -1.55577E-05 
1.34048E-05 -2.75016E-05 -2.29942E-05 1.89698E-05 -3.71337E-05 -2.91610E-05 1.57972E-05 -2.75436E-05 -1.37413E-05 
2.70750E-05 -3.91191E-05 -2.24550E-05 1.70769E-05 -2.75126E-05 -1.33266E-05 1.83316E-05 -2.71827E-05 -1.35774E-05 
1.87866E-05 -2.76383E-05 -2.65621E-05 1.85398E-05 -2.87358E-05 -2.74469E-05 1.96515E-05 -2.71221E-05 -1.37465E-05 
2.01667E-05 -2.75329E-05 -2.63948E-05 2.21747E-05 -3.01993E-05 -2.79055E-05 2.13737E-05 -2.79670E-05 -2.65817E-05 
2.21894E-05 -2.74529E-05 -2.56554E-05 9.77930E-06 -3.86964E-05 -1.97997E-05 2.41628E-05 -2.70439E-05 -1.75683E-05 
1.85824E-05 -4.40525E-05 -2.21934E-05 2.46982E-05 -2.73160E-05 -2.25711E-05 2.55210E-05 -2.77921E-05 -1.96601E-05 
2.51974E-05 -2.74331E-05 -2.08973E-05 1.21297E-05 -2.79473E-05 -1.76726E-05 1.20942E-05 -2.77898E-05 -1.88197E-05 
1.18411E-05 -2.80332E-05 -2.00013E-05 1.24963E-05 -2.81958E-05 -1.60436E-05 1.23113E-05 -2.84474E-05 -2.27572E-05 
1.31501E-05 -2.84433E-05 -2.41222E-05 1.33610E-05 -2.82691E-05 -1.46765E-05 1.39861E-05 -2.86922E-05 -2.53339E-05 
9.40901E-06 -3.30126E-05 -1.75816E-05 1.50023E-05 -2.83359E-05 -1.32163E-05 1.63040E-05 -2.84558E-05 -1.25165E-05 
1.13440E-05 -4.11643E-05 -2.02632E-05 1.73081E-05 -2.90635E-05 -1.18095E-05 1.78704E-05 -2.81114E-05 -1.25292E-05 
1.95028E-05 -2.80075E-05 -1.26940E-05 2.00817E-05 -2.86350E-05 -2.74071E-05 2.17115E-05 -2.90949E-05 -2.74032E-05 
2.23678E-05 -2.77593E-05 -1.42024E-05 2.28964E-05 -2.84435E-05 -2.63178E-05 2.34090E-05 -2.78912E-05 -1.49113E-05 
2.49950E-05 -2.81151E-05 -1.67593E-05 2.42707E-05 -2.86614E-05 -2.54475E-05 2.57500E-05 -2.81692E-05 -2.18693E-05 
2.09410E-05 -3.40304E-05 -2.93350E-05 2.62426E-05 -2.86865E-05 -1.90267E-05 2.57829E-05 -3.56518E-05 -2.67877E-05 
1.11866E-05 -2.88092E-05 -1.87111E-05 1.10511E-05 -2.90378E-05 -2.01207E-05 1.16168E-05 -2.92899E-05 -1.58004E-05 
1.13551E-05 -2.89825E-05 -1.70882E-05 1.64412E-05 -2.90880E-05 -2.72016E-05 1.21242E-05 -2.93736E-05 -2.38515E-05 
1.28096E-05 -3.40626E-05 -1.14343E-05 1.36329E-05 -2.91877E-05 -1.33671E-05 2.15031E-05 -4.21564E-05 -1.36278E-05 
1.50377E-05 -2.92129E-05 -1.24050E-05 1.08142E-05 -3.01145E-05 -1.63152E-05 1.86361E-05 -2.90118E-05 -1.17570E-05 
1.75881E-05 -2.94509E-05 -2.77904E-05 1.99521E-05 -2.91462E-05 -1.18437E-05 2.09761E-05 -2.87373E-05 -1.24430E-05 
2.22329E-05 -2.86980E-05 -1.30958E-05 2.35410E-05 -2.88249E-05 -1.39440E-05 2.30908E-05 -2.97432E-05 -2.72243E-05 
1.05390E-05 -3.99397E-05 -1.66894E-05 2.39953E-05 -2.94168E-05 -2.63624E-05 2.54856E-05 -2.90596E-05 -1.61682E-05 
2.51820E-05 -2.89595E-05 -2.46591E-05 2.68676E-05 -2.94785E-05 -1.98387E-05 2.62644E-05 -2.85737E-05 -2.05780E-05 
2.63933E-05 -2.89678E-05 -2.18515E-05 1.33598E-05 -4.24447E-05 -2.20042E-05 2.38908E-05 -3.35244E-05 -1.17377E-05 
1.04542E-05 -3.00533E-05 -1.77984E-05 1.05619E-05 -3.00726E-05 -2.10722E-05 1.14075E-05 -3.01987E-05 -1.49772E-05 
1.12059E-05 -2.98715E-05 -2.27410E-05 1.16640E-05 -3.05475E-05 -2.43026E-05 1.22703E-05 -3.02796E-05 -1.36847E-05 
2.09724E-05 -2.76325E-05 -1.35058E-05 1.30982E-05 -3.05576E-05 -1.26826E-05 2.40520E-05 -3.90105E-05 -2.68978E-05 
1.43589E-05 -3.04393E-05 -1.18887E-05 1.44797E-05 -3.03936E-05 -2.69773E-05 1.27767E-05 -3.31145E-05 -2.67469E-05 
1.55783E-05 -3.01508E-05 -2.74544E-05 1.66648E-05 -3.01532E-05 -2.79042E-05 1.64351E-05 -2.68067E-05 -2.48782E-05 
1.94317E-05 -2.99494E-05 -1.12047E-05 1.13278E-05 -3.79569E-05 -2.46483E-05 2.20011E-05 -2.97859E-05 -1.21317E-05 
2.64167E-05 -3.20864E-05 -1.49162E-05 2.33307E-05 -2.99491E-05 -1.28581E-05 2.46717E-05 -3.01293E-05 -1.39424E-05 
2.42649E-05 -3.03946E-05 -2.68553E-05 2.53686E-05 -2.96991E-05 -1.52215E-05 2.52299E-05 -3.00013E-05 -2.56811E-05 
2.55404E-05 -3.40991E-05 -2.70797E-05 2.61157E-05 -3.00091E-05 -1.60909E-05 2.61264E-05 -2.91548E-05 -1.73501E-05 
2.69815E-05 -2.99527E-05 -1.86128E-05 2.61466E-05 -2.98810E-05 -2.42131E-05 2.74854E-05 -3.06135E-05 -1.98071E-05 
2.71313E-05 -2.99722E-05 -2.11523E-05 2.67121E-05 -2.98271E-05 -2.27709E-05 1.00372E-05 -3.13993E-05 -1.69290E-05 
9.77969E-06 -3.13979E-05 -1.86010E-05 9.84919E-06 -3.14112E-05 -2.03256E-05 1.05873E-05 -3.13335E-05 -1.53557E-05 
1.02414E-05 -3.13259E-05 -2.20245E-05 1.08027E-05 -3.14805E-05 -2.35052E-05 1.21706E-05 -3.14916E-05 -1.29151E-05 
1.12980E-05 -3.13874E-05 -1.40557E-05 1.13431E-05 -3.17492E-05 -2.46152E-05 1.23799E-05 -3.12995E-05 -2.57216E-05 
1.35748E-05 -3.13585E-05 -2.68227E-05 1.42400E-05 -3.18293E-05 -1.11941E-05 1.32738E-05 -3.15808E-05 -1.19090E-05 
1.54030E-05 -3.14759E-05 -1.08509E-05 1.61006E-05 -3.12913E-05 -2.82227E-05 1.67191E-05 -3.11705E-05 -1.06500E-05 
1.80805E-05 -3.86177E-05 -1.02968E-05 1.76504E-05 -3.09713E-05 -2.85586E-05 1.91440E-05 -3.10477E-05 -1.06282E-05 
1.94270E-05 -3.12084E-05 -2.88464E-05 2.06908E-05 -3.16148E-05 -2.89009E-05 2.03784E-05 -3.09480E-05 -1.08776E-05 
2.17130E-05 -3.10057E-05 -1.13238E-05 2.18685E-05 -3.13072E-05 -2.85277E-05 2.27999E-05 -3.09671E-05 -1.19035E-05 
2.43804E-05 -3.15040E-05 -2.73505E-05 2.58317E-05 -3.07969E-05 -1.49024E-05 2.53461E-05 -3.13984E-05 -2.64676E-05 
2.65479E-05 -3.11036E-05 -1.58755E-05 2.69721E-05 -3.07228E-05 -1.71762E-05 2.63921E-05 -3.14475E-05 -2.52245E-05 
2.75730E-05 -3.12238E-05 -1.85390E-05 2.78156E-05 -3.14806E-05 -2.09435E-05 2.75089E-05 -3.11128E-05 -2.22753E-05 
2.70360E-05 -3.10694E-05 -2.36760E-05 1.44343E-05 -2.78381E-05 -1.42146E-05 9.88362E-06 -3.26751E-05 -1.58917E-05 
9.33753E-06 -3.29053E-05 -1.95290E-05 9.58330E-06 -3.28946E-05 -2.12678E-05 1.05250E-05 -3.26569E-05 -1.44679E-05 
1.01072E-05 -3.28036E-05 -2.28615E-05 1.07668E-05 -3.27860E-05 -2.42060E-05 1.13758E-05 -3.27004E-05 -1.31823E-05 
1.15841E-05 -3.28351E-05 -2.53940E-05 1.35503E-05 -3.28468E-05 -1.12011E-05 1.24235E-05 -3.27482E-05 -1.20864E-05 
1.39963E-05 -3.24736E-05 -2.75031E-05 1.48296E-05 -3.30388E-05 -1.05118E-05 1.52093E-05 -3.26302E-05 -2.82462E-05 
1.64130E-05 -3.25888E-05 -1.01888E-05 1.69468E-05 -3.27503E-05 -2.89454E-05 1.80128E-05 -3.20323E-05 -1.02031E-05 
1.84209E-05 -3.22154E-05 -2.91040E-05 1.97577E-05 -3.21732E-05 -1.02862E-05 2.11246E-05 -3.22384E-05 -1.06228E-05 
2.26651E-05 -3.24317E-05 -1.12531E-05 2.28275E-05 -3.20984E-05 -2.84678E-05 2.11895E-05 -4.11577E-05 -1.23983E-05 
2.39046E-05 -3.23717E-05 -2.79949E-05 1.47644E-05 -2.61458E-05 -1.81001E-05 2.50008E-05 -3.27004E-05 -2.72981E-05 
2.71166E-05 -3.21495E-05 -1.61893E-05 2.60720E-05 -3.28539E-05 -2.63058E-05 2.76033E-05 -3.22145E-05 -1.73908E-05 
2.79601E-05 -3.24429E-05 -1.85402E-05 2.79837E-05 -3.19741E-05 -1.96457E-05 2.76516E-05 -3.22823E-05 -2.31926E-05 
2.72099E-05 -3.22499E-05 -2.42655E-05 1.99033E-05 -3.28245E-05 -2.92940E-05 9.06654E-06 -3.45264E-05 -1.87756E-05 
9.19733E-06 -3.44608E-05 -2.04128E-05 9.96755E-06 -3.39093E-05 -1.49915E-05 9.49740E-06 -3.39620E-05 -1.62694E-05 
9.66810E-06 -3.46410E-05 -2.23460E-05 1.06878E-05 -3.40107E-05 -1.36791E-05 1.03038E-05 -3.39698E-05 -2.36999E-05 
1.60328E-05 -2.99696E-05 -1.14730E-05 1.09145E-05 -3.41162E-05 -2.47945E-05 1.17482E-05 -3.40631E-05 -2.58864E-05 
1.38791E-05 -3.40193E-05 -1.07466E-05 1.40983E-05 -3.38095E-05 -2.78624E-05 1.56640E-05 -3.42978E-05 -2.86947E-05 
1.61948E-05 -3.41833E-05 -9.92660E-06 1.72070E-05 -3.46552E-05 -2.92260E-05 1.75131E-05 -3.37699E-05 -9.80730E-06 
1.90104E-05 -3.35081E-05 -9.88190E-06 1.83826E-05 -3.36022E-05 -2.93660E-05 2.04357E-05 -3.35804E-05 -1.01106E-05 
2.06440E-05 -3.01895E-05 -2.83012E-05 2.16491E-05 -3.35430E-05 -1.05200E-05 2.31553E-05 -3.33955E-05 -2.86103E-05 
2.43432E-05 -3.37728E-05 -2.79885E-05 9.89720E-06 -3.64822E-05 -2.26688E-05 2.69862E-05 -3.34792E-05 -1.52591E-05 
2.80580E-05 -3.35396E-05 -1.79108E-05 2.82712E-05 -3.33937E-05 -1.92867E-05 1.19720E-05 -4.19939E-05 -1.76015E-05 
2.82465E-05 -3.29904E-05 -2.06453E-05 2.80044E-05 -3.35068E-05 -2.28361E-05 2.76433E-05 -3.34745E-05 -2.39349E-05 
2.16473E-05 -3.28208E-05 -2.90310E-05 9.56967E-06 -3.51346E-05 -1.56796E-05 9.22143E-06 -3.48072E-05 -1.71409E-05 
1.01421E-05 -3.52354E-05 -1.43945E-05 2.45355E-05 -2.86796E-05 -1.51961E-05 9.10137E-06 -3.58965E-05 -1.95295E-05 
1.16389E-05 -3.41289E-05 -1.24614E-05 1.22925E-05 -3.46523E-05 -2.65128E-05 1.36093E-05 -3.52756E-05 -1.07996E-05 
1.32542E-05 -3.49041E-05 -2.73537E-05 1.48006E-05 -3.46744E-05 -1.02779E-05 1.58515E-05 -3.54114E-05 -9.94030E-06 
2.29013E-05 -4.33433E-05 -2.11941E-05 1.83946E-05 -3.49521E-05 -2.94460E-05 1.84094E-05 -3.47508E-05 -9.69560E-06 
1.97079E-05 -3.49292E-05 -9.83700E-06 1.95937E-05 -3.43860E-05 -2.94950E-05 2.26459E-05 -3.42956E-05 -1.08671E-05 
2.22514E-05 -3.47039E-05 -2.90460E-05 2.19165E-05 -4.07671E-05 -2.66829E-05 2.35615E-05 -3.46298E-05 -2.84784E-05 
1.86062E-05 -2.55689E-05 -1.98570E-05 1.27504E-05 -2.74489E-05 -2.13766E-05 2.65590E-05 -3.43994E-05 -2.60036E-05 
2.69585E-05 -3.31283E-05 -2.51590E-05 2.83321E-05 -3.47835E-05 -1.87205E-05 2.84563E-05 -3.45984E-05 -2.02734E-05 
2.83105E-05 -3.41333E-05 -2.17115E-05 2.80016E-05 -3.48709E-05 -2.31480E-05 2.73890E-05 -3.46303E-05 -2.46728E-05 
9.37062E-06 -3.63028E-05 -1.65238E-05 9.11187E-06 -3.60538E-05 -1.80121E-05 2.16633E-05 -3.69676E-05 -1.05687E-05 
9.83611E-06 -3.64778E-05 -1.51727E-05 1.48908E-05 -4.38752E-05 -1.88914E-05 1.04475E-05 -3.55287E-05 -2.40531E-05 
1.14854E-05 -2.87793E-05 -2.13594E-05 1.05654E-05 -3.66327E-05 -1.38462E-05 1.22059E-05 -3.54401E-05 -1.18208E-05 
2.18011E-05 -4.29114E-05 -1.49419E-05 1.24630E-05 -3.59113E-05 -2.66041E-05 1.40761E-05 -3.66232E-05 -1.06479E-05 
1.36292E-05 -3.63509E-05 -2.74612E-05 1.48879E-05 -3.59921E-05 -1.02443E-05 1.48796E-05 -3.69834E-05 -2.80649E-05 
1.72598E-05 -3.56117E-05 -9.71700E-06 1.78254E-05 -3.61438E-05 -2.92540E-05 1.87571E-05 -3.58334E-05 -9.73900E-06 
1.92031E-05 -3.58645E-05 -2.94370E-05 2.00309E-05 -3.65033E-05 -9.99570E-06 2.13048E-05 -3.51623E-05 -1.02356E-05 
2.06987E-05 -3.54072E-05 -2.93710E-05 2.25238E-05 -3.57272E-05 -1.07886E-05 2.36307E-05 -3.52465E-05 -1.14173E-05 
2.47622E-05 -3.48202E-05 -1.22752E-05 2.46694E-05 -3.51530E-05 -2.77962E-05 2.58069E-05 -3.47540E-05 -1.33291E-05 
2.67075E-05 -3.48537E-05 -1.45347E-05 2.74441E-05 -3.48726E-05 -1.58497E-05 2.68611E-05 -3.60256E-05 -2.53966E-05 
2.33732E-05 -3.61825E-05 -2.84176E-05 2.79617E-05 -3.48508E-05 -1.71969E-05 2.82908E-05 -3.59117E-05 -2.14473E-05 
2.75430E-05 -3.59002E-05 -2.41588E-05 9.36455E-06 -3.73871E-05 -1.74896E-05 9.27832E-06 -3.72960E-05 -1.88957E-05 
9.35064E-06 -3.71604E-05 -2.01403E-05 1.03344E-05 -3.77875E-05 -1.47193E-05 9.72515E-06 -3.75956E-05 -1.60744E-05 
1.52569E-05 -2.78889E-05 -2.54659E-05 1.06023E-05 -3.70517E-05 -2.39089E-05 1.29325E-05 -3.67572E-05 -1.13478E-05 
1.16801E-05 -3.69780E-05 -1.25102E-05 2.75904E-05 -3.35124E-05 -1.65371E-05 1.18613E-05 -3.69227E-05 -2.57535E-05 
1.29651E-05 -3.73344E-05 -2.67012E-05 1.40342E-05 -3.76093E-05 -2.73766E-05 1.60091E-05 -3.64696E-05 -9.97240E-06 
1.83972E-05 -3.69296E-05 -9.83600E-06 2.17636E-05 -3.64658E-05 -2.89942E-05 2.33275E-05 -3.68495E-05 -1.13732E-05 
2.32910E-05 -2.75599E-05 -2.50104E-05 2.43680E-05 -3.60697E-05 -1.20095E-05 2.52695E-05 -3.61292E-05 -1.28190E-05 
2.72402E-05 -3.70961E-05 -2.42832E-05 2.62061E-05 -3.62426E-05 -1.39242E-05 2.69977E-05 -3.62830E-05 -1.51769E-05 
2.76587E-05 -3.62639E-05 -1.65498E-05 2.81169E-05 -3.61909E-05 -1.80815E-05 2.47952E-05 -3.66511E-05 -2.74438E-05 
2.78372E-05 -3.67190E-05 -2.29674E-05 9.58870E-06 -3.83559E-05 -1.82724E-05 1.38452E-05 -2.64542E-05 -2.03593E-05 
1.03180E-05 -3.88417E-05 -1.56129E-05 2.50619E-05 -3.32227E-05 -1.28009E-05 1.31806E-05 -4.16055E-05 -2.33891E-05 
1.10592E-05 -3.78692E-05 -1.35952E-05 1.04823E-05 -3.82006E-05 -2.29818E-05 1.18759E-05 -3.86612E-05 -1.29769E-05 
1.24455E-05 -3.83331E-05 -2.57794E-05 1.27767E-05 -3.81825E-05 -1.18870E-05 1.39679E-05 -3.77737E-05 -1.09681E-05 
1.37617E-05 -3.87455E-05 -2.67073E-05 1.96847E-05 -4.41490E-05 -1.65559E-05 2.31462E-05 -2.60601E-05 -2.08708E-05 
1.52609E-05 -2.68567E-05 -1.51276E-05 1.61200E-05 -3.79537E-05 -2.83114E-05 1.75318E-05 -3.75121E-05 -2.88617E-05 
1.93294E-05 -3.78186E-05 -1.01322E-05 1.99626E-05 -3.79225E-05 -2.88825E-05 2.04486E-05 -3.78816E-05 -1.04064E-05 
2.11626E-05 -3.78536E-05 -2.87452E-05 1.24553E-05 -4.17229E-05 -1.54230E-05 2.24902E-05 -3.80554E-05 -1.12355E-05 
2.25489E-05 -3.76281E-05 -2.83949E-05 2.35566E-05 -3.83023E-05 -1.19746E-05 2.37818E-05 -3.77081E-05 -2.77537E-05 
2.45221E-05 -3.72990E-05 -1.23664E-05 2.54774E-05 -3.75378E-05 -1.34167E-05 1.33276E-05 -4.15533E-05 -1.40425E-05 
2.47847E-05 -3.78892E-05 -2.69813E-05 2.63639E-05 -3.76280E-05 -1.46236E-05 2.71240E-05 -3.75794E-05 -1.59796E-05 
2.70193E-05 -3.86427E-05 -1.67121E-05 1.45906E-05 -3.54344E-05 -2.81793E-05 2.66064E-05 -3.74694E-05 -2.51774E-05 
2.76766E-05 -3.76302E-05 -1.75796E-05 2.80764E-05 -3.71989E-05 -1.90130E-05 2.80762E-05 -3.73931E-05 -2.02524E-05 
2.77930E-05 -3.78602E-05 -2.17345E-05 2.58226E-05 -3.72736E-05 -2.62915E-05 1.00301E-05 -3.93961E-05 -1.81869E-05 
9.35104E-06 -3.60517E-05 -2.11031E-05 9.83691E-06 -3.86354E-05 -1.70058E-05 1.02875E-05 -3.90899E-05 -2.14459E-05 
1.11460E-05 -3.90990E-05 -1.42295E-05 1.10764E-05 -3.97458E-05 -2.25872E-05 1.13093E-05 -3.90592E-05 -2.37694E-05 
1.21633E-05 -3.93116E-05 -2.47795E-05 1.28715E-05 -3.94419E-05 -1.24647E-05 1.30179E-05 -3.94428E-05 -2.56099E-05 
1.40472E-05 -4.00483E-05 -2.60062E-05 1.50337E-05 -3.85179E-05 -1.07602E-05 1.50243E-05 -3.96650E-05 -2.69298E-05 
1.63229E-05 -3.85029E-05 -1.04061E-05 1.61501E-05 -3.93425E-05 -2.76593E-05 1.73577E-05 -4.03790E-05 -2.73111E-05 
1.96291E-05 -4.11892E-05 -2.67986E-05 1.75083E-05 -3.90559E-05 -2.82231E-05 1.69125E-05 -4.14121E-05 -2.62845E-05 
1.89201E-05 -3.85523E-05 -2.86592E-05 1.97289E-05 -3.89703E-05 -1.06142E-05 2.05202E-05 -3.91378E-05 -2.82494E-05 
2.13143E-05 -3.87469E-05 -1.09479E-05 2.19532E-05 -3.88737E-05 -2.80523E-05 2.25152E-05 -3.91692E-05 -1.17180E-05 
2.30206E-05 -3.86182E-05 -2.77356E-05 2.34895E-05 -3.94734E-05 -1.25332E-05 2.45552E-05 -3.86387E-05 -1.29561E-05 
2.54260E-05 -3.90296E-05 -1.42025E-05 2.60829E-05 -3.84503E-05 -2.53166E-05 2.51735E-05 -3.87342E-05 -2.61369E-05 
2.64050E-05 -3.88533E-05 -1.55566E-05 2.67724E-05 -3.90166E-05 -2.35146E-05 2.67709E-05 -3.82752E-05 -2.43589E-05 
2.76873E-05 -3.84583E-05 -1.91618E-05 2.76685E-05 -3.85280E-05 -2.04565E-05 2.72751E-05 -3.92101E-05 -2.12366E-05 
1.06241E-05 -4.04220E-05 -1.80000E-05 1.04506E-05 -4.01779E-05 -1.92379E-05 1.04814E-05 -3.99167E-05 -2.04594E-05 
1.09704E-05 -3.98916E-05 -1.53813E-05 1.76098E-05 -2.83602E-05 -2.70161E-05 1.10377E-05 -3.54191E-05 -1.30745E-05 
1.09462E-05 -4.02556E-05 -2.13947E-05 1.18691E-05 -4.05516E-05 -1.45737E-05 2.58068E-05 -4.13727E-05 -1.90246E-05 
1.21015E-05 -4.03764E-05 -2.35822E-05 1.31583E-05 -4.05476E-05 -2.47452E-05 1.44804E-05 -4.10918E-05 -2.53384E-05 
1.56700E-05 -3.94703E-05 -1.09942E-05 1.51048E-05 -4.02915E-05 -1.16729E-05 1.50481E-05 -4.05527E-05 -2.62451E-05 
1.60926E-05 -4.05012E-05 -2.67922E-05 1.70846E-05 -3.97831E-05 -1.08840E-05 2.63120E-05 -3.99242E-05 -1.67413E-05 
1.86808E-05 -4.01236E-05 -1.10465E-05 2.03651E-05 -4.00788E-05 -1.13393E-05 2.15934E-05 -3.99178E-05 -1.16705E-05 
2.15528E-05 -3.97922E-05 -2.76012E-05 2.24582E-05 -4.02999E-05 -1.23562E-05 2.27213E-05 -3.96483E-05 -2.72428E-05 
2.33219E-05 -4.04108E-05 -1.30690E-05 1.82671E-05 -4.13398E-05 -2.66480E-05 2.42574E-05 -3.98648E-05 -1.34745E-05 
2.47178E-05 -4.02990E-05 -1.44015E-05 2.55594E-05 -4.00615E-05 -1.53471E-05 2.61464E-05 -3.93726E-05 -2.43482E-05 
2.54448E-05 -3.94351E-05 -2.51931E-05 2.71513E-05 -3.91534E-05 -1.78423E-05 2.71369E-05 -3.95552E-05 -1.89489E-05 
2.72663E-05 -3.94066E-05 -1.99711E-05 2.15000E-05 -4.36644E-05 -2.21766E-05 2.62838E-05 -4.00182E-05 -2.32007E-05 
1.14348E-05 -4.09030E-05 -1.58998E-05 1.12209E-05 -4.11276E-05 -1.72095E-05 1.11934E-05 -4.12546E-05 -1.85842E-05 
1.19184E-05 -4.16786E-05 -1.65248E-05 1.54144E-05 -4.12463E-05 -1.23018E-05 1.20279E-05 -4.12685E-05 -2.20308E-05 
1.53775E-05 -4.33989E-05 -1.53785E-05 2.00813E-05 -4.43593E-05 -1.83007E-05 1.62216E-05 -2.60632E-05 -1.63980E-05 
1.14011E-05 -3.54419E-05 -2.55290E-05 1.41151E-05 -4.16309E-05 -2.43396E-05 1.52593E-05 -4.20992E-05 -2.46634E-05 
1.56924E-05 -4.13777E-05 -2.58083E-05 1.62584E-05 -4.05834E-05 -1.15145E-05 1.74435E-05 -4.08572E-05 -1.15513E-05 
2.42243E-05 -2.67152E-05 -1.94924E-05 1.90710E-05 -2.55795E-05 -2.16176E-05 1.96955E-05 -4.10908E-05 -1.18927E-05 
2.05591E-05 -4.05493E-05 -2.72604E-05 1.89576E-05 -4.01310E-05 -2.77237E-05 2.43565E-05 -4.20187E-05 -1.64285E-05 
2.80248E-05 -3.25377E-05 -2.19605E-05 2.25500E-05 -4.12213E-05 -1.32256E-05 2.37643E-05 -4.10618E-05 -1.41104E-05 
2.33983E-05 -4.04102E-05 -2.61846E-05 2.46591E-05 -4.10535E-05 -1.52043E-05 2.02427E-05 -2.55629E-05 -1.98583E-05 
2.53778E-05 -4.08904E-05 -1.62366E-05 2.73412E-05 -3.80071E-05 -2.32621E-05 2.65220E-05 -4.03351E-05 -1.82510E-05 
2.08051E-05 -2.98485E-05 -1.15980E-05 2.52793E-05 -4.05216E-05 -2.42176E-05 2.67044E-05 -4.03247E-05 -1.95682E-05 
2.68396E-05 -4.00859E-05 -2.05956E-05 2.65558E-05 -4.02168E-05 -2.17949E-05 1.21195E-05 -4.21739E-05 -1.90596E-05 
1.63081E-05 -2.79960E-05 -2.61943E-05 1.85507E-05 -4.45298E-05 -1.95220E-05 1.50497E-05 -2.90614E-05 -2.64568E-05 
1.27811E-05 -4.24840E-05 -2.05178E-05 1.45846E-05 -4.16875E-05 -1.32076E-05 1.46417E-05 -4.25741E-05 -2.34075E-05 
2.40529E-05 -4.24315E-05 -2.23814E-05 1.68403E-05 -4.16058E-05 -1.22369E-05 1.66420E-05 -4.22301E-05 -2.52215E-05 
1.03828E-05 -3.00375E-05 -1.93386E-05 1.83838E-05 -4.15959E-05 -1.21382E-05 1.77435E-05 -4.26579E-05 -1.33268E-05 
1.79695E-05 -4.22798E-05 -2.55199E-05 1.97464E-05 -4.22267E-05 -1.29804E-05 1.37650E-05 -4.26407E-05 -1.53524E-05 
2.32413E-05 -3.10421E-05 -2.78710E-05 1.92637E-05 -4.21645E-05 -2.57548E-05 2.08842E-05 -4.17407E-05 -2.60125E-05 
9.73092E-06 -3.76435E-05 -2.14006E-05 2.05461E-05 -2.62129E-05 -2.44959E-05 1.49828E-05 -3.84236E-05 -2.76043E-05 
2.37952E-05 -4.17841E-05 -1.51211E-05 1.72957E-05 -2.55174E-05 -1.76973E-05 2.55635E-05 -4.12471E-05 -1.74778E-05 
2.50652E-05 -4.19309E-05 -2.12703E-05 2.54696E-05 -4.12474E-05 -2.24850E-05 2.44348E-05 -4.16347E-05 -2.35846E-05 
1.47178E-05 -3.13153E-05 -2.75515E-05 2.60404E-05 -4.11264E-05 -2.06898E-05 1.28779E-05 -4.27828E-05 -1.79571E-05 
1.84952E-05 -4.44557E-05 -1.78088E-05 1.30702E-05 -4.29001E-05 -1.91770E-05 1.51805E-05 -3.73581E-05 -1.03310E-05 
1.36767E-05 -4.31541E-05 -1.69927E-05 1.38217E-05 -4.33992E-05 -1.83848E-05 1.39106E-05 -4.33581E-05 -1.96957E-05 
1.40079E-05 -4.32066E-05 -2.08469E-05 1.35845E-05 -3.00256E-05 -2.60995E-05 1.47739E-05 -4.25424E-05 -1.42236E-05 
1.47798E-05 -4.33067E-05 -2.18104E-05 2.57141E-05 -2.86282E-05 -2.32257E-05 1.58815E-05 -4.22506E-05 -1.31999E-05 
1.59555E-05 -4.34748E-05 -2.26171E-05 1.61886E-05 -4.29273E-05 -2.39420E-05 2.38266E-05 -2.74216E-05 -1.61386E-05 
1.73136E-05 -4.36135E-05 -2.31091E-05 1.41421E-05 -3.92515E-05 -1.14970E-05 1.75857E-05 -4.30016E-05 -2.43856E-05 
1.90566E-05 -4.31293E-05 -1.40770E-05 1.89617E-05 -4.29986E-05 -2.45619E-05 2.03712E-05 -4.30664E-05 -1.43633E-05 
1.99136E-05 -4.36057E-05 -2.32700E-05 2.03419E-05 -4.28003E-05 -2.47432E-05 2.06907E-05 -4.36226E-05 -1.56603E-05 
2.15229E-05 -4.30642E-05 -2.37406E-05 1.69071E-05 -3.73548E-05 -9.97740E-06 2.19222E-05 -4.34585E-05 -1.63657E-05 
2.26159E-05 -4.30661E-05 -2.27520E-05 2.16771E-05 -4.24024E-05 -2.48118E-05 2.30591E-05 -4.26143E-05 -1.56937E-05 
2.32527E-05 -4.30418E-05 -1.71389E-05 2.37749E-05 -4.30186E-05 -1.97671E-05 2.30339E-05 -4.23240E-05 -2.39767E-05 
2.02969E-05 -3.67852E-05 -2.92060E-05 2.45119E-05 -4.24075E-05 -1.83043E-05 2.41821E-05 -4.26382E-05 -2.09885E-05 
2.27804E-05 -4.20637E-05 -1.44149E-05 2.49760E-05 -4.21632E-05 -1.99621E-05 1.46805E-05 -4.34513E-05 -1.63434E-05 
1.47635E-05 -4.37786E-05 -1.75965E-05 1.10273E-05 -3.66006E-05 -2.47646E-05 1.51868E-05 -4.38508E-05 -2.03073E-05 
1.63309E-05 -4.32095E-05 -1.44585E-05 2.19846E-05 -2.56776E-05 -1.98254E-05 1.58352E-05 -4.39813E-05 -1.67925E-05 
1.59533E-05 -4.42023E-05 -1.81082E-05 1.59715E-05 -4.42157E-05 -1.92942E-05 1.59268E-05 -4.38520E-05 -2.13685E-05 
1.78992E-05 -4.35730E-05 -1.47974E-05 1.68210E-05 -4.38828E-05 -1.57975E-05 1.70882E-05 -4.43057E-05 -1.72076E-05 
1.68397E-05 -4.43184E-05 -2.02817E-05 1.70914E-05 -4.40455E-05 -2.17699E-05 1.82518E-05 -4.41200E-05 -1.61617E-05 
1.71384E-05 -4.44361E-05 -1.87159E-05 1.80770E-05 -4.43383E-05 -2.09730E-05 1.84878E-05 -4.35284E-05 -2.35241E-05 
1.93516E-05 -4.37004E-05 -1.51986E-05 2.54357E-05 -3.18068E-05 -1.37385E-05 1.38864E-05 -4.06012E-05 -1.25546E-05 
2.40346E-05 -3.16867E-05 -1.24538E-05 1.91092E-05 -4.43553E-05 -2.08979E-05 2.14517E-05 -4.40003E-05 -2.07142E-05 
2.45861E-05 -4.00405E-05 -2.55823E-05 2.01074E-05 -4.43694E-05 -2.00553E-05 1.76869E-05 -2.61856E-05 -2.42657E-05 
2.08944E-05 -4.39817E-05 -1.69328E-05 2.45295E-05 -2.79213E-05 -2.41732E-05 2.12305E-05 -4.41331E-05 -1.92917E-05 
2.19423E-05 -4.38301E-05 -1.79912E-05 2.32611E-05 -4.32867E-05 -1.85592E-05 2.24874E-05 -4.36789E-05 -1.96032E-05 
2.25078E-05 -4.16290E-05 -2.54352E-05 1.79010E-05 -3.02849E-05 -1.09609E-05 2.61731E-05 -3.33471E-05 -1.40346E-05 
1.61876E-05 -3.61714E-05 -2.88116E-05 1.89921E-05 -2.98398E-05 -2.82160E-05 3.69255E-05 -1.32528E-05 -2.10023E-05 
3.76100E-05 -1.52584E-05 -1.87160E-05 3.74153E-05 -1.45264E-05 -2.15571E-05 3.76641E-05 -1.65214E-05 -1.77784E-05 
3.78124E-05 -1.59825E-05 -2.15465E-05 3.74802E-05 -1.56690E-05 -2.29028E-05 3.71446E-05 -1.66328E-05 -1.63498E-05 
3.79602E-05 -1.66348E-05 -1.92775E-05 3.80397E-05 -1.69350E-05 -2.07433E-05 3.51617E-05 -2.06245E-05 -2.69678E-05 
3.75432E-05 -1.76745E-05 -1.71753E-05 3.79108E-05 -1.80569E-05 -1.85089E-05 3.80893E-05 -1.78387E-05 -1.99442E-05 
3.80826E-05 -1.84193E-05 -2.11419E-05 3.80241E-05 -1.90673E-05 -1.98234E-05 3.78813E-05 -1.87023E-05 -2.23476E-05 
1.97265E-05 -1.36362E-05 -2.01529E-05 3.01830E-05 -9.91585E-06 -1.43929E-05 3.77773E-05 -1.97061E-05 -1.85737E-05 
3.78130E-05 -2.03570E-05 -1.99041E-05 3.79582E-05 -1.96422E-05 -2.08056E-05 3.78896E-05 -1.95988E-05 -2.18471E-05 
3.75949E-05 -1.96415E-05 -2.30797E-05 3.77223E-05 -2.06242E-05 -2.11464E-05 3.75138E-05 -2.07288E-05 -2.23772E-05 
3.71242E-05 -2.08899E-05 -2.35984E-05 3.72678E-05 -2.17645E-05 -2.16235E-05 3.63784E-05 -1.26577E-05 -1.82028E-05 
3.62150E-05 -1.20754E-05 -2.05938E-05 3.62844E-05 -1.23988E-05 -2.17946E-05 3.59178E-05 -1.22760E-05 -2.28989E-05 
3.63852E-05 -1.43988E-05 -1.59248E-05 3.70357E-05 -1.38852E-05 -1.83182E-05 3.67321E-05 -1.29268E-05 -1.94639E-05 
3.67261E-05 -1.33302E-05 -2.23804E-05 3.63475E-05 -1.35208E-05 -2.37496E-05 3.70146E-05 -1.43694E-05 -2.30387E-05 
3.66721E-05 -1.51368E-05 -2.45492E-05 3.64562E-05 -1.56006E-05 -1.53470E-05 3.73392E-05 -1.68741E-05 -2.39606E-05 
3.67042E-05 -1.67133E-05 -2.52125E-05 3.70716E-05 -1.81242E-05 -1.60501E-05 3.07287E-05 -1.79788E-05 -1.06765E-05 
3.62208E-05 -1.77719E-05 -2.61682E-05 3.66351E-05 -1.89484E-05 -2.54664E-05 3.67589E-05 -1.97418E-05 -1.58537E-05 
3.71005E-05 -1.95807E-05 -2.44684E-05 3.65319E-05 -1.99749E-05 -2.54041E-05 3.64712E-05 -2.13309E-05 -1.63037E-05 
3.72180E-05 -2.04824E-05 -1.73448E-05 3.74200E-05 -2.11379E-05 -1.88131E-05 3.68044E-05 -2.19331E-05 -1.77421E-05 
3.68986E-05 -2.24516E-05 -1.92236E-05 3.73966E-05 -2.16130E-05 -2.02667E-05 3.70575E-05 -2.17292E-05 -2.28020E-05 
3.25814E-05 -1.59046E-05 -2.88345E-05 3.66962E-05 -2.29886E-05 -2.07574E-05 3.64696E-05 -2.22883E-05 -2.38254E-05 
3.56994E-05 -1.20101E-05 -1.73446E-05 3.52772E-05 -1.09216E-05 -2.04731E-05 3.55590E-05 -1.14266E-05 -2.17675E-05 
3.49514E-05 -1.12779E-05 -2.30825E-05 3.54467E-05 -1.25098E-05 -1.60525E-05 2.84353E-05 -2.10248E-05 -1.10435E-05 
1.91293E-05 -1.64246E-05 -1.82352E-05 3.58501E-05 -1.35751E-05 -1.56490E-05 3.56889E-05 -1.35427E-05 -2.50084E-05 
3.57401E-05 -1.45211E-05 -1.47804E-05 3.56513E-05 -1.45850E-05 -2.58410E-05 3.58589E-05 -1.59760E-05 -2.62455E-05 
3.56795E-05 -1.79143E-05 -1.39178E-05 3.51737E-05 -1.72121E-05 -2.73131E-05 2.70034E-05 -2.59793E-05 -1.53906E-05 
3.59048E-05 -1.94089E-05 -2.64765E-05 3.54062E-05 -1.84256E-05 -2.71441E-05 3.58851E-05 -2.08521E-05 -1.50111E-05 
3.59387E-05 -2.08678E-05 -2.59278E-05 3.55654E-05 -2.21829E-05 -1.55411E-05 3.52612E-05 -2.16108E-05 -2.63694E-05 
3.60035E-05 -2.26939E-05 -1.68717E-05 3.62116E-05 -2.32100E-05 -1.82635E-05 3.62244E-05 -2.35471E-05 -1.94921E-05 
3.56140E-05 -2.33188E-05 -2.43058E-05 3.55637E-05 -2.44842E-05 -2.04090E-05 3.59744E-05 -2.38946E-05 -2.18255E-05 
3.58986E-05 -2.35879E-05 -2.31406E-05 3.39888E-05 -1.00162E-05 -1.81801E-05 3.47112E-05 -1.04441E-05 -1.91488E-05 
3.45544E-05 -1.04518E-05 -2.17756E-05 3.46544E-05 -1.20262E-05 -1.53681E-05 3.47099E-05 -1.13538E-05 -1.64265E-05 
3.49698E-05 -1.31500E-05 -1.46624E-05 3.43464E-05 -1.13743E-05 -2.42750E-05 3.48755E-05 -1.43471E-05 -1.37985E-05 
3.48412E-05 -1.35655E-05 -2.61027E-05 3.48485E-05 -1.48068E-05 -2.68588E-05 3.47379E-05 -1.59945E-05 -2.74447E-05 
3.53665E-05 -1.60297E-05 -1.37209E-05 3.49689E-05 -1.91411E-05 -1.32917E-05 3.44717E-05 -1.82853E-05 -2.79794E-05 
3.42534E-05 -2.01421E-05 -1.29350E-05 3.50439E-05 -2.04318E-05 -1.37854E-05 3.48901E-05 -1.94936E-05 -2.75211E-05 
3.33422E-05 -2.62842E-05 -2.16120E-05 2.88701E-05 -8.13608E-06 -1.88343E-05 3.48840E-05 -2.17545E-05 -1.43607E-05 
3.44102E-05 -2.17117E-05 -2.71897E-05 3.46068E-05 -2.30424E-05 -1.50992E-05 3.52091E-05 -2.32693E-05 -1.62032E-05 
3.48394E-05 -2.36284E-05 -2.51843E-05 3.57219E-05 -2.22229E-05 -2.53042E-05 3.46637E-05 -2.26654E-05 -2.63068E-05 
3.53506E-05 -2.38538E-05 -1.73496E-05 3.54141E-05 -2.43547E-05 -1.87661E-05 3.48772E-05 -2.44253E-05 -2.39197E-05 
3.12332E-05 -1.77269E-05 -2.96010E-05 3.51790E-05 -2.48158E-05 -2.16660E-05 3.53111E-05 -2.44714E-05 -2.26354E-05 
3.44349E-05 -2.55428E-05 -2.09157E-05 2.67895E-05 -9.43999E-06 -2.44881E-05 3.36399E-05 -9.62272E-06 -1.91841E-05 
3.37373E-05 -1.10364E-05 -1.54351E-05 3.07563E-05 -2.57036E-05 -1.53092E-05 3.39330E-05 -1.21146E-05 -1.43669E-05 
3.39011E-05 -1.33224E-05 -1.33961E-05 3.38556E-05 -1.28496E-05 -2.64575E-05 3.38806E-05 -1.38241E-05 -2.71574E-05 
3.41819E-05 -1.48299E-05 -1.28946E-05 3.41770E-05 -1.61227E-05 -1.25584E-05 2.19928E-05 -2.50976E-05 -1.86613E-05 
2.97007E-05 -1.04030E-05 -2.60918E-05 3.45159E-05 -1.76893E-05 -1.26993E-05 3.38848E-05 -1.91864E-05 -1.23570E-05 
3.33243E-05 -2.05581E-05 -1.23861E-05 3.39910E-05 -1.94486E-05 -2.82637E-05 3.40523E-05 -2.13474E-05 -1.32844E-05 
3.41886E-05 -2.05214E-05 -2.78686E-05 3.37267E-05 -2.27682E-05 -1.39614E-05 3.35913E-05 -2.28176E-05 -2.71847E-05 
3.35611E-05 -2.38437E-05 -1.48689E-05 3.41758E-05 -2.43398E-05 -1.61931E-05 3.39135E-05 -2.45938E-05 -2.51085E-05 
3.38337E-05 -2.37701E-05 -2.61904E-05 3.14760E-05 -2.67698E-05 -2.33824E-05 2.98008E-05 -2.34699E-05 -2.83385E-05 
3.43546E-05 -2.53922E-05 -2.25035E-05 3.22065E-05 -9.38000E-06 -1.68020E-05 3.30249E-05 -9.43477E-06 -1.80002E-05 
3.25839E-05 -9.03992E-06 -1.90658E-05 3.29414E-05 -9.19174E-06 -2.02554E-05 3.58800E-05 -1.94442E-05 -1.43972E-05 
3.24106E-05 -9.43561E-06 -2.27987E-05 3.25426E-05 -1.01218E-05 -1.55383E-05 3.22915E-05 -1.72575E-05 -2.92160E-05 
2.95878E-05 -2.71135E-05 -1.78551E-05 3.32219E-05 -1.09485E-05 -2.49510E-05 3.18029E-05 -1.21477E-05 -1.27609E-05 
3.28615E-05 -1.21195E-05 -1.34107E-05 3.30233E-05 -1.19092E-05 -2.62779E-05 3.25943E-05 -1.30922E-05 -1.25590E-05 
3.29210E-05 -1.29334E-05 -2.72165E-05 3.32087E-05 -1.40957E-05 -1.24308E-05 3.27996E-05 -1.38698E-05 -2.78836E-05 
3.30468E-05 -1.53037E-05 -1.19036E-05 3.32854E-05 -1.68353E-05 -1.18077E-05 3.20914E-05 -1.74030E-05 -1.11172E-05 
3.31997E-05 -1.81943E-05 -1.17410E-05 3.29148E-05 -1.94036E-05 -1.17767E-05 3.27860E-05 -2.03011E-05 -2.87832E-05 
3.33203E-05 -2.16460E-05 -2.80463E-05 2.38433E-05 -1.11093E-05 -2.52907E-05 3.23954E-05 -2.37571E-05 -1.38471E-05 
3.26890E-05 -2.39413E-05 -2.69411E-05 1.95649E-05 -1.60763E-05 -2.37579E-05 3.33578E-05 -2.53287E-05 -1.68657E-05 
3.30272E-05 -2.45993E-05 -2.60136E-05 3.31170E-05 -2.60256E-05 -1.82315E-05 3.17162E-05 -2.51378E-05 -2.62902E-05 
3.33753E-05 -2.62296E-05 -2.00221E-05 3.66512E-05 -2.27606E-05 -2.23554E-05 3.29673E-05 -2.62084E-05 -2.29564E-05 
2.79953E-05 -2.51773E-05 -1.40867E-05 3.16854E-05 -8.78392E-06 -1.81756E-05 3.19822E-05 -8.91504E-06 -2.14671E-05 
3.10892E-05 -8.93142E-06 -2.28035E-05 3.18775E-05 -9.78563E-06 -2.41992E-05 3.13684E-05 -2.30597E-05 -1.27291E-05 
3.17472E-05 -1.12425E-05 -1.35113E-05 3.15753E-05 -1.07593E-05 -2.58942E-05 3.13559E-05 -1.28715E-05 -1.20710E-05 
3.17980E-05 -1.20083E-05 -2.71027E-05 3.18321E-05 -1.31858E-05 -2.79837E-05 3.21431E-05 -1.40410E-05 -1.18269E-05 
3.16412E-05 -1.51411E-05 -1.12208E-05 3.19490E-05 -1.46421E-05 -2.86933E-05 3.22619E-05 -1.61817E-05 -1.13043E-05 
1.96323E-05 -1.40525E-05 -2.18431E-05 3.11777E-05 -1.61372E-05 -2.94360E-05 3.20862E-05 -2.68230E-05 -1.94908E-05 
3.03403E-05 -9.20692E-06 -2.39900E-05 3.18603E-05 -1.89499E-05 -2.93980E-05 3.24936E-05 -2.50519E-05 -1.54628E-05 
3.19320E-05 -2.17206E-05 -2.86944E-05 3.23973E-05 -2.28949E-05 -2.78947E-05 3.13344E-05 -2.40353E-05 -2.75408E-05 
3.23781E-05 -2.58984E-05 -1.68931E-05 3.24734E-05 -2.60763E-05 -2.41482E-05 3.27587E-05 -2.54212E-05 -2.51133E-05 
3.14218E-05 -2.66524E-05 -1.77523E-05 3.24416E-05 -2.67706E-05 -2.07338E-05 3.21095E-05 -2.68320E-05 -2.19941E-05 
2.91532E-05 -1.37506E-05 -1.11317E-05 3.02861E-05 -8.34109E-06 -1.85663E-05 3.36328E-05 -1.50952E-05 -2.79827E-05 
3.05339E-05 -8.44510E-06 -2.13405E-05 2.34194E-05 -1.13437E-05 -1.45195E-05 3.04021E-05 -8.73988E-06 -1.68607E-05 
3.07102E-05 -9.85641E-06 -2.50136E-05 3.06407E-05 -1.07316E-05 -1.35395E-05 3.06549E-05 -1.13390E-05 -2.69100E-05 
3.05444E-05 -1.16701E-05 -1.26316E-05 3.05365E-05 -1.25023E-05 -2.79502E-05 3.08062E-05 -1.39216E-05 -1.13537E-05 
3.08817E-05 -1.37076E-05 -2.86044E-05 3.03142E-05 -1.47913E-05 -2.92500E-05 3.10668E-05 -1.63408E-05 -1.07835E-05 
2.98487E-05 -1.73335E-05 -2.98540E-05 3.06191E-05 -1.95400E-05 -1.08724E-05 2.31886E-05 -1.84306E-05 -2.85119E-05 
3.09589E-05 -2.06151E-05 -2.93690E-05 3.13518E-05 -2.19257E-05 -1.20199E-05 3.12406E-05 -2.29536E-05 -2.83220E-05 
3.06122E-05 -2.21772E-05 -2.89089E-05 2.52817E-05 -2.61920E-05 -1.66914E-05 3.10758E-05 -2.40226E-05 -1.34233E-05 
3.12586E-05 -2.48156E-05 -1.43462E-05 3.14669E-05 -2.60243E-05 -1.63176E-05 3.14883E-05 -2.61486E-05 -2.48910E-05 
3.70893E-05 -1.50482E-05 -1.70390E-05 3.28073E-05 -1.10526E-05 -1.44380E-05 3.11031E-05 -2.72663E-05 -2.07944E-05 
3.09640E-05 -2.71803E-05 -2.22348E-05 2.92831E-05 -8.38842E-06 -1.76009E-05 2.49587E-05 -2.28797E-05 -1.27982E-05 
2.98264E-05 -8.18704E-06 -1.99845E-05 2.92012E-05 -8.21858E-06 -2.11467E-05 2.98507E-05 -9.22582E-06 -1.54561E-05 
2.47923E-05 -2.69005E-05 -2.07607E-05 2.94971E-05 -9.61630E-06 -2.49874E-05 2.33199E-05 -9.59077E-06 -1.90005E-05 
2.40092E-05 -1.71393E-05 -1.13976E-05 2.91808E-05 -1.06437E-05 -1.32967E-05 2.94024E-05 -1.14895E-05 -2.73199E-05 
2.90137E-05 -1.25638E-05 -2.82111E-05 3.01427E-05 -1.28018E-05 -1.17658E-05 2.95000E-05 -1.35956E-05 -2.88087E-05 
3.01900E-05 -1.52158E-05 -1.07778E-05 2.97102E-05 -1.59187E-05 -2.96540E-05 2.73030E-05 -2.54467E-05 -2.66014E-05 
3.03093E-05 -1.88056E-05 -2.98200E-05 3.01676E-05 -2.11956E-05 -1.13098E-05 3.02221E-05 -2.25843E-05 -1.20334E-05 
3.01799E-05 -2.36974E-05 -1.28321E-05 2.66191E-05 -1.42710E-05 -2.89514E-05 3.53901E-05 -1.23505E-05 -2.41369E-05 
2.62882E-05 -1.28395E-05 -2.80551E-05 3.00655E-05 -2.64947E-05 -1.64628E-05 3.02657E-05 -2.59801E-05 -2.57917E-05 
3.05532E-05 -2.72803E-05 -1.91675E-05 2.95605E-05 -2.75647E-05 -2.03063E-05 2.97810E-05 -2.74894E-05 -2.16556E-05 
2.99654E-05 -2.72384E-05 -2.30431E-05 3.01333E-05 -2.67465E-05 -2.43831E-05 2.78280E-05 -8.37940E-06 -1.76560E-05 
2.80231E-05 -8.28103E-06 -2.16789E-05 2.94224E-05 -8.56457E-06 -2.26476E-05 2.86802E-05 -9.11611E-06 -2.41568E-05 
2.87940E-05 -9.56781E-06 -1.46397E-05 2.85208E-05 -8.82319E-06 -1.61258E-05 2.79024E-05 -1.19878E-05 -2.77463E-05 
2.87649E-05 -1.20310E-05 -1.20819E-05 3.43749E-05 -2.49970E-05 -1.77640E-05 2.88873E-05 -1.52766E-05 -1.06098E-05 
2.84081E-05 -1.48223E-05 -2.93800E-05 2.94047E-05 -1.67690E-05 -1.04148E-05 2.84340E-05 -1.66098E-05 -2.98310E-05 
2.33118E-05 -9.78757E-06 -2.18176E-05 2.66919E-05 -1.90725E-05 -2.97640E-05 2.91000E-05 -1.85877E-05 -1.04386E-05 
2.93269E-05 -2.01592E-05 -1.08082E-05 2.94737E-05 -1.99770E-05 -2.97390E-05 2.89691E-05 -2.22044E-05 -1.16108E-05 
2.93155E-05 -2.32134E-05 -1.23001E-05 2.91055E-05 -2.17274E-05 -2.92970E-05 2.88805E-05 -2.42812E-05 -1.31560E-05 
2.84254E-05 -2.46165E-05 -2.75843E-05 2.98798E-05 -2.49025E-05 -1.39999E-05 2.90820E-05 -2.58968E-05 -1.51375E-05 
2.05495E-05 -1.28068E-05 -2.28718E-05 2.92152E-05 -2.74467E-05 -1.90747E-05 2.87705E-05 -2.70795E-05 -2.39112E-05 
2.89483E-05 -2.65086E-05 -2.52319E-05 2.65420E-05 -8.84596E-06 -1.66134E-05 2.64154E-05 -8.44324E-06 -1.82552E-05 
2.75983E-05 -8.17079E-06 -1.88879E-05 2.81593E-05 -8.09676E-06 -2.02119E-05 2.75366E-05 -8.69726E-06 -2.30114E-05 
2.76340E-05 -1.01647E-05 -1.38818E-05 3.01206E-05 -2.49785E-05 -2.70700E-05 2.78786E-05 -1.09655E-05 -1.29750E-05 
2.74157E-05 -1.31416E-05 -1.14553E-05 3.75064E-05 -1.89402E-05 -1.72404E-05 2.77139E-05 -1.45912E-05 -1.08017E-05 
2.68992E-05 -1.57908E-05 -2.95340E-05 2.78565E-05 -1.60037E-05 -1.04587E-05 2.78279E-05 -1.74526E-05 -1.03404E-05 
3.44466E-05 -2.53885E-05 -1.93527E-05 2.75327E-05 -1.86407E-05 -1.04575E-05 2.79387E-05 -1.97444E-05 -1.06446E-05 
3.33679E-05 -9.62762E-06 -2.17405E-05 2.78435E-05 -2.03363E-05 -2.97000E-05 2.81622E-05 -2.32110E-05 -1.22468E-05 
2.74016E-05 -2.42169E-05 -1.31316E-05 2.79204E-05 -2.32178E-05 -2.85747E-05 1.92603E-05 -1.56171E-05 -2.23238E-05 
2.83866E-05 -2.67490E-05 -1.66827E-05 2.76591E-05 -2.61909E-05 -2.56384E-05 2.85978E-05 -2.76137E-05 -2.10571E-05 
2.83900E-05 -2.74943E-05 -2.23791E-05 2.72185E-05 -2.71732E-05 -2.33642E-05 2.75144E-05 -2.67092E-05 -2.46918E-05 
2.66402E-05 -8.26728E-06 -1.96739E-05 2.70314E-05 -8.25532E-06 -2.08233E-05 2.64865E-05 -8.51900E-06 -2.18842E-05 
2.59275E-05 -9.00781E-06 -2.30590E-05 2.55535E-05 -9.64615E-06 -1.54144E-05 3.70022E-05 -1.80263E-05 -2.48781E-05 
2.59239E-05 -1.27910E-05 -1.19589E-05 2.66964E-05 -1.08188E-05 -1.33115E-05 2.61851E-05 -1.01636E-05 -1.42897E-05 
2.66511E-05 -1.03625E-05 -2.58409E-05 2.67206E-05 -2.43335E-05 -2.75961E-05 2.66186E-05 -1.14480E-05 -2.70486E-05 
2.81526E-05 -2.75933E-05 -1.99569E-05 2.60974E-05 -1.43154E-05 -1.11843E-05 3.78642E-05 -1.72653E-05 -2.23616E-05 
2.67694E-05 -1.54656E-05 -1.07085E-05 2.65527E-05 -1.66425E-05 -1.05514E-05 2.68003E-05 -1.74428E-05 -2.97850E-05 
2.63179E-05 -1.79911E-05 -1.05900E-05 2.64311E-05 -1.93711E-05 -1.07622E-05 2.68648E-05 -2.07678E-05 -1.10826E-05 
2.71437E-05 -9.35157E-06 -1.52048E-05 2.58570E-05 -2.17286E-05 -1.17747E-05 2.60930E-05 -2.05130E-05 -2.93820E-05 
2.74627E-05 -2.20184E-05 -1.15572E-05 2.66899E-05 -2.30546E-05 -1.23404E-05 2.61414E-05 -2.30580E-05 -2.83544E-05 
2.61095E-05 -2.39352E-05 -1.31869E-05 2.64025E-05 -2.48939E-05 -1.40506E-05 3.64626E-05 -1.70719E-05 -1.49947E-05 
2.68676E-05 -2.67422E-05 -1.69912E-05 2.62908E-05 -2.60966E-05 -2.54094E-05 3.65753E-05 -2.10181E-05 -2.47818E-05 
2.77522E-05 -2.72669E-05 -1.82864E-05 2.73974E-05 -2.75581E-05 -2.11268E-05 2.69162E-05 -2.73645E-05 -2.22413E-05 
2.62642E-05 -2.67137E-05 -2.41185E-05 2.53976E-05 -8.86962E-06 -1.76223E-05 2.50250E-05 -8.74414E-06 -1.90961E-05 
2.56467E-05 -8.55423E-06 -2.06464E-05 2.49410E-05 -8.98702E-06 -2.18148E-05 2.46462E-05 -9.46180E-06 -1.66142E-05 
2.42607E-05 -9.28294E-06 -1.78295E-05 2.44900E-05 -9.54160E-06 -2.30328E-05 2.53468E-05 -9.62125E-06 -2.40213E-05 
2.55038E-05 -1.08653E-05 -1.37070E-05 2.46607E-05 -1.06222E-05 -1.44468E-05 2.52917E-05 -1.02064E-05 -2.50397E-05 
2.52355E-05 -1.11633E-05 -2.62403E-05 2.53549E-05 -1.21110E-05 -2.71887E-05 2.57620E-05 -1.16750E-05 -1.27920E-05 
3.43701E-05 -1.22809E-05 -2.54400E-05 2.51162E-05 -1.41385E-05 -2.84303E-05 2.55860E-05 -1.52558E-05 -2.90710E-05 
2.56056E-05 -1.57560E-05 -1.09286E-05 2.52835E-05 -1.70276E-05 -1.08742E-05 2.52399E-05 -1.66534E-05 -2.93150E-05 
2.54186E-05 -1.81729E-05 -2.94900E-05 2.80654E-05 -1.08019E-05 -2.66494E-05 2.52193E-05 -2.03349E-05 -1.13916E-05 
2.54272E-05 -1.94152E-05 -2.94070E-05 2.88573E-05 -2.57061E-05 -2.64161E-05 2.70147E-05 -2.18237E-05 -2.91370E-05 
2.59341E-05 -2.69642E-05 -1.82063E-05 2.64195E-05 -2.73688E-05 -1.98373E-05 2.60835E-05 -2.72832E-05 -2.13851E-05 
2.20667E-05 -2.53171E-05 -2.16741E-05 2.41428E-05 -9.12886E-06 -2.04390E-05 2.41401E-05 -1.02055E-05 -2.41516E-05 
2.71259E-05 -1.18310E-05 -1.23379E-05 2.41075E-05 -1.21214E-05 -2.65648E-05 2.29577E-05 -1.48376E-05 -2.76579E-05 
2.45951E-05 -1.25581E-05 -1.26257E-05 2.45418E-05 -1.30966E-05 -2.75809E-05 2.47110E-05 -1.37373E-05 -1.18961E-05 
2.38880E-05 -1.41584E-05 -2.78770E-05 2.41831E-05 -1.54022E-05 -2.85761E-05 2.46304E-05 -1.50121E-05 -1.14471E-05 
2.45569E-05 -1.60474E-05 -1.12615E-05 2.42938E-05 -1.78083E-05 -2.90790E-05 2.43855E-05 -1.89938E-05 -2.90940E-05 
2.40252E-05 -1.97244E-05 -1.17148E-05 2.47688E-05 -2.02402E-05 -2.90260E-05 2.79564E-05 -1.33091E-05 -2.86566E-05 
2.51188E-05 -2.17417E-05 -2.86904E-05 2.47580E-05 -2.29452E-05 -2.78871E-05 2.50010E-05 -2.42029E-05 -1.39000E-05 
2.19553E-05 -1.58522E-05 -2.72831E-05 2.51957E-05 -2.52584E-05 -1.50782E-05 2.32686E-05 -1.25158E-05 -1.34574E-05 
2.45912E-05 -2.46084E-05 -2.64355E-05 2.38934E-05 -2.58004E-05 -1.71435E-05 2.45123E-05 -2.64445E-05 -1.80970E-05 
2.49993E-05 -2.62273E-05 -2.42672E-05 2.47547E-05 -2.54301E-05 -2.55284E-05 1.91596E-05 -1.65123E-05 -2.10238E-05 
3.36741E-05 -1.02297E-05 -1.68250E-05 2.55011E-05 -2.69249E-05 -2.26657E-05 2.36619E-05 -1.69160E-05 -2.86935E-05 
2.28376E-05 -9.88057E-06 -2.04521E-05 2.34052E-05 -1.01665E-05 -2.31456E-05 2.29023E-05 -1.09229E-05 -2.39714E-05 
3.75929E-05 -1.83512E-05 -2.34988E-05 2.26277E-05 -1.16820E-05 -2.47901E-05 2.28578E-05 -1.23122E-05 -2.57894E-05 
2.30815E-05 -1.33972E-05 -2.69102E-05 2.36575E-05 -1.34468E-05 -1.25835E-05 2.35629E-05 -1.45463E-05 -1.21323E-05 
2.36260E-05 -1.58002E-05 -1.17457E-05 2.30296E-05 -1.59914E-05 -2.81053E-05 2.04153E-05 -1.22140E-05 -2.10799E-05 
2.30906E-05 -1.00801E-05 -1.72663E-05 2.31078E-05 -1.84864E-05 -1.19621E-05 2.37407E-05 -1.97266E-05 -2.86734E-05 
2.41556E-05 -2.12208E-05 -1.22248E-05 2.37278E-05 -2.08202E-05 -2.83771E-05 2.36479E-05 -2.22821E-05 -1.30815E-05 
2.37187E-05 -2.21783E-05 -2.78084E-05 2.37745E-05 -2.33827E-05 -1.38345E-05 2.38510E-05 -2.44236E-05 -1.48544E-05 
2.38102E-05 -2.36405E-05 -2.68545E-05 2.38650E-05 -2.52337E-05 -1.60364E-05 2.35916E-05 -2.46719E-05 -2.56216E-05 
2.32221E-05 -2.58531E-05 -1.82865E-05 2.38409E-05 -2.64131E-05 -1.94475E-05 3.26607E-05 -2.20707E-05 -1.27264E-05 
2.40317E-05 -2.64725E-05 -2.18453E-05 2.39112E-05 -2.61177E-05 -2.31722E-05 2.36493E-05 -2.54861E-05 -2.44239E-05 
2.22559E-05 -1.04377E-05 -1.83236E-05 2.20464E-05 -1.04491E-05 -1.95822E-05 2.17930E-05 -1.07656E-05 -2.11618E-05 
2.23192E-05 -1.07545E-05 -2.26490E-05 2.25412E-05 -1.11091E-05 -1.58737E-05 2.16277E-05 -1.12731E-05 -1.72910E-05 
2.12582E-05 -1.16191E-05 -2.23673E-05 2.16777E-05 -1.18734E-05 -2.37824E-05 1.98262E-05 -1.33560E-05 -1.84980E-05 
2.19107E-05 -1.25096E-05 -2.49653E-05 3.15459E-05 -8.59988E-06 -1.98180E-05 2.21509E-05 -1.31405E-05 -1.39778E-05 
2.18986E-05 -1.33272E-05 -2.57910E-05 2.25804E-05 -1.39566E-05 -1.30759E-05 2.18804E-05 -1.45025E-05 -2.66149E-05 
2.26100E-05 -1.54379E-05 -1.24818E-05 2.25931E-05 -2.25348E-05 -2.67794E-05 2.28067E-05 -1.68655E-05 -1.21063E-05 
2.23625E-05 -1.71886E-05 -2.78981E-05 1.92224E-05 -1.48126E-05 -1.94381E-05 2.21222E-05 -1.91291E-05 -1.27645E-05 
2.29737E-05 -2.00642E-05 -1.24055E-05 2.26821E-05 -1.99109E-05 -2.80057E-05 2.27517E-05 -2.13172E-05 -1.30960E-05 
2.25360E-05 -2.11974E-05 -2.74923E-05 2.26084E-05 -2.24881E-05 -1.39664E-05 2.26339E-05 -2.35658E-05 -1.49037E-05 
3.15554E-05 -1.03338E-05 -1.44327E-05 2.28691E-05 -2.44678E-05 -1.58246E-05 2.25542E-05 -2.36879E-05 -2.57724E-05 
2.26108E-05 -2.49867E-05 -1.70884E-05 2.25325E-05 -2.45514E-05 -2.46634E-05 2.27626E-05 -2.57965E-05 -1.94519E-05 
2.31334E-05 -2.61009E-05 -2.07763E-05 2.31372E-05 -2.59598E-05 -2.20941E-05 2.14892E-05 -1.10401E-05 -1.86624E-05 
2.13861E-05 -1.22001E-05 -1.59393E-05 2.06744E-05 -1.19243E-05 -1.84236E-05 2.10138E-05 -1.13617E-05 -1.97687E-05 
2.22684E-05 -1.21887E-05 -1.47584E-05 2.18489E-05 -2.37712E-05 -1.61048E-05 2.13195E-05 -1.32017E-05 -1.48530E-05 
2.15148E-05 -1.41985E-05 -1.39375E-05 2.09172E-05 -1.43555E-05 -2.53086E-05 2.18241E-05 -1.50637E-05 -1.32574E-05 
2.17551E-05 -1.62712E-05 -1.29714E-05 2.53075E-05 -2.39920E-05 -2.74176E-05 2.17126E-05 -1.78076E-05 -1.29190E-05 
2.11310E-05 -1.70090E-05 -2.67826E-05 2.07430E-05 -2.34371E-05 -2.33556E-05 2.11708E-05 -1.91002E-05 -1.36356E-05 
2.17155E-05 -1.86016E-05 -2.74331E-05 2.18946E-05 -2.02535E-05 -1.32964E-05 2.15797E-05 -2.02030E-05 -2.70446E-05 
2.16231E-05 -2.13926E-05 -1.41064E-05 2.07897E-05 -2.16973E-05 -2.54094E-05 2.15813E-05 -2.15373E-05 -2.64889E-05 
2.15519E-05 -2.25860E-05 -1.51322E-05 2.15787E-05 -2.26581E-05 -2.56603E-05 2.49889E-05 -2.68875E-05 -1.93004E-05 
2.16244E-05 -2.43185E-05 -2.36077E-05 2.15038E-05 -2.35889E-05 -2.45933E-05 2.57557E-05 -2.50923E-05 -2.65311E-05 
2.19031E-05 -2.52396E-05 -2.01575E-05 3.18751E-05 -2.05495E-05 -1.15975E-05 2.40071E-05 -1.01845E-05 -1.56876E-05 
2.05449E-05 -1.26027E-05 -1.71584E-05 3.35656E-05 -2.54617E-05 -2.40072E-05 2.03279E-05 -1.23065E-05 -1.95858E-05 
3.35679E-05 -1.02851E-05 -2.33390E-05 2.05473E-05 -1.34282E-05 -1.59179E-05 1.99513E-05 -1.37339E-05 -1.69848E-05 
2.24700E-05 -2.52315E-05 -2.31621E-05 2.06438E-05 -1.43765E-05 -1.49127E-05 1.99117E-05 -1.46758E-05 -1.61285E-05 
2.00625E-05 -1.43266E-05 -2.37156E-05 2.09332E-05 -1.55250E-05 -1.39962E-05 2.01594E-05 -1.54663E-05 -1.51733E-05 
2.02706E-05 -1.53920E-05 -2.48448E-05 2.02008E-05 -1.66149E-05 -1.47890E-05 2.09834E-05 -1.68011E-05 -1.36754E-05 
1.91037E-05 -1.78638E-05 -2.15892E-05 2.06384E-05 -1.79127E-05 -1.40960E-05 2.05281E-05 -1.82410E-05 -2.61348E-05 
2.04243E-05 -1.90167E-05 -1.45708E-05 2.00253E-05 -1.94298E-05 -2.52644E-05 2.08596E-05 -1.94426E-05 -2.64490E-05 
2.08843E-05 -2.02045E-05 -1.43506E-05 2.06884E-05 -2.06164E-05 -2.58857E-05 2.05591E-05 -2.12861E-05 -1.54423E-05 
2.01279E-05 -2.16784E-05 -1.66777E-05 2.00213E-05 -2.10090E-05 -2.45290E-05 2.08235E-05 -2.27022E-05 -1.63962E-05 
2.06465E-05 -2.25012E-05 -2.44753E-05 2.03452E-05 -2.33477E-05 -1.88891E-05 2.49079E-05 -1.85321E-05 -1.10766E-05 
2.09919E-05 -2.43077E-05 -1.93675E-05 2.09781E-05 -2.44038E-05 -2.09457E-05 2.12635E-05 -2.44047E-05 -2.24580E-05 
2.09194E-05 -1.55638E-05 -2.60417E-05 3.19525E-05 -1.88677E-05 -1.11891E-05 3.48546E-05 -1.08836E-05 -1.77805E-05 
3.57681E-05 -1.15708E-05 -1.89841E-05 1.93910E-05 -1.49232E-05 -1.78087E-05 2.45191E-05 -1.15724E-05 -1.34767E-05 
2.11217E-05 -2.39533E-05 -1.77273E-05 1.95015E-05 -1.63151E-05 -1.62240E-05 2.82275E-05 -9.87727E-06 -2.54661E-05 
2.00853E-05 -2.24946E-05 -1.78775E-05 3.11864E-05 -9.53909E-06 -1.54940E-05 2.84696E-05 -1.85478E-05 -2.99500E-05 
1.92506E-05 -1.75719E-05 -1.70466E-05 3.77984E-05 -1.55540E-05 -2.02682E-05 3.41254E-05 -9.94597E-06 -2.05036E-05 
3.64535E-05 -1.85022E-05 -1.50118E-05 1.97443E-05 -1.80026E-05 -1.55743E-05 1.91158E-05 -1.81724E-05 -1.82371E-05 
1.91081E-05 -1.77245E-05 -1.96647E-05 2.10035E-05 -1.32189E-05 -2.44951E-05 2.00325E-05 -1.96752E-05 -1.54603E-05 
1.93894E-05 -1.89720E-05 -1.67779E-05 1.96938E-05 -1.83358E-05 -2.46447E-05 3.63975E-05 -1.34314E-05 -1.68878E-05 
1.91069E-05 -1.92396E-05 -1.96162E-05 3.33340E-05 -1.85157E-05 -2.87576E-05 1.92150E-05 -1.90034E-05 -2.30636E-05 
1.96950E-05 -2.04401E-05 -1.66417E-05 1.92624E-05 -2.00457E-05 -1.81066E-05 1.89811E-05 -2.09099E-05 -2.01786E-05 
1.91064E-05 -1.97818E-05 -2.17743E-05 1.95328E-05 -1.97204E-05 -2.40665E-05 1.96652E-05 -2.12487E-05 -1.75178E-05 
1.94802E-05 -2.14689E-05 -1.85669E-05 1.94619E-05 -1.73466E-05 -2.38521E-05 1.95551E-05 -2.21934E-05 -2.06209E-05 
1.93833E-05 -2.14684E-05 -2.18085E-05 1.94052E-05 -2.05675E-05 -2.30899E-05 2.01742E-05 -2.33441E-05 -2.01523E-05 
1.97039E-05 -2.23534E-05 -1.92776E-05 3.38279E-05 -1.68421E-05 -2.83330E-05 2.01562E-05 -2.31523E-05 -2.18653E-05 
1.99081E-05 -2.20779E-05 -2.31552E-05 3.73727E-05 -1.41950E-05 -1.99093E-05 2.01291E-05 -1.68130E-05 -2.53234E-05 
1.82047E-05 -1.33201E-05 -2.21035E-05 1.88355E-05 -1.48153E-05 -1.75747E-05 1.87972E-05 -1.38955E-05 -1.94032E-05 
1.87983E-05 -1.40138E-05 -2.07683E-05 1.88337E-05 -1.49039E-05 -2.18325E-05 1.89978E-05 -1.48590E-05 -1.86572E-05 
1.87777E-05 -1.58083E-05 -2.31736E-05 8.63440E-06 -2.73541E-05 -1.96258E-05 2.28990E-06 -1.16906E-05 -1.66509E-05 
1.87947E-05 -1.66692E-05 -1.61566E-05 1.79484E-05 -1.86181E-05 -2.55492E-05 1.89548E-05 -1.73089E-05 -2.30447E-05 
3.48670E-06 -2.29228E-05 -2.48213E-05 1.89761E-05 -1.79642E-05 -1.67975E-05 1.91379E-05 -1.82114E-05 -1.81831E-05 
1.86103E-05 -1.80039E-05 -2.44301E-05 1.90304E-05 -1.94527E-05 -1.75646E-05 1.91329E-05 -1.64598E-05 -2.08843E-05 
5.81001E-07 -1.90855E-05 -2.15988E-05 1.89860E-05 -1.87852E-05 -2.32809E-05 1.90150E-05 -2.05904E-05 -1.85790E-05 
4.58080E-06 -1.14180E-05 -1.33895E-05 1.91328E-05 -1.97776E-05 -2.17970E-05 1.87902E-05 -2.03145E-05 -2.32762E-05 
1.88595E-05 -2.12575E-05 -2.20036E-05 1.80700E-05 -1.28712E-05 -1.77063E-05 1.81731E-05 -1.27874E-05 -1.88918E-05 
1.91582E-05 -1.63795E-05 -1.92840E-05 1.74155E-05 -1.34860E-05 -2.40670E-05 1.82366E-05 -1.36859E-05 -1.67162E-05 
1.83617E-05 -1.45187E-05 -2.33305E-05 1.68560E-05 -2.43366E-05 -1.83036E-05 1.72860E-05 -1.63680E-05 -2.60220E-05 
1.80819E-05 -1.60423E-05 -1.46186E-05 1.80329E-05 -1.71519E-05 -2.53174E-05 1.83616E-05 -1.79138E-05 -1.49372E-05 
1.79586E-05 -1.93463E-05 -1.44975E-05 1.85238E-05 -1.96548E-05 -1.57864E-05 1.77905E-05 -2.04026E-05 -1.47310E-05 
1.55327E-05 -1.13639E-05 -1.47076E-05 1.76954E-05 -2.00218E-05 -2.56016E-05 1.78739E-05 -2.13955E-05 -1.55973E-05 
1.86129E-05 -2.08905E-05 -1.70276E-05 1.84726E-05 -2.19780E-05 -1.81727E-05 1.84590E-05 -2.15538E-05 -2.31770E-05 
1.80808E-05 -2.10840E-05 -2.44915E-05 1.80597E-05 -2.20871E-05 -1.68571E-05 1.49745E-05 -1.16325E-05 -2.49167E-05 
1.82844E-05 -2.24764E-05 -2.22802E-05 1.78277E-05 -2.24971E-05 -2.36554E-05 1.79889E-05 -2.32203E-05 -2.12225E-05 
1.75029E-05 -1.22335E-05 -1.69468E-05 1.75949E-05 -1.19300E-05 -1.82604E-05 1.75655E-05 -1.18171E-05 -1.96007E-05 
1.73355E-05 -1.28437E-05 -1.55577E-05 1.71984E-05 -1.24048E-05 -2.29942E-05 7.56630E-06 -1.79698E-05 -2.91610E-05 
1.71564E-05 -1.47972E-05 -1.37413E-05 5.58090E-06 -2.60750E-05 -2.24550E-05 1.71874E-05 -1.60769E-05 -1.33266E-05 
1.75173E-05 -1.73316E-05 -1.35774E-05 1.70617E-05 -1.77866E-05 -2.65621E-05 1.59642E-05 -1.75398E-05 -2.74469E-05 
1.75779E-05 -1.86515E-05 -1.37465E-05 1.71671E-05 -1.91667E-05 -2.63948E-05 1.45007E-05 -2.11747E-05 -2.79055E-05 
1.67330E-05 -2.03737E-05 -2.65817E-05 1.72471E-05 -2.11894E-05 -2.56554E-05 6.00360E-06 -8.77930E-06 -1.97997E-05 
1.76561E-05 -2.31628E-05 -1.75683E-05 6.47599E-07 -1.75824E-05 -2.21934E-05 1.73840E-05 -2.36982E-05 -2.25711E-05 
1.69079E-05 -2.45210E-05 -1.96601E-05 1.72669E-05 -2.41974E-05 -2.08973E-05 1.67527E-05 -1.11297E-05 -1.76726E-05 
1.69102E-05 -1.10942E-05 -1.88197E-05 1.66668E-05 -1.08411E-05 -2.00013E-05 1.65042E-05 -1.14963E-05 -1.60436E-05 
1.62526E-05 -1.13113E-05 -2.27572E-05 1.62567E-05 -1.21501E-05 -2.41222E-05 1.64309E-05 -1.23610E-05 -1.46765E-05 
1.60078E-05 -1.29861E-05 -2.53339E-05 1.16874E-05 -8.40901E-06 -1.75816E-05 1.63641E-05 -1.40023E-05 -1.32163E-05 
1.62442E-05 -1.53040E-05 -1.25165E-05 3.53570E-06 -1.03440E-05 -2.02632E-05 1.56365E-05 -1.63081E-05 -1.18095E-05 
1.65886E-05 -1.68704E-05 -1.25292E-05 1.66925E-05 -1.85028E-05 -1.26940E-05 1.60650E-05 -1.90817E-05 -2.74071E-05 
1.56051E-05 -2.07115E-05 -2.74032E-05 1.69407E-05 -2.13678E-05 -1.42024E-05 1.62565E-05 -2.18964E-05 -2.63178E-05 
1.68088E-05 -2.24090E-05 -1.49113E-05 1.65849E-05 -2.39950E-05 -1.67593E-05 1.60386E-05 -2.32707E-05 -2.54475E-05 
1.65308E-05 -2.47500E-05 -2.18693E-05 1.06696E-05 -1.99410E-05 -2.93350E-05 1.60135E-05 -2.52426E-05 -1.90267E-05 
9.04816E-06 -2.47829E-05 -2.67877E-05 1.58908E-05 -1.01866E-05 -1.87111E-05 1.56622E-05 -1.00511E-05 -2.01207E-05 
1.54102E-05 -1.06168E-05 -1.58004E-05 1.57175E-05 -1.03551E-05 -1.70882E-05 1.56120E-05 -1.54412E-05 -2.72016E-05 
1.53264E-05 -1.11242E-05 -2.38515E-05 1.06374E-05 -1.18096E-05 -1.14343E-05 1.55123E-05 -1.26329E-05 -1.33671E-05 
2.54360E-06 -2.05031E-05 -1.36278E-05 1.54871E-05 -1.40377E-05 -1.24050E-05 1.45855E-05 -9.81423E-06 -1.63152E-05 
1.56882E-05 -1.76361E-05 -1.17570E-05 1.52491E-05 -1.65881E-05 -2.77904E-05 1.55538E-05 -1.89522E-05 -1.18437E-05 
1.59627E-05 -1.99762E-05 -1.24430E-05 1.60020E-05 -2.12330E-05 -1.30958E-05 1.58751E-05 -2.25410E-05 -1.39440E-05 
1.49568E-05 -2.20908E-05 -2.72243E-05 4.76030E-06 -9.53905E-06 -1.66894E-05 1.52832E-05 -2.29953E-05 -2.63624E-05 
1.56404E-05 -2.44856E-05 -1.61682E-05 1.57405E-05 -2.41820E-05 -2.46591E-05 1.52215E-05 -2.58676E-05 -1.98387E-05 
1.61263E-05 -2.52644E-05 -2.05780E-05 1.57322E-05 -2.53933E-05 -2.18515E-05 2.25530E-06 -1.23598E-05 -2.20042E-05 
1.11756E-05 -2.28908E-05 -1.17377E-05 1.46467E-05 -9.45417E-06 -1.77984E-05 1.46274E-05 -9.56191E-06 -2.10722E-05 
1.45013E-05 -1.04075E-05 -1.49772E-05 1.48284E-05 -1.02059E-05 -2.27410E-05 1.41525E-05 -1.06640E-05 -2.43026E-05 
1.44203E-05 -1.12703E-05 -1.36847E-05 1.70675E-05 -1.99724E-05 -1.35058E-05 1.41424E-05 -1.20982E-05 -1.26826E-05 
5.68950E-06 -2.30520E-05 -2.68978E-05 1.42607E-05 -1.33589E-05 -1.18887E-05 1.43064E-05 -1.34797E-05 -2.69773E-05 
1.15855E-05 -1.17767E-05 -2.67469E-05 1.45492E-05 -1.45783E-05 -2.74544E-05 1.45468E-05 -1.56648E-05 -2.79042E-05 
1.78933E-05 -1.54351E-05 -2.48782E-05 1.47506E-05 -1.84317E-05 -1.12047E-05 6.74310E-06 -1.03278E-05 -2.46483E-05 
1.49140E-05 -2.10011E-05 -1.21317E-05 1.26136E-05 -2.54166E-05 -1.49162E-05 1.47508E-05 -2.23307E-05 -1.28581E-05 
1.45707E-05 -2.36717E-05 -1.39424E-05 1.43054E-05 -2.32649E-05 -2.68553E-05 1.50009E-05 -2.43686E-05 -1.52215E-05 
1.46987E-05 -2.42299E-05 -2.56811E-05 1.06009E-05 -2.45404E-05 -2.70797E-05 1.46909E-05 -2.51157E-05 -1.60909E-05 
1.55452E-05 -2.51264E-05 -1.73501E-05 1.47473E-05 -2.59815E-05 -1.86128E-05 1.48190E-05 -2.51466E-05 -2.42131E-05 
1.40865E-05 -2.64854E-05 -1.98071E-05 1.47278E-05 -2.61313E-05 -2.11523E-05 1.48729E-05 -2.57121E-05 -2.27709E-05 
1.33007E-05 -9.03719E-06 -1.69290E-05 1.33021E-05 -8.77969E-06 -1.86010E-05 1.32888E-05 -8.84919E-06 -2.03256E-05 
1.33665E-05 -9.58733E-06 -1.53557E-05 1.33741E-05 -9.24136E-06 -2.20245E-05 1.32195E-05 -9.80269E-06 -2.35052E-05 
1.32084E-05 -1.11706E-05 -1.29151E-05 1.33126E-05 -1.02980E-05 -1.40557E-05 1.29508E-05 -1.03431E-05 -2.46152E-05 
1.34005E-05 -1.13799E-05 -2.57216E-05 1.33415E-05 -1.25748E-05 -2.68227E-05 1.28707E-05 -1.32400E-05 -1.11941E-05 
1.31192E-05 -1.22738E-05 -1.19090E-05 1.32241E-05 -1.44030E-05 -1.08509E-05 1.34087E-05 -1.51006E-05 -2.82227E-05 
1.35295E-05 -1.57191E-05 -1.06500E-05 6.08230E-06 -1.70805E-05 -1.02968E-05 1.37287E-05 -1.66504E-05 -2.85586E-05 
1.36523E-05 -1.81440E-05 -1.06282E-05 1.34915E-05 -1.84270E-05 -2.88464E-05 1.30852E-05 -1.96908E-05 -2.89009E-05 
1.37520E-05 -1.93784E-05 -1.08776E-05 1.36942E-05 -2.07130E-05 -1.13238E-05 1.33928E-05 -2.08685E-05 -2.85277E-05 
1.37329E-05 -2.17999E-05 -1.19035E-05 1.31960E-05 -2.33804E-05 -2.73505E-05 1.39031E-05 -2.48317E-05 -1.49024E-05 
1.33016E-05 -2.43461E-05 -2.64676E-05 1.35964E-05 -2.55479E-05 -1.58755E-05 1.39772E-05 -2.59721E-05 -1.71762E-05 
1.32525E-05 -2.53921E-05 -2.52245E-05 1.34762E-05 -2.65731E-05 -1.85390E-05 1.32194E-05 -2.68156E-05 -2.09435E-05 
1.35872E-05 -2.65089E-05 -2.22753E-05 1.36306E-05 -2.60360E-05 -2.36760E-05 1.68619E-05 -1.34343E-05 -1.42146E-05 
1.20249E-05 -8.88362E-06 -1.58917E-05 1.17947E-05 -8.33753E-06 -1.95290E-05 1.18054E-05 -8.58330E-06 -2.12678E-05 
1.20431E-05 -9.52498E-06 -1.44679E-05 1.18964E-05 -9.10724E-06 -2.28615E-05 1.19139E-05 -9.76683E-06 -2.42060E-05 
1.19996E-05 -1.03758E-05 -1.31823E-05 1.18649E-05 -1.05841E-05 -2.53940E-05 1.18532E-05 -1.25504E-05 -1.12011E-05 
1.19518E-05 -1.14235E-05 -1.20864E-05 1.22264E-05 -1.29963E-05 -2.75031E-05 1.16612E-05 -1.38296E-05 -1.05118E-05 
1.20698E-05 -1.42093E-05 -2.82462E-05 1.21112E-05 -1.54130E-05 -1.01888E-05 1.19497E-05 -1.59469E-05 -2.89454E-05 
1.26677E-05 -1.70128E-05 -1.02031E-05 1.24846E-05 -1.74209E-05 -2.91040E-05 1.25268E-05 -1.87577E-05 -1.02862E-05 
1.24616E-05 -2.01246E-05 -1.06228E-05 1.22683E-05 -2.16651E-05 -1.12531E-05 1.26016E-05 -2.18275E-05 -2.84678E-05 
3.54230E-06 -2.01896E-05 -1.23983E-05 1.23283E-05 -2.29046E-05 -2.79949E-05 1.85542E-05 -1.37644E-05 -1.81001E-05 
1.19996E-05 -2.40008E-05 -2.72981E-05 1.25505E-05 -2.61166E-05 -1.61893E-05 1.18461E-05 -2.50720E-05 -2.63058E-05 
1.24855E-05 -2.66033E-05 -1.73908E-05 1.22571E-05 -2.69601E-05 -1.85402E-05 1.27259E-05 -2.69837E-05 -1.96457E-05 
1.24177E-05 -2.66516E-05 -2.31926E-05 1.24501E-05 -2.62099E-05 -2.42655E-05 1.18755E-05 -1.89033E-05 -2.92940E-05 
1.01736E-05 -8.06654E-06 -1.87756E-05 1.02392E-05 -8.19733E-06 -2.04128E-05 1.07907E-05 -8.96755E-06 -1.49915E-05 
1.07380E-05 -8.49740E-06 -1.62694E-05 1.00590E-05 -8.66810E-06 -2.23460E-05 1.06893E-05 -9.68783E-06 -1.36791E-05 
1.07302E-05 -9.30377E-06 -2.36999E-05 1.47303E-05 -1.50328E-05 -1.14730E-05 1.05838E-05 -9.91445E-06 -2.47945E-05 
1.06369E-05 -1.07482E-05 -2.58864E-05 1.06807E-05 -1.28791E-05 -1.07466E-05 1.08905E-05 -1.30983E-05 -2.78624E-05 
1.04022E-05 -1.46640E-05 -2.86947E-05 1.05167E-05 -1.51948E-05 -9.92660E-06 1.00448E-05 -1.62070E-05 -2.92260E-05 
1.09301E-05 -1.65131E-05 -9.80730E-06 1.11919E-05 -1.80104E-05 -9.88190E-06 1.10978E-05 -1.73826E-05 -2.93660E-05 
1.11196E-05 -1.94358E-05 -1.01106E-05 1.45105E-05 -1.96440E-05 -2.83012E-05 1.11570E-05 -2.06491E-05 -1.05200E-05 
1.13045E-05 -2.21553E-05 -2.86103E-05 1.09272E-05 -2.33432E-05 -2.79885E-05 8.21780E-06 -8.89720E-06 -2.26688E-05 
1.12208E-05 -2.59862E-05 -1.52591E-05 1.11605E-05 -2.70580E-05 -1.79108E-05 1.13063E-05 -2.72712E-05 -1.92867E-05 
2.70610E-06 -1.09720E-05 -1.76015E-05 1.17096E-05 -2.72465E-05 -2.06453E-05 1.11932E-05 -2.70044E-05 -2.28361E-05 
1.12255E-05 -2.66433E-05 -2.39349E-05 1.18792E-05 -2.06473E-05 -2.90310E-05 9.56544E-06 -8.56967E-06 -1.56796E-05 
9.89279E-06 -8.22143E-06 -1.71409E-05 9.46456E-06 -9.14214E-06 -1.43945E-05 1.60204E-05 -2.35355E-05 -1.51961E-05 
8.80350E-06 -8.10137E-06 -1.95295E-05 1.05711E-05 -1.06389E-05 -1.24614E-05 1.00477E-05 -1.12925E-05 -2.65128E-05 
9.42444E-06 -1.26094E-05 -1.07996E-05 9.79587E-06 -1.22542E-05 -2.73537E-05 1.00256E-05 -1.38006E-05 -1.02779E-05 
9.28861E-06 -1.48515E-05 -9.94030E-06 1.35670E-06 -2.19013E-05 -2.11941E-05 9.74794E-06 -1.73946E-05 -2.94460E-05 
9.94918E-06 -1.74094E-05 -9.69560E-06 9.77079E-06 -1.87079E-05 -9.83700E-06 1.03140E-05 -1.85937E-05 -2.94950E-05 
1.04044E-05 -2.16459E-05 -1.08671E-05 9.99609E-06 -2.12514E-05 -2.90460E-05 3.93290E-06 -2.09165E-05 -2.66829E-05 
1.00702E-05 -2.25615E-05 -2.84784E-05 1.91311E-05 -1.76062E-05 -1.98570E-05 1.72511E-05 -1.17504E-05 -2.13766E-05 
1.03006E-05 -2.55590E-05 -2.60036E-05 1.15717E-05 -2.59585E-05 -2.51590E-05 9.91646E-06 -2.73321E-05 -1.87205E-05 
1.01016E-05 -2.74563E-05 -2.02734E-05 1.05667E-05 -2.73105E-05 -2.17115E-05 9.82907E-06 -2.70016E-05 -2.31480E-05 
1.00697E-05 -2.63890E-05 -2.46728E-05 8.39720E-06 -8.37062E-06 -1.65238E-05 8.64620E-06 -8.11187E-06 -1.80121E-05 
7.73240E-06 -2.06633E-05 -1.05687E-05 8.22220E-06 -8.83611E-06 -1.51727E-05 8.24800E-07 -1.38907E-05 -1.88914E-05 
9.17134E-06 -9.44746E-06 -2.40531E-05 1.59207E-05 -1.04854E-05 -2.13594E-05 8.06730E-06 -9.56536E-06 -1.38462E-05 
9.25986E-06 -1.12059E-05 -1.18208E-05 1.78860E-06 -2.08011E-05 -1.49419E-05 8.78870E-06 -1.14630E-05 -2.66041E-05 
8.07680E-06 -1.30761E-05 -1.06479E-05 8.34910E-06 -1.26292E-05 -2.74612E-05 8.70790E-06 -1.38879E-05 -1.02443E-05 
7.71660E-06 -1.38796E-05 -2.80649E-05 9.08833E-06 -1.62598E-05 -9.71700E-06 8.55610E-06 -1.68254E-05 -2.92540E-05 
8.86660E-06 -1.77571E-05 -9.73900E-06 8.83550E-06 -1.82031E-05 -2.94370E-05 8.19670E-06 -1.90309E-05 -9.99570E-06 
9.53768E-06 -2.03048E-05 -1.02356E-05 9.29277E-06 -1.96987E-05 -2.93710E-05 8.97280E-06 -2.15238E-05 -1.07886E-05 
9.45350E-06 -2.26307E-05 -1.14173E-05 9.87984E-06 -2.37621E-05 -1.22752E-05 9.54700E-06 -2.36694E-05 -2.77962E-05 
9.94605E-06 -2.48069E-05 -1.33291E-05 9.84632E-06 -2.57075E-05 -1.45347E-05 9.82741E-06 -2.64441E-05 -1.58497E-05 
8.67440E-06 -2.58611E-05 -2.53966E-05 8.51750E-06 -2.23732E-05 -2.84176E-05 9.84919E-06 -2.69617E-05 -1.71969E-05 
8.78830E-06 -2.72908E-05 -2.14473E-05 8.79980E-06 -2.65430E-05 -2.41588E-05 7.31290E-06 -8.36455E-06 -1.74896E-05 
7.40400E-06 -8.27832E-06 -1.88957E-05 7.53960E-06 -8.35064E-06 -2.01403E-05 6.91250E-06 -9.33442E-06 -1.47193E-05 
7.10440E-06 -8.72515E-06 -1.60744E-05 1.68111E-05 -1.42569E-05 -2.54659E-05 7.64830E-06 -9.60230E-06 -2.39089E-05 
7.94280E-06 -1.19325E-05 -1.13478E-05 7.72200E-06 -1.06801E-05 -1.25102E-05 1.11876E-05 -2.65904E-05 -1.65371E-05 
7.77730E-06 -1.08613E-05 -2.57535E-05 7.36560E-06 -1.19651E-05 -2.67012E-05 7.09070E-06 -1.30342E-05 -2.73766E-05 
8.23040E-06 -1.50091E-05 -9.97240E-06 7.77040E-06 -1.73972E-05 -9.83600E-06 8.23420E-06 -2.07636E-05 -2.89942E-05 
7.85050E-06 -2.23275E-05 -1.13732E-05 1.71401E-05 -2.22910E-05 -2.50104E-05 8.63030E-06 -2.33680E-05 -1.20095E-05 
8.57080E-06 -2.42695E-05 -1.28190E-05 7.60390E-06 -2.62402E-05 -2.42832E-05 8.45740E-06 -2.52061E-05 -1.39242E-05 
8.41700E-06 -2.59977E-05 -1.51769E-05 8.43610E-06 -2.66587E-05 -1.65498E-05 8.50910E-06 -2.71169E-05 -1.80815E-05 
8.04890E-06 -2.37952E-05 -2.74438E-05 7.98100E-06 -2.68372E-05 -2.29674E-05 6.34410E-06 -8.58870E-06 -1.82724E-05 
1.82458E-05 -1.28452E-05 -2.03593E-05 5.85830E-06 -9.31800E-06 -1.56129E-05 1.14773E-05 -2.40619E-05 -1.28009E-05 
3.09450E-06 -1.21806E-05 -2.33891E-05 6.83080E-06 -1.00592E-05 -1.35952E-05 6.49940E-06 -9.48233E-06 -2.29818E-05 
6.03880E-06 -1.08759E-05 -1.29769E-05 6.36690E-06 -1.14454E-05 -2.57794E-05 6.51750E-06 -1.17767E-05 -1.18870E-05 
6.92630E-06 -1.29680E-05 -1.09681E-05 5.95450E-06 -1.27617E-05 -2.67073E-05 5.51000E-07 -1.86847E-05 -1.65559E-05 
1.86399E-05 -2.21462E-05 -2.08708E-05 1.78433E-05 -1.42609E-05 -1.51276E-05 6.74630E-06 -1.51200E-05 -2.83114E-05 
7.18790E-06 -1.65318E-05 -2.88617E-05 6.88140E-06 -1.83294E-05 -1.01322E-05 6.77750E-06 -1.89626E-05 -2.88825E-05 
6.81840E-06 -1.94486E-05 -1.04064E-05 6.84640E-06 -2.01626E-05 -2.87452E-05 2.97710E-06 -1.14553E-05 -1.54230E-05 
6.64460E-06 -2.14902E-05 -1.12355E-05 7.07190E-06 -2.15489E-05 -2.83949E-05 6.39770E-06 -2.25566E-05 -1.19746E-05 
6.99190E-06 -2.27818E-05 -2.77537E-05 7.40100E-06 -2.35221E-05 -1.23664E-05 7.16220E-06 -2.44774E-05 -1.34167E-05 
3.14670E-06 -1.23276E-05 -1.40425E-05 6.81080E-06 -2.37847E-05 -2.69813E-05 7.07200E-06 -2.53639E-05 -1.46236E-05 
7.12060E-06 -2.61240E-05 -1.59796E-05 6.05730E-06 -2.60193E-05 -1.67121E-05 9.26559E-06 -1.35906E-05 -2.81793E-05 
7.23060E-06 -2.56064E-05 -2.51774E-05 7.06980E-06 -2.66766E-05 -1.75796E-05 7.50110E-06 -2.70764E-05 -1.90130E-05 
7.30690E-06 -2.70762E-05 -2.02524E-05 6.83980E-06 -2.67930E-05 -2.17345E-05 7.42640E-06 -2.48226E-05 -2.62915E-05 
5.30390E-06 -9.03007E-06 -1.81869E-05 8.64830E-06 -8.35104E-06 -2.11031E-05 6.06460E-06 -8.83691E-06 -1.70058E-05 
5.61010E-06 -9.28754E-06 -2.14459E-05 5.60100E-06 -1.01460E-05 -1.42295E-05 4.95420E-06 -1.00764E-05 -2.25872E-05 
5.64080E-06 -1.03093E-05 -2.37694E-05 5.38840E-06 -1.11633E-05 -2.47795E-05 5.25810E-06 -1.18715E-05 -1.24647E-05 
5.25720E-06 -1.20179E-05 -2.56099E-05 4.65170E-06 -1.30472E-05 -2.60062E-05 6.18210E-06 -1.40337E-05 -1.07602E-05 
5.03500E-06 -1.40243E-05 -2.69298E-05 6.19710E-06 -1.53229E-05 -1.04061E-05 5.35750E-06 -1.51501E-05 -2.76593E-05 
4.32100E-06 -1.63577E-05 -2.73111E-05 3.51080E-06 -1.86291E-05 -2.67986E-05 5.64410E-06 -1.65083E-05 -2.82231E-05 
3.28790E-06 -1.59125E-05 -2.62845E-05 6.14770E-06 -1.79201E-05 -2.86592E-05 5.72970E-06 -1.87289E-05 -1.06142E-05 
5.56220E-06 -1.95202E-05 -2.82494E-05 5.95310E-06 -2.03143E-05 -1.09479E-05 5.82630E-06 -2.09532E-05 -2.80523E-05 
5.53080E-06 -2.15152E-05 -1.17180E-05 6.08180E-06 -2.20206E-05 -2.77356E-05 5.22660E-06 -2.24895E-05 -1.25332E-05 
6.06130E-06 -2.35552E-05 -1.29561E-05 5.67040E-06 -2.44260E-05 -1.42025E-05 6.24970E-06 -2.50829E-05 -2.53166E-05 
5.96580E-06 -2.41735E-05 -2.61369E-05 5.84670E-06 -2.54050E-05 -1.55566E-05 5.68340E-06 -2.57724E-05 -2.35146E-05 
6.42480E-06 -2.57710E-05 -2.43589E-05 6.24170E-06 -2.66873E-05 -1.91618E-05 6.17200E-06 -2.66685E-05 -2.04565E-05 
5.48990E-06 -2.62751E-05 -2.12366E-05 4.27800E-06 -9.62414E-06 -1.80000E-05 4.52210E-06 -9.45061E-06 -1.92379E-05 
4.78330E-06 -9.48141E-06 -2.04594E-05 4.80840E-06 -9.97044E-06 -1.53813E-05 1.63398E-05 -1.66098E-05 -2.70161E-05 
9.28090E-06 -1.00377E-05 -1.30745E-05 4.44440E-06 -9.94623E-06 -2.13947E-05 4.14840E-06 -1.08691E-05 -1.45737E-05 
3.32730E-06 -2.48068E-05 -1.90246E-05 4.32360E-06 -1.11014E-05 -2.35822E-05 4.15240E-06 -1.21583E-05 -2.47452E-05 
3.60820E-06 -1.34804E-05 -2.53384E-05 5.22970E-06 -1.46700E-05 -1.09942E-05 4.40850E-06 -1.41048E-05 -1.16729E-05 
4.14730E-06 -1.40481E-05 -2.62451E-05 4.19880E-06 -1.50926E-05 -2.67922E-05 4.91690E-06 -1.60846E-05 -1.08840E-05 
4.77580E-06 -2.53120E-05 -1.67413E-05 4.57640E-06 -1.76808E-05 -1.10465E-05 4.62120E-06 -1.93651E-05 -1.13393E-05 
4.78220E-06 -2.05934E-05 -1.16705E-05 4.90780E-06 -2.05528E-05 -2.76012E-05 4.40010E-06 -2.14582E-05 -1.23562E-05 
5.05170E-06 -2.17213E-05 -2.72428E-05 4.28920E-06 -2.23219E-05 -1.30690E-05 3.36020E-06 -1.72671E-05 -2.66480E-05 
4.83520E-06 -2.32574E-05 -1.34745E-05 4.40100E-06 -2.37178E-05 -1.44015E-05 4.63850E-06 -2.45594E-05 -1.53471E-05 
5.32740E-06 -2.51464E-05 -2.43482E-05 5.26490E-06 -2.44448E-05 -2.51931E-05 5.54660E-06 -2.61513E-05 -1.78423E-05 
5.14480E-06 -2.61369E-05 -1.89489E-05 5.29340E-06 -2.62663E-05 -1.99711E-05 1.03560E-06 -2.05000E-05 -2.21766E-05 
4.68180E-06 -2.52838E-05 -2.32007E-05 3.79700E-06 -1.04348E-05 -1.58998E-05 3.57240E-06 -1.02209E-05 -1.72095E-05 
3.44540E-06 -1.01934E-05 -1.85842E-05 3.02140E-06 -1.09184E-05 -1.65248E-05 3.45370E-06 -1.44144E-05 -1.23018E-05 
3.43150E-06 -1.10279E-05 -2.20308E-05 1.30110E-06 -1.43775E-05 -1.53785E-05 3.40699E-07 -1.90813E-05 -1.83007E-05 
1.86368E-05 -1.52216E-05 -1.63980E-05 9.25807E-06 -1.04011E-05 -2.55290E-05 3.06910E-06 -1.31152E-05 -2.43396E-05 
2.60080E-06 -1.42593E-05 -2.46634E-05 3.32230E-06 -1.46924E-05 -2.58083E-05 4.11660E-06 -1.52584E-05 -1.15145E-05 
3.84270E-06 -1.64435E-05 -1.15513E-05 1.79848E-05 -2.32243E-05 -1.94924E-05 1.91205E-05 -1.80710E-05 -2.16176E-05 
3.60920E-06 -1.86955E-05 -1.18927E-05 4.15070E-06 -1.95591E-05 -2.72604E-05 4.56900E-06 -1.79576E-05 -2.77237E-05 
2.68130E-06 -2.33565E-05 -1.64285E-05 1.21623E-05 -2.70248E-05 -2.19605E-05 3.47870E-06 -2.15500E-05 -1.32256E-05 
3.63820E-06 -2.27643E-05 -1.41104E-05 4.28980E-06 -2.23983E-05 -2.61846E-05 3.64650E-06 -2.36591E-05 -1.52043E-05 
1.91371E-05 -1.92427E-05 -1.98583E-05 3.80960E-06 -2.43778E-05 -1.62366E-05 6.69290E-06 -2.63412E-05 -2.32621E-05 
4.36490E-06 -2.55220E-05 -1.82510E-05 1.48515E-05 -1.98051E-05 -1.15980E-05 4.17840E-06 -2.42793E-05 -2.42176E-05 
4.37530E-06 -2.57044E-05 -1.95682E-05 4.61410E-06 -2.58396E-05 -2.05956E-05 4.48320E-06 -2.55558E-05 -2.17949E-05 
2.52610E-06 -1.11195E-05 -1.90596E-05 1.67040E-05 -1.53081E-05 -2.61943E-05 1.70200E-07 -1.75507E-05 -1.95220E-05 
1.56386E-05 -1.40497E-05 -2.64568E-05 2.21600E-06 -1.17811E-05 -2.05178E-05 3.01250E-06 -1.35846E-05 -1.32076E-05 
2.12590E-06 -1.36417E-05 -2.34075E-05 2.26850E-06 -2.30529E-05 -2.23814E-05 3.09420E-06 -1.58403E-05 -1.22369E-05 
2.46990E-06 -1.56420E-05 -2.52215E-05 1.46625E-05 -9.38278E-06 -1.93386E-05 3.10410E-06 -1.73838E-05 -1.21382E-05 
2.04210E-06 -1.67435E-05 -1.33268E-05 2.42020E-06 -1.69695E-05 -2.55199E-05 2.47330E-06 -1.87464E-05 -1.29804E-05 
2.05930E-06 -1.27650E-05 -1.53524E-05 1.36579E-05 -2.22413E-05 -2.78710E-05 2.53550E-06 -1.82637E-05 -2.57548E-05 
2.95930E-06 -1.98842E-05 -2.60125E-05 7.05650E-06 -8.73092E-06 -2.14006E-05 1.84871E-05 -1.95461E-05 -2.44959E-05 
6.27640E-06 -1.39827E-05 -2.76043E-05 2.91590E-06 -2.27952E-05 -1.51211E-05 1.91825E-05 -1.62957E-05 -1.76973E-05 
3.45290E-06 -2.45635E-05 -1.74778E-05 2.76910E-06 -2.40652E-05 -2.12703E-05 3.45260E-06 -2.44696E-05 -2.24850E-05 
3.06530E-06 -2.34348E-05 -2.35846E-05 1.33847E-05 -1.37178E-05 -2.75515E-05 3.57360E-06 -2.50404E-05 -2.06898E-05 
1.91720E-06 -1.18779E-05 -1.79571E-05 2.44300E-07 -1.74952E-05 -1.78088E-05 1.79990E-06 -1.20702E-05 -1.91770E-05 
7.34190E-06 -1.41805E-05 -1.03310E-05 1.54590E-06 -1.26766E-05 -1.69927E-05 1.30080E-06 -1.28217E-05 -1.83848E-05 
1.34190E-06 -1.29106E-05 -1.96957E-05 1.49340E-06 -1.30079E-05 -2.08469E-05 1.46744E-05 -1.25845E-05 -2.60995E-05 
2.15760E-06 -1.37739E-05 -1.42236E-05 1.39330E-06 -1.37798E-05 -2.18104E-05 1.60718E-05 -2.47141E-05 -2.32257E-05 
2.44940E-06 -1.48815E-05 -1.31999E-05 1.22520E-06 -1.49555E-05 -2.26171E-05 1.77270E-06 -1.51886E-05 -2.39420E-05 
1.72784E-05 -2.28266E-05 -1.61386E-05 1.08650E-06 -1.63136E-05 -2.31091E-05 5.44850E-06 -1.31421E-05 -1.14970E-05 
1.69840E-06 -1.65857E-05 -2.43856E-05 1.57070E-06 -1.80566E-05 -1.40770E-05 1.70140E-06 -1.79617E-05 -2.45619E-05 
1.63360E-06 -1.93712E-05 -1.43633E-05 1.09430E-06 -1.89136E-05 -2.32700E-05 1.89970E-06 -1.93419E-05 -2.47432E-05 
1.07740E-06 -1.96907E-05 -1.56603E-05 1.63580E-06 -2.05229E-05 -2.37406E-05 7.34520E-06 -1.59071E-05 -9.97740E-06 
1.24150E-06 -2.09222E-05 -1.63657E-05 1.63390E-06 -2.16159E-05 -2.27520E-05 2.29760E-06 -2.06771E-05 -2.48118E-05 
2.08570E-06 -2.20591E-05 -1.56937E-05 1.65820E-06 -2.22527E-05 -1.71389E-05 1.68140E-06 -2.27749E-05 -1.97671E-05 
2.37600E-06 -2.20339E-05 -2.39767E-05 7.91480E-06 -1.92969E-05 -2.92060E-05 2.29250E-06 -2.35119E-05 -1.83043E-05 
2.06180E-06 -2.31821E-05 -2.09885E-05 2.63630E-06 -2.17804E-05 -1.44149E-05 2.53680E-06 -2.39760E-05 -1.99621E-05 
1.24870E-06 -1.36805E-05 -1.63434E-05 9.21401E-07 -1.37635E-05 -1.75965E-05 8.09940E-06 -1.00273E-05 -2.47646E-05 
8.49200E-07 -1.41868E-05 -2.03073E-05 1.49050E-06 -1.53309E-05 -1.44585E-05 1.90224E-05 -2.09846E-05 -1.98254E-05 
7.18700E-07 -1.48352E-05 -1.67925E-05 4.97700E-07 -1.49533E-05 -1.81082E-05 4.84300E-07 -1.49715E-05 -1.92942E-05 
8.47999E-07 -1.49268E-05 -2.13685E-05 1.12700E-06 -1.68992E-05 -1.47974E-05 8.17200E-07 -1.58210E-05 -1.57975E-05 
3.94300E-07 -1.60882E-05 -1.72076E-05 3.81599E-07 -1.58397E-05 -2.02817E-05 6.54501E-07 -1.60914E-05 -2.17699E-05 
5.80000E-07 -1.72518E-05 -1.61617E-05 2.63900E-07 -1.61384E-05 -1.87159E-05 3.61700E-07 -1.70770E-05 -2.09730E-05 
1.17160E-06 -1.74878E-05 -2.35241E-05 9.99599E-07 -1.83516E-05 -1.51986E-05 1.28932E-05 -2.44357E-05 -1.37385E-05 
4.09880E-06 -1.28864E-05 -1.25546E-05 1.30133E-05 -2.30346E-05 -1.24538E-05 3.44699E-07 -1.81092E-05 -2.08979E-05 
6.99701E-07 -2.04517E-05 -2.07142E-05 4.65950E-06 -2.35861E-05 -2.55823E-05 3.30600E-07 -1.91074E-05 -2.00553E-05 
1.85144E-05 -1.66869E-05 -2.42657E-05 7.18300E-07 -1.98944E-05 -1.69328E-05 1.67787E-05 -2.35295E-05 -2.41732E-05 
5.66900E-07 -2.02305E-05 -1.92917E-05 8.69900E-07 -2.09423E-05 -1.79912E-05 1.41330E-06 -2.22611E-05 -1.85592E-05 
1.02110E-06 -2.14874E-05 -1.96032E-05 3.07100E-06 -2.15078E-05 -2.54352E-05 1.44151E-05 -1.69010E-05 -1.09609E-05 
1.13529E-05 -2.51731E-05 -1.40346E-05 8.52860E-06 -1.51876E-05 -2.88116E-05 1.48602E-05 -1.79921E-05 -2.82160E-05 
1.43200E-05 -1.48965E-05 -2.85953E-05 1.58153E-05 -1.94253E-05 -2.79645E-05 1.48955E-05 -1.75968E-05 -2.80028E-05 
1.50138E-05 -1.62317E-05 -2.80017E-05 1.59039E-05 -1.51675E-05 -2.79663E-05 1.58590E-05 -1.83428E-05 -2.78022E-05 
1.68083E-05 -1.38264E-05 -2.80223E-05 2.83541E-05 -1.73742E-05 -3.81656E-05 1.26906E-05 -2.03491E-05 -4.45101E-05 
1.76692E-05 -2.08434E-05 -2.80053E-05 1.96181E-05 -1.14508E-05 -2.88516E-05 1.83089E-05 -1.39553E-05 -2.78452E-05 
2.39228E-05 -1.21787E-05 -4.33133E-05 1.89642E-05 -2.02025E-05 -2.78239E-05 1.92114E-05 -1.88169E-05 -2.76621E-05 
1.90039E-05 -1.25699E-05 -2.81897E-05 2.04527E-05 -1.94354E-05 -2.77696E-05 1.74598E-05 -1.61157E-05 -2.76671E-05 
2.00855E-05 -1.54012E-05 -4.62190E-05 1.97852E-05 -1.37191E-05 -2.78140E-05 2.15904E-05 -1.84210E-05 -2.77850E-05 
1.24180E-05 -2.36105E-05 -4.22192E-05 2.07776E-05 -1.52030E-05 -2.76672E-05 2.13145E-05 -1.37238E-05 -2.80098E-05 
2.22575E-05 -1.49964E-05 -2.79405E-05 1.38712E-05 -1.92937E-05 -2.87300E-05 1.37874E-05 -1.81082E-05 -2.86268E-05 
1.73795E-05 -1.77160E-05 -2.76418E-05 1.44860E-05 -1.29330E-05 -2.93845E-05 1.46859E-05 -2.02838E-05 -2.85634E-05 
1.55187E-05 -1.36695E-05 -2.84383E-05 2.53366E-05 -1.86964E-05 -2.99440E-05 1.73680E-05 -1.09780E-05 -2.95140E-05 
1.70423E-05 -2.23814E-05 -2.87181E-05 1.81519E-05 -1.16826E-05 -2.87671E-05 1.89138E-05 -2.20628E-05 -2.84384E-05 
2.03463E-05 -2.25025E-05 -2.88414E-05 2.06548E-05 -2.12136E-05 -2.82762E-05 2.14026E-05 -2.22690E-05 -2.90095E-05 
1.23639E-05 -2.22924E-05 -3.12673E-05 2.10218E-05 -1.13984E-05 -2.91046E-05 2.23955E-05 -2.14027E-05 -2.89261E-05 
2.18905E-05 -1.99724E-05 -2.81871E-05 2.29780E-05 -1.88273E-05 -2.83274E-05 2.25538E-05 -1.38230E-05 -2.83410E-05 
2.20840E-05 -1.25085E-05 -2.87192E-05 2.30871E-05 -2.01429E-05 -2.87403E-05 1.26325E-05 -1.20833E-05 -3.18255E-05 
2.34765E-05 -1.47198E-05 -2.85156E-05 2.34971E-05 -1.33446E-05 -2.89723E-05 2.42203E-05 -1.57775E-05 -2.88111E-05 
1.32335E-05 -2.00532E-05 -2.92971E-05 1.29300E-05 -1.87396E-05 -2.92051E-05 1.28170E-05 -1.73993E-05 -2.92345E-05 
1.38437E-05 -2.14423E-05 -2.94645E-05 1.34048E-05 -1.40058E-05 -2.96016E-05 1.89698E-05 -7.83900E-06 -3.92337E-05 
1.57972E-05 -2.32587E-05 -2.96436E-05 2.70750E-05 -1.45450E-05 -4.12191E-05 1.70769E-05 -2.36734E-05 -2.96126E-05 
1.83316E-05 -2.34226E-05 -2.92827E-05 1.87866E-05 -1.04379E-05 -2.97383E-05 1.85398E-05 -9.55310E-06 -3.08358E-05 
1.96515E-05 -2.32535E-05 -2.92221E-05 2.01667E-05 -1.06052E-05 -2.96329E-05 2.21747E-05 -9.09450E-06 -3.22993E-05 
2.13737E-05 -1.04183E-05 -3.00670E-05 2.21894E-05 -1.13446E-05 -2.95529E-05 9.77930E-06 -1.72003E-05 -4.07964E-05 
2.41628E-05 -1.94317E-05 -2.91439E-05 1.85824E-05 -1.48066E-05 -4.61524E-05 2.46982E-05 -1.44289E-05 -2.94160E-05 
2.55210E-05 -1.73399E-05 -2.98921E-05 2.51974E-05 -1.61027E-05 -2.95331E-05 1.21297E-05 -1.93274E-05 -3.00473E-05 
1.20942E-05 -1.81803E-05 -2.98898E-05 1.18411E-05 -1.69987E-05 -3.01332E-05 1.24963E-05 -2.09564E-05 -3.02958E-05 
1.23113E-05 -1.42428E-05 -3.05474E-05 1.31501E-05 -1.28778E-05 -3.05433E-05 1.33610E-05 -2.23235E-05 -3.03691E-05 
1.39861E-05 -1.16661E-05 -3.07922E-05 9.40901E-06 -1.94184E-05 -3.51126E-05 1.50023E-05 -2.37837E-05 -3.04359E-05 
1.63040E-05 -2.44835E-05 -3.05558E-05 1.13440E-05 -1.67368E-05 -4.32643E-05 1.73081E-05 -2.51905E-05 -3.11635E-05 
1.78704E-05 -2.44708E-05 -3.02114E-05 1.95028E-05 -2.43060E-05 -3.01075E-05 2.00817E-05 -9.59290E-06 -3.07350E-05 
2.17115E-05 -9.59680E-06 -3.11949E-05 2.23678E-05 -2.27976E-05 -2.98593E-05 2.28964E-05 -1.06822E-05 -3.05435E-05 
2.34090E-05 -2.20887E-05 -2.99912E-05 2.49950E-05 -2.02407E-05 -3.02151E-05 2.42707E-05 -1.15525E-05 -3.07614E-05 
2.57500E-05 -1.51307E-05 -3.02692E-05 2.09410E-05 -7.66500E-06 -3.61304E-05 2.62426E-05 -1.79733E-05 -3.07865E-05 
2.57829E-05 -1.02123E-05 -3.77518E-05 1.11866E-05 -1.82889E-05 -3.09092E-05 1.10511E-05 -1.68793E-05 -3.11378E-05 
1.16168E-05 -2.11996E-05 -3.13899E-05 1.13551E-05 -1.99118E-05 -3.10825E-05 1.64412E-05 -9.79840E-06 -3.11880E-05 
1.21242E-05 -1.31485E-05 -3.14736E-05 1.28096E-05 -2.55657E-05 -3.61626E-05 1.36329E-05 -2.36329E-05 -3.12877E-05 
2.15031E-05 -2.33722E-05 -4.42564E-05 1.50377E-05 -2.45950E-05 -3.13129E-05 1.08142E-05 -2.06848E-05 -3.22145E-05 
1.86361E-05 -2.52430E-05 -3.11118E-05 1.75881E-05 -9.20960E-06 -3.15509E-05 1.99521E-05 -2.51563E-05 -3.12462E-05 
2.09761E-05 -2.45570E-05 -3.08373E-05 2.22329E-05 -2.39042E-05 -3.07980E-05 2.35410E-05 -2.30560E-05 -3.09249E-05 
2.30908E-05 -9.77570E-06 -3.18432E-05 1.05390E-05 -2.03106E-05 -4.20397E-05 2.39953E-05 -1.06376E-05 -3.15168E-05 
2.54856E-05 -2.08318E-05 -3.11596E-05 2.51820E-05 -1.23409E-05 -3.10595E-05 2.68676E-05 -1.71613E-05 -3.15785E-05 
2.62644E-05 -1.64220E-05 -3.06737E-05 2.63933E-05 -1.51485E-05 -3.10678E-05 1.33598E-05 -1.49958E-05 -4.45447E-05 
2.38908E-05 -2.52623E-05 -3.56244E-05 1.04542E-05 -1.92016E-05 -3.21533E-05 1.05619E-05 -1.59278E-05 -3.21726E-05 
1.14075E-05 -2.20228E-05 -3.22987E-05 1.12059E-05 -1.42590E-05 -3.19715E-05 1.16640E-05 -1.26974E-05 -3.26475E-05 
1.22703E-05 -2.33153E-05 -3.23796E-05 2.09724E-05 -2.34942E-05 -2.97325E-05 1.30982E-05 -2.43174E-05 -3.26576E-05 
2.40520E-05 -1.01022E-05 -4.11105E-05 1.43589E-05 -2.51113E-05 -3.25393E-05 1.44797E-05 -1.00227E-05 -3.24936E-05 
1.27767E-05 -1.02531E-05 -3.52145E-05 1.55783E-05 -9.54560E-06 -3.22508E-05 1.66648E-05 -9.09580E-06 -3.22532E-05 
1.64351E-05 -1.21218E-05 -2.89067E-05 1.94317E-05 -2.57953E-05 -3.20494E-05 1.13278E-05 -1.23517E-05 -4.00569E-05 
2.20011E-05 -2.48683E-05 -3.18859E-05 2.64167E-05 -2.20838E-05 -3.41864E-05 2.33307E-05 -2.41419E-05 -3.20491E-05 
2.46717E-05 -2.30576E-05 -3.22293E-05 2.42649E-05 -1.01447E-05 -3.24946E-05 2.53686E-05 -2.17785E-05 -3.17991E-05 
2.52299E-05 -1.13189E-05 -3.21013E-05 2.55404E-05 -9.92030E-06 -3.61991E-05 2.61157E-05 -2.09091E-05 -3.21091E-05 
2.61264E-05 -1.96499E-05 -3.12548E-05 2.69815E-05 -1.83872E-05 -3.20527E-05 2.61466E-05 -1.27869E-05 -3.19810E-05 
2.74854E-05 -1.71929E-05 -3.27135E-05 2.71313E-05 -1.58477E-05 -3.20722E-05 2.67121E-05 -1.42291E-05 -3.19271E-05 
1.00372E-05 -2.00710E-05 -3.34993E-05 9.77969E-06 -1.83990E-05 -3.34979E-05 9.84919E-06 -1.66744E-05 -3.35112E-05 
1.05873E-05 -2.16443E-05 -3.34335E-05 1.02414E-05 -1.49755E-05 -3.34259E-05 1.08027E-05 -1.34948E-05 -3.35805E-05 
1.21706E-05 -2.40849E-05 -3.35916E-05 1.12980E-05 -2.29443E-05 -3.34874E-05 1.13431E-05 -1.23848E-05 -3.38492E-05 
1.23799E-05 -1.12784E-05 -3.33995E-05 1.35748E-05 -1.01773E-05 -3.34585E-05 1.42400E-05 -2.58059E-05 -3.39293E-05 
1.32738E-05 -2.50910E-05 -3.36808E-05 1.54030E-05 -2.61491E-05 -3.35759E-05 1.61006E-05 -8.77730E-06 -3.33913E-05 
1.67191E-05 -2.63500E-05 -3.32705E-05 1.80805E-05 -2.67032E-05 -4.07177E-05 1.76504E-05 -8.44140E-06 -3.30713E-05 
1.91440E-05 -2.63718E-05 -3.31477E-05 1.94270E-05 -8.15360E-06 -3.33084E-05 2.06908E-05 -8.09910E-06 -3.37148E-05 
2.03784E-05 -2.61224E-05 -3.30480E-05 2.17130E-05 -2.56762E-05 -3.31057E-05 2.18685E-05 -8.47230E-06 -3.34072E-05 
2.27999E-05 -2.50965E-05 -3.30671E-05 2.43804E-05 -9.64950E-06 -3.36040E-05 2.58317E-05 -2.20976E-05 -3.28969E-05 
2.53461E-05 -1.05324E-05 -3.34984E-05 2.65479E-05 -2.11245E-05 -3.32036E-05 2.69721E-05 -1.98238E-05 -3.28228E-05 
2.63921E-05 -1.17755E-05 -3.35475E-05 2.75730E-05 -1.84610E-05 -3.33238E-05 2.78156E-05 -1.60565E-05 -3.35806E-05 
2.75089E-05 -1.47247E-05 -3.32128E-05 2.70360E-05 -1.33240E-05 -3.31694E-05 1.44343E-05 -2.27854E-05 -2.99381E-05 
9.88362E-06 -2.11083E-05 -3.47751E-05 9.33753E-06 -1.74710E-05 -3.50053E-05 9.58330E-06 -1.57322E-05 -3.49946E-05 
1.05250E-05 -2.25321E-05 -3.47569E-05 1.01072E-05 -1.41385E-05 -3.49036E-05 1.07668E-05 -1.27940E-05 -3.48860E-05 
1.13758E-05 -2.38177E-05 -3.48004E-05 1.15841E-05 -1.16060E-05 -3.49351E-05 1.35503E-05 -2.57989E-05 -3.49468E-05 
1.24235E-05 -2.49136E-05 -3.48482E-05 1.39963E-05 -9.49690E-06 -3.45736E-05 1.48296E-05 -2.64882E-05 -3.51388E-05 
1.52093E-05 -8.75380E-06 -3.47302E-05 1.64130E-05 -2.68112E-05 -3.46888E-05 1.69468E-05 -8.05460E-06 -3.48503E-05 
1.80128E-05 -2.67969E-05 -3.41323E-05 1.84209E-05 -7.89600E-06 -3.43154E-05 1.97577E-05 -2.67138E-05 -3.42732E-05 
2.11246E-05 -2.63772E-05 -3.43384E-05 2.26651E-05 -2.57469E-05 -3.45317E-05 2.28275E-05 -8.53220E-06 -3.41984E-05 
2.11895E-05 -2.46017E-05 -4.32577E-05 2.39046E-05 -9.00510E-06 -3.44717E-05 1.47644E-05 -1.88999E-05 -2.82458E-05 
2.50008E-05 -9.70190E-06 -3.48004E-05 2.71166E-05 -2.08107E-05 -3.42495E-05 2.60720E-05 -1.06942E-05 -3.49539E-05 
2.76033E-05 -1.96092E-05 -3.43145E-05 2.79601E-05 -1.84598E-05 -3.45429E-05 2.79837E-05 -1.73543E-05 -3.40741E-05 
2.76516E-05 -1.38074E-05 -3.43823E-05 2.72099E-05 -1.27345E-05 -3.43499E-05 1.99033E-05 -7.70600E-06 -3.49245E-05 
9.06654E-06 -1.82244E-05 -3.66264E-05 9.19733E-06 -1.65872E-05 -3.65608E-05 9.96755E-06 -2.20085E-05 -3.60093E-05 
9.49740E-06 -2.07306E-05 -3.60620E-05 9.66810E-06 -1.46540E-05 -3.67410E-05 1.06878E-05 -2.33209E-05 -3.61107E-05 
1.03038E-05 -1.33001E-05 -3.60698E-05 1.60328E-05 -2.55270E-05 -3.20696E-05 1.09145E-05 -1.22055E-05 -3.62162E-05 
1.17482E-05 -1.11136E-05 -3.61631E-05 1.38791E-05 -2.62534E-05 -3.61193E-05 1.40983E-05 -9.13760E-06 -3.59095E-05 
1.56640E-05 -8.30530E-06 -3.63978E-05 1.61948E-05 -2.70734E-05 -3.62833E-05 1.72070E-05 -7.77400E-06 -3.67552E-05 
1.75131E-05 -2.71927E-05 -3.58699E-05 1.90104E-05 -2.71181E-05 -3.56081E-05 1.83826E-05 -7.63400E-06 -3.57022E-05 
2.04357E-05 -2.68894E-05 -3.56804E-05 2.06440E-05 -8.69880E-06 -3.22895E-05 2.16491E-05 -2.64800E-05 -3.56430E-05 
2.31553E-05 -8.38970E-06 -3.54955E-05 2.43432E-05 -9.01150E-06 -3.58728E-05 9.89720E-06 -1.43312E-05 -3.85822E-05 
2.69862E-05 -2.17409E-05 -3.55792E-05 2.80580E-05 -1.90892E-05 -3.56396E-05 2.82712E-05 -1.77133E-05 -3.54937E-05 
1.19720E-05 -1.93985E-05 -4.40939E-05 2.82465E-05 -1.63547E-05 -3.50904E-05 2.80044E-05 -1.41639E-05 -3.56068E-05 
2.76433E-05 -1.30651E-05 -3.55745E-05 2.16473E-05 -7.96900E-06 -3.49208E-05 9.56967E-06 -2.13204E-05 -3.72346E-05 
9.22143E-06 -1.98591E-05 -3.69072E-05 1.01421E-05 -2.26055E-05 -3.73354E-05 2.45355E-05 -2.18039E-05 -3.07796E-05 
9.10137E-06 -1.74705E-05 -3.79965E-05 1.16389E-05 -2.45386E-05 -3.62289E-05 1.22925E-05 -1.04872E-05 -3.67523E-05 
1.36093E-05 -2.62004E-05 -3.73756E-05 1.32542E-05 -9.64630E-06 -3.70041E-05 1.48006E-05 -2.67221E-05 -3.67744E-05 
1.58515E-05 -2.70597E-05 -3.75114E-05 2.29013E-05 -1.58059E-05 -4.54433E-05 1.83946E-05 -7.55400E-06 -3.70521E-05 
1.84094E-05 -2.73044E-05 -3.68508E-05 1.97079E-05 -2.71630E-05 -3.70292E-05 1.95937E-05 -7.50500E-06 -3.64860E-05 
2.26459E-05 -2.61329E-05 -3.63956E-05 2.22514E-05 -7.95400E-06 -3.68039E-05 2.19165E-05 -1.03171E-05 -4.28671E-05 
2.35615E-05 -8.52160E-06 -3.67298E-05 1.86062E-05 -1.71430E-05 -2.76689E-05 1.27504E-05 -1.56234E-05 -2.95489E-05 
2.65590E-05 -1.09964E-05 -3.64994E-05 2.69585E-05 -1.18410E-05 -3.52283E-05 2.83321E-05 -1.82795E-05 -3.68835E-05 
2.84563E-05 -1.67266E-05 -3.66984E-05 2.83105E-05 -1.52885E-05 -3.62333E-05 2.80016E-05 -1.38520E-05 -3.69709E-05 
2.73890E-05 -1.23272E-05 -3.67303E-05 9.37062E-06 -2.04762E-05 -3.84028E-05 9.11187E-06 -1.89879E-05 -3.81538E-05 
2.16633E-05 -2.64313E-05 -3.90676E-05 9.83611E-06 -2.18273E-05 -3.85778E-05 1.48908E-05 -1.81086E-05 -4.59752E-05 
1.04475E-05 -1.29469E-05 -3.76287E-05 1.14854E-05 -1.56406E-05 -3.08793E-05 1.05654E-05 -2.31538E-05 -3.87327E-05 
1.22059E-05 -2.51792E-05 -3.75401E-05 2.18011E-05 -2.20581E-05 -4.50114E-05 1.24630E-05 -1.03959E-05 -3.80113E-05 
1.40761E-05 -2.63521E-05 -3.87232E-05 1.36292E-05 -9.53880E-06 -3.84509E-05 1.48879E-05 -2.67557E-05 -3.80921E-05 
1.48796E-05 -8.93510E-06 -3.90834E-05 1.72598E-05 -2.72830E-05 -3.77117E-05 1.78254E-05 -7.74600E-06 -3.82438E-05 
1.87571E-05 -2.72610E-05 -3.79334E-05 1.92031E-05 -7.56300E-06 -3.79645E-05 2.00309E-05 -2.70043E-05 -3.86033E-05 
2.13048E-05 -2.67644E-05 -3.72623E-05 2.06987E-05 -7.62900E-06 -3.75072E-05 2.25238E-05 -2.62114E-05 -3.78272E-05 
2.36307E-05 -2.55827E-05 -3.73465E-05 2.47622E-05 -2.47248E-05 -3.69202E-05 2.46694E-05 -9.20380E-06 -3.72530E-05 
2.58069E-05 -2.36709E-05 -3.68540E-05 2.67075E-05 -2.24653E-05 -3.69537E-05 2.74441E-05 -2.11503E-05 -3.69726E-05 
2.68611E-05 -1.16034E-05 -3.81256E-05 2.33732E-05 -8.58240E-06 -3.82825E-05 2.79617E-05 -1.98031E-05 -3.69508E-05 
2.82908E-05 -1.55527E-05 -3.80117E-05 2.75430E-05 -1.28412E-05 -3.80002E-05 9.36455E-06 -1.95104E-05 -3.94871E-05 
9.27832E-06 -1.81043E-05 -3.93960E-05 9.35064E-06 -1.68597E-05 -3.92604E-05 1.03344E-05 -2.22807E-05 -3.98875E-05 
9.72515E-06 -2.09256E-05 -3.96956E-05 1.52569E-05 -1.15341E-05 -2.99889E-05 1.06023E-05 -1.30911E-05 -3.91517E-05 
1.29325E-05 -2.56522E-05 -3.88572E-05 1.16801E-05 -2.44898E-05 -3.90780E-05 2.75904E-05 -2.04629E-05 -3.56124E-05 
1.18613E-05 -1.12465E-05 -3.90227E-05 1.29651E-05 -1.02988E-05 -3.94344E-05 1.40342E-05 -9.62340E-06 -3.97093E-05 
1.60091E-05 -2.70276E-05 -3.85696E-05 1.83972E-05 -2.71640E-05 -3.90296E-05 2.17636E-05 -8.00580E-06 -3.85658E-05 
2.33275E-05 -2.56268E-05 -3.89495E-05 2.32910E-05 -1.19896E-05 -2.96599E-05 2.43680E-05 -2.49905E-05 -3.81697E-05 
2.52695E-05 -2.41810E-05 -3.82292E-05 2.72402E-05 -1.27168E-05 -3.91961E-05 2.62061E-05 -2.30758E-05 -3.83426E-05 
2.69977E-05 -2.18231E-05 -3.83830E-05 2.76587E-05 -2.04502E-05 -3.83639E-05 2.81169E-05 -1.89185E-05 -3.82909E-05 
2.47952E-05 -9.55620E-06 -3.87511E-05 2.78372E-05 -1.40326E-05 -3.88190E-05 9.58870E-06 -1.87276E-05 -4.04559E-05 
1.38452E-05 -1.66407E-05 -2.85542E-05 1.03180E-05 -2.13871E-05 -4.09417E-05 2.50619E-05 -2.41991E-05 -3.53227E-05 
1.31806E-05 -1.36109E-05 -4.37055E-05 1.10592E-05 -2.34048E-05 -3.99692E-05 1.04823E-05 -1.40182E-05 -4.03006E-05 
1.18759E-05 -2.40231E-05 -4.07612E-05 1.24455E-05 -1.12206E-05 -4.04331E-05 1.27767E-05 -2.51130E-05 -4.02825E-05 
1.39679E-05 -2.60319E-05 -3.98737E-05 1.37617E-05 -1.02927E-05 -4.08455E-05 1.96847E-05 -2.04441E-05 -4.62490E-05 
2.31462E-05 -1.61292E-05 -2.81601E-05 1.52609E-05 -2.18724E-05 -2.89567E-05 1.61200E-05 -8.68860E-06 -4.00537E-05 
1.75318E-05 -8.13830E-06 -3.96121E-05 1.93294E-05 -2.68678E-05 -3.99186E-05 1.99626E-05 -8.11750E-06 -4.00225E-05 
2.04486E-05 -2.65936E-05 -3.99816E-05 2.11626E-05 -8.25480E-06 -3.99536E-05 1.24553E-05 -2.15770E-05 -4.38229E-05 
2.24902E-05 -2.57645E-05 -4.01554E-05 2.25489E-05 -8.60510E-06 -3.97281E-05 2.35566E-05 -2.50254E-05 -4.04023E-05 
2.37818E-05 -9.24630E-06 -3.98081E-05 2.45221E-05 -2.46336E-05 -3.93990E-05 2.54774E-05 -2.35833E-05 -3.96378E-05 
1.33276E-05 -2.29575E-05 -4.36533E-05 2.47847E-05 -1.00187E-05 -3.99892E-05 2.63639E-05 -2.23764E-05 -3.97280E-05 
2.71240E-05 -2.10204E-05 -3.96794E-05 2.70193E-05 -2.02879E-05 -4.07427E-05 1.45906E-05 -8.82070E-06 -3.75344E-05 
2.66064E-05 -1.18226E-05 -3.95694E-05 2.76766E-05 -1.94204E-05 -3.97302E-05 2.80764E-05 -1.79870E-05 -3.92989E-05 
2.80762E-05 -1.67476E-05 -3.94931E-05 2.77930E-05 -1.52655E-05 -3.99602E-05 2.58226E-05 -1.07085E-05 -3.93736E-05 
1.00301E-05 -1.88132E-05 -4.14961E-05 9.35104E-06 -1.58969E-05 -3.81517E-05 9.83691E-06 -1.99942E-05 -4.07354E-05 
1.02875E-05 -1.55541E-05 -4.11899E-05 1.11460E-05 -2.27705E-05 -4.11990E-05 1.10764E-05 -1.44128E-05 -4.18458E-05 
1.13093E-05 -1.32306E-05 -4.11592E-05 1.21633E-05 -1.22205E-05 -4.14116E-05 1.28715E-05 -2.45353E-05 -4.15419E-05 
1.30179E-05 -1.13901E-05 -4.15428E-05 1.40472E-05 -1.09938E-05 -4.21483E-05 1.50337E-05 -2.62398E-05 -4.06179E-05 
1.50243E-05 -1.00702E-05 -4.17650E-05 1.63229E-05 -2.65939E-05 -4.06029E-05 1.61501E-05 -9.34070E-06 -4.14425E-05 
1.73577E-05 -9.68890E-06 -4.24790E-05 1.96291E-05 -1.02014E-05 -4.32892E-05 1.75083E-05 -8.77690E-06 -4.11559E-05 
1.69125E-05 -1.07155E-05 -4.35121E-05 1.89201E-05 -8.34080E-06 -4.06523E-05 1.97289E-05 -2.63858E-05 -4.10703E-05 
2.05202E-05 -8.75060E-06 -4.12378E-05 2.13143E-05 -2.60521E-05 -4.08469E-05 2.19532E-05 -8.94770E-06 -4.09737E-05 
2.25152E-05 -2.52820E-05 -4.12692E-05 2.30206E-05 -9.26440E-06 -4.07182E-05 2.34895E-05 -2.44668E-05 -4.15734E-05 
2.45552E-05 -2.40439E-05 -4.07387E-05 2.54260E-05 -2.27975E-05 -4.11296E-05 2.60829E-05 -1.16834E-05 -4.05503E-05 
2.51735E-05 -1.08631E-05 -4.08342E-05 2.64050E-05 -2.14434E-05 -4.09533E-05 2.67724E-05 -1.34854E-05 -4.11166E-05 
2.67709E-05 -1.26411E-05 -4.03752E-05 2.76873E-05 -1.78382E-05 -4.05583E-05 2.76685E-05 -1.65435E-05 -4.06280E-05 
2.72751E-05 -1.57634E-05 -4.13101E-05 1.06241E-05 -1.90000E-05 -4.25220E-05 1.04506E-05 -1.77621E-05 -4.22779E-05 
1.04814E-05 -1.65406E-05 -4.20166E-05 1.09704E-05 -2.16187E-05 -4.19916E-05 1.76098E-05 -9.98390E-06 -3.04602E-05 
1.10377E-05 -2.39255E-05 -3.75191E-05 1.09462E-05 -1.56053E-05 -4.23556E-05 1.18691E-05 -2.24263E-05 -4.26516E-05 
2.58068E-05 -1.79754E-05 -4.34727E-05 1.21015E-05 -1.34178E-05 -4.24764E-05 1.31583E-05 -1.22548E-05 -4.26476E-05 
1.44804E-05 -1.16616E-05 -4.31918E-05 1.56700E-05 -2.60058E-05 -4.15703E-05 1.51048E-05 -2.53271E-05 -4.23915E-05 
1.50481E-05 -1.07549E-05 -4.26527E-05 1.60926E-05 -1.02078E-05 -4.26012E-05 1.70846E-05 -2.61160E-05 -4.18831E-05 
2.63120E-05 -2.02587E-05 -4.20242E-05 1.86808E-05 -2.59535E-05 -4.22236E-05 2.03651E-05 -2.56607E-05 -4.21788E-05 
2.15934E-05 -2.53295E-05 -4.20178E-05 2.15528E-05 -9.39880E-06 -4.18922E-05 2.24582E-05 -2.46438E-05 -4.23999E-05 
2.27213E-05 -9.75720E-06 -4.17483E-05 2.33219E-05 -2.39310E-05 -4.25108E-05 1.82671E-05 -1.03520E-05 -4.34398E-05 
2.42574E-05 -2.35255E-05 -4.19648E-05 2.47178E-05 -2.25985E-05 -4.23990E-05 2.55594E-05 -2.16529E-05 -4.21615E-05 
2.61464E-05 -1.26518E-05 -4.14726E-05 2.54448E-05 -1.18069E-05 -4.15351E-05 2.71513E-05 -1.91577E-05 -4.12534E-05 
2.71369E-05 -1.80511E-05 -4.16552E-05 2.72663E-05 -1.70289E-05 -4.15066E-05 2.15000E-05 -1.48234E-05 -4.57644E-05 
2.62838E-05 -1.37993E-05 -4.21182E-05 1.14348E-05 -2.11002E-05 -4.30030E-05 1.12209E-05 -1.97905E-05 -4.32276E-05 
1.11934E-05 -1.84158E-05 -4.33546E-05 1.19184E-05 -2.04752E-05 -4.37786E-05 1.54144E-05 -2.46982E-05 -4.33463E-05 
1.20279E-05 -1.49692E-05 -4.33685E-05 1.53775E-05 -2.16215E-05 -4.54989E-05 2.00813E-05 -1.86993E-05 -4.64593E-05 
1.62216E-05 -2.06020E-05 -2.81632E-05 1.14011E-05 -1.14710E-05 -3.75419E-05 1.41151E-05 -1.26604E-05 -4.37309E-05 
1.52593E-05 -1.23366E-05 -4.41992E-05 1.56924E-05 -1.11917E-05 -4.34777E-05 1.62584E-05 -2.54855E-05 -4.26834E-05 
1.74435E-05 -2.54487E-05 -4.29572E-05 2.42243E-05 -1.75076E-05 -2.88152E-05 1.90710E-05 -1.53824E-05 -2.76795E-05 
1.96955E-05 -2.51073E-05 -4.31908E-05 2.05591E-05 -9.73960E-06 -4.26493E-05 1.89576E-05 -9.27630E-06 -4.22310E-05 
2.43565E-05 -2.05715E-05 -4.41187E-05 2.80248E-05 -1.50395E-05 -3.46377E-05 2.25500E-05 -2.37744E-05 -4.33213E-05 
2.37643E-05 -2.28896E-05 -4.31618E-05 2.33983E-05 -1.08154E-05 -4.25102E-05 2.46591E-05 -2.17957E-05 -4.31535E-05 
2.02427E-05 -1.71417E-05 -2.76629E-05 2.53778E-05 -2.07634E-05 -4.29904E-05 2.73412E-05 -1.37379E-05 -4.01071E-05 
2.65220E-05 -1.87490E-05 -4.24351E-05 2.08051E-05 -2.54020E-05 -3.19485E-05 2.52793E-05 -1.27824E-05 -4.26216E-05 
2.67044E-05 -1.74318E-05 -4.24247E-05 2.68396E-05 -1.64044E-05 -4.21859E-05 2.65558E-05 -1.52051E-05 -4.23168E-05 
1.21195E-05 -1.79404E-05 -4.42739E-05 1.63081E-05 -1.08057E-05 -3.00960E-05 1.85507E-05 -1.74780E-05 -4.66298E-05 
1.50497E-05 -1.05432E-05 -3.11614E-05 1.27811E-05 -1.64822E-05 -4.45840E-05 1.45846E-05 -2.37924E-05 -4.37875E-05 
1.46417E-05 -1.35925E-05 -4.46741E-05 2.40529E-05 -1.46186E-05 -4.45315E-05 1.68403E-05 -2.47631E-05 -4.37058E-05 
1.66420E-05 -1.17785E-05 -4.43301E-05 1.03828E-05 -1.76614E-05 -3.21375E-05 1.83838E-05 -2.48618E-05 -4.36959E-05 
1.77435E-05 -2.36732E-05 -4.47579E-05 1.79695E-05 -1.14801E-05 -4.43798E-05 1.97464E-05 -2.40196E-05 -4.43267E-05 
1.37650E-05 -2.16476E-05 -4.47407E-05 2.32413E-05 -9.12900E-06 -3.31421E-05 1.92637E-05 -1.12452E-05 -4.42645E-05 
2.08842E-05 -1.09875E-05 -4.38407E-05 9.73092E-06 -1.55994E-05 -3.97435E-05 2.05461E-05 -1.25041E-05 -2.83129E-05 
1.49828E-05 -9.39570E-06 -4.05236E-05 2.37952E-05 -2.18789E-05 -4.38841E-05 1.72957E-05 -1.93027E-05 -2.76174E-05 
2.55635E-05 -1.95222E-05 -4.33471E-05 2.50652E-05 -1.57297E-05 -4.40309E-05 2.54696E-05 -1.45150E-05 -4.33474E-05 
2.44348E-05 -1.34154E-05 -4.37347E-05 1.47178E-05 -9.44850E-06 -3.34153E-05 2.60404E-05 -1.63102E-05 -4.32264E-05 
1.28779E-05 -1.90429E-05 -4.48828E-05 1.84952E-05 -1.91912E-05 -4.65557E-05 1.30702E-05 -1.78230E-05 -4.50001E-05 
1.51805E-05 -2.66690E-05 -3.94581E-05 1.36767E-05 -2.00073E-05 -4.52541E-05 1.38217E-05 -1.86152E-05 -4.54992E-05 
1.39106E-05 -1.73042E-05 -4.54581E-05 1.40079E-05 -1.61531E-05 -4.53066E-05 1.35845E-05 -1.09005E-05 -3.21256E-05 
1.47739E-05 -2.27764E-05 -4.46424E-05 1.47798E-05 -1.51896E-05 -4.54067E-05 2.57141E-05 -1.37743E-05 -3.07282E-05 
1.58815E-05 -2.38001E-05 -4.43506E-05 1.59555E-05 -1.43829E-05 -4.55748E-05 1.61886E-05 -1.30580E-05 -4.50273E-05 
2.38266E-05 -2.08614E-05 -2.95216E-05 1.73136E-05 -1.38909E-05 -4.57135E-05 1.41421E-05 -2.55030E-05 -4.13515E-05 
1.75857E-05 -1.26144E-05 -4.51016E-05 1.90566E-05 -2.29230E-05 -4.52293E-05 1.89617E-05 -1.24381E-05 -4.50986E-05 
2.03712E-05 -2.26367E-05 -4.51664E-05 1.99136E-05 -1.37300E-05 -4.57057E-05 2.03419E-05 -1.22568E-05 -4.49003E-05 
2.06907E-05 -2.13397E-05 -4.57226E-05 2.15229E-05 -1.32594E-05 -4.51642E-05 1.69071E-05 -2.70226E-05 -3.94548E-05 
2.19222E-05 -2.06343E-05 -4.55585E-05 2.26159E-05 -1.42480E-05 -4.51661E-05 2.16771E-05 -1.21882E-05 -4.45024E-05 
2.30591E-05 -2.13063E-05 -4.47143E-05 2.32527E-05 -1.98611E-05 -4.51418E-05 2.37749E-05 -1.72329E-05 -4.51186E-05 
2.30339E-05 -1.30233E-05 -4.44240E-05 2.02969E-05 -7.79400E-06 -3.88852E-05 2.45119E-05 -1.86957E-05 -4.45075E-05 
2.41821E-05 -1.60115E-05 -4.47382E-05 2.27804E-05 -2.25851E-05 -4.41637E-05 2.49760E-05 -1.70379E-05 -4.42632E-05 
1.46805E-05 -2.06566E-05 -4.55513E-05 1.47635E-05 -1.94035E-05 -4.58786E-05 1.10273E-05 -1.22354E-05 -3.87006E-05 
1.51868E-05 -1.66927E-05 -4.59508E-05 1.63309E-05 -2.25415E-05 -4.53095E-05 2.19846E-05 -1.71746E-05 -2.77776E-05 
1.58352E-05 -2.02075E-05 -4.60813E-05 1.59533E-05 -1.88918E-05 -4.63023E-05 1.59715E-05 -1.77058E-05 -4.63157E-05 
1.59268E-05 -1.56315E-05 -4.59520E-05 1.78992E-05 -2.22026E-05 -4.56730E-05 1.68210E-05 -2.12025E-05 -4.59828E-05 
1.70882E-05 -1.97924E-05 -4.64057E-05 1.68397E-05 -1.67183E-05 -4.64184E-05 1.70914E-05 -1.52301E-05 -4.61455E-05 
1.82518E-05 -2.08383E-05 -4.62200E-05 1.71384E-05 -1.82841E-05 -4.65361E-05 1.80770E-05 -1.60270E-05 -4.64383E-05 
1.84878E-05 -1.34759E-05 -4.56284E-05 1.93516E-05 -2.18014E-05 -4.58004E-05 2.54357E-05 -2.32615E-05 -3.39068E-05 
1.38864E-05 -2.44454E-05 -4.27012E-05 2.40346E-05 -2.45462E-05 -3.37867E-05 1.91092E-05 -1.61021E-05 -4.64553E-05 
2.14517E-05 -1.62858E-05 -4.61003E-05 2.45861E-05 -1.14177E-05 -4.21405E-05 2.01074E-05 -1.69447E-05 -4.64694E-05 
1.76869E-05 -1.27343E-05 -2.82856E-05 2.08944E-05 -2.00672E-05 -4.60817E-05 2.45295E-05 -1.28268E-05 -3.00213E-05 
2.12305E-05 -1.77083E-05 -4.62331E-05 2.19423E-05 -1.90088E-05 -4.59301E-05 2.32611E-05 -1.84408E-05 -4.53867E-05 
2.24874E-05 -1.73968E-05 -4.57789E-05 2.25078E-05 -1.15648E-05 -4.37290E-05 1.79010E-05 -2.60391E-05 -3.23849E-05 
2.61731E-05 -2.29654E-05 -3.54471E-05 1.61876E-05 -8.18840E-06 -3.82714E-05 1.89921E-05 -8.78400E-06 -3.19398E-05 
2.36799E-05 -1.48965E-05 -1.13047E-05 2.21847E-05 -1.94253E-05 -1.19355E-05 2.31045E-05 -1.75968E-05 -1.18972E-05 
2.29862E-05 -1.62317E-05 -1.18983E-05 2.20961E-05 -1.51675E-05 -1.19337E-05 2.21410E-05 -1.83428E-05 -1.20978E-05 
2.11917E-05 -1.38264E-05 -1.18777E-05 9.64590E-06 -1.73742E-05 -1.73440E-06 2.53094E-05 -2.03491E-05 4.61010E-06 
2.03308E-05 -2.08434E-05 -1.18947E-05 1.83819E-05 -1.14508E-05 -1.10483E-05 1.96911E-05 -1.39553E-05 -1.20548E-05 
1.40772E-05 -1.21787E-05 3.41330E-06 1.90358E-05 -2.02025E-05 -1.20761E-05 1.87886E-05 -1.88169E-05 -1.22379E-05 
1.89961E-05 -1.25699E-05 -1.17103E-05 1.75473E-05 -1.94354E-05 -1.21304E-05 2.05402E-05 -1.61157E-05 -1.22329E-05 
1.79145E-05 -1.54012E-05 6.31900E-06 1.82148E-05 -1.37191E-05 -1.20860E-05 1.64096E-05 -1.84210E-05 -1.21150E-05 
2.55820E-05 -2.36105E-05 2.31920E-06 1.72224E-05 -1.52030E-05 -1.22328E-05 1.66855E-05 -1.37238E-05 -1.18902E-05 
1.57425E-05 -1.49964E-05 -1.19595E-05 2.41288E-05 -1.92937E-05 -1.11700E-05 2.42126E-05 -1.81082E-05 -1.12731E-05 
2.06205E-05 -1.77160E-05 -1.22582E-05 2.35140E-05 -1.29330E-05 -1.05155E-05 2.33141E-05 -2.02838E-05 -1.13366E-05 
2.24813E-05 -1.36695E-05 -1.14617E-05 1.26634E-05 -1.86964E-05 -9.95604E-06 2.06320E-05 -1.09780E-05 -1.03860E-05 
2.09577E-05 -2.23814E-05 -1.11819E-05 1.98481E-05 -1.16826E-05 -1.11329E-05 1.90862E-05 -2.20628E-05 -1.14616E-05 
1.76537E-05 -2.25025E-05 -1.10586E-05 1.73452E-05 -2.12136E-05 -1.16238E-05 1.65974E-05 -2.22690E-05 -1.08905E-05 
2.56361E-05 -2.22924E-05 -8.63270E-06 1.69782E-05 -1.13984E-05 -1.07954E-05 1.56045E-05 -2.14027E-05 -1.09739E-05 
1.61095E-05 -1.99724E-05 -1.17129E-05 1.50220E-05 -1.88273E-05 -1.15726E-05 1.54462E-05 -1.38230E-05 -1.15590E-05 
1.59160E-05 -1.25085E-05 -1.11808E-05 1.49129E-05 -2.01429E-05 -1.11597E-05 2.53675E-05 -1.20833E-05 -8.07450E-06 
1.45235E-05 -1.47198E-05 -1.13844E-05 1.45029E-05 -1.33446E-05 -1.09277E-05 1.37797E-05 -1.57775E-05 -1.10889E-05 
2.47665E-05 -2.00532E-05 -1.06029E-05 2.50700E-05 -1.87396E-05 -1.06949E-05 2.51829E-05 -1.73993E-05 -1.06655E-05 
2.41563E-05 -2.14423E-05 -1.04356E-05 2.45952E-05 -1.40058E-05 -1.02984E-05 1.90302E-05 -7.83900E-06 -6.66300E-07 
2.22028E-05 -2.32587E-05 -1.02564E-05 1.09250E-05 -1.45450E-05 1.31910E-06 2.09231E-05 -2.36734E-05 -1.02874E-05 
1.96684E-05 -2.34226E-05 -1.06173E-05 1.92134E-05 -1.04379E-05 -1.01617E-05 1.94602E-05 -9.55310E-06 -9.06419E-06 
1.83485E-05 -2.32535E-05 -1.06779E-05 1.78333E-05 -1.06052E-05 -1.02671E-05 1.58253E-05 -9.09450E-06 -7.60070E-06 
1.66263E-05 -1.04183E-05 -9.83297E-06 1.58106E-05 -1.13446E-05 -1.03471E-05 2.82207E-05 -1.72003E-05 8.96401E-07 
1.38372E-05 -1.94317E-05 -1.07561E-05 1.94176E-05 -1.48066E-05 6.25250E-06 1.33018E-05 -1.44289E-05 -1.04840E-05 
1.24790E-05 -1.73399E-05 -1.00079E-05 1.28026E-05 -1.61027E-05 -1.03669E-05 2.58703E-05 -1.93274E-05 -9.85267E-06 
2.59058E-05 -1.81803E-05 -1.00102E-05 2.61589E-05 -1.69987E-05 -9.76684E-06 2.55037E-05 -2.09564E-05 -9.60421E-06 
2.56887E-05 -1.42428E-05 -9.35260E-06 2.48499E-05 -1.28778E-05 -9.35668E-06 2.46390E-05 -2.23235E-05 -9.53094E-06 
2.40139E-05 -1.16661E-05 -9.10780E-06 2.85910E-05 -1.94184E-05 -4.78740E-06 2.29977E-05 -2.37837E-05 -9.46408E-06 
2.16960E-05 -2.44835E-05 -9.34424E-06 2.66560E-05 -1.67368E-05 3.36430E-06 2.06919E-05 -2.51905E-05 -8.73650E-06 
2.01296E-05 -2.44708E-05 -9.68861E-06 1.84972E-05 -2.43060E-05 -9.79255E-06 1.79183E-05 -9.59290E-06 -9.16497E-06 
1.62885E-05 -9.59680E-06 -8.70510E-06 1.56322E-05 -2.27976E-05 -1.00407E-05 1.51036E-05 -1.06822E-05 -9.35651E-06 
1.45910E-05 -2.20887E-05 -9.90884E-06 1.30050E-05 -2.02407E-05 -9.68486E-06 1.37293E-05 -1.15525E-05 -9.13865E-06 
1.22500E-05 -1.51307E-05 -9.63077E-06 1.70590E-05 -7.66500E-06 -3.76960E-06 1.17574E-05 -1.79733E-05 -9.11355E-06 
1.22171E-05 -1.02123E-05 -2.14820E-06 2.68134E-05 -1.82889E-05 -8.99080E-06 2.69489E-05 -1.68793E-05 -8.76220E-06 
2.63832E-05 -2.11996E-05 -8.51010E-06 2.66449E-05 -1.99118E-05 -8.81750E-06 2.15588E-05 -9.79840E-06 -8.71200E-06 
2.58758E-05 -1.31485E-05 -8.42640E-06 2.51904E-05 -2.55657E-05 -3.73740E-06 2.43671E-05 -2.36329E-05 -8.61230E-06 
1.64969E-05 -2.33722E-05 4.35640E-06 2.29623E-05 -2.45950E-05 -8.58710E-06 2.71858E-05 -2.06848E-05 -7.68550E-06 
1.93639E-05 -2.52430E-05 -8.78820E-06 2.04119E-05 -9.20960E-06 -8.34910E-06 1.80478E-05 -2.51563E-05 -8.65380E-06 
1.70238E-05 -2.45570E-05 -9.06272E-06 1.57670E-05 -2.39042E-05 -9.10201E-06 1.44590E-05 -2.30560E-05 -8.97510E-06 
1.49092E-05 -9.77570E-06 -8.05680E-06 2.74610E-05 -2.03106E-05 2.13970E-06 1.40047E-05 -1.06376E-05 -8.38320E-06 
1.25143E-05 -2.08318E-05 -8.74040E-06 1.28180E-05 -1.23409E-05 -8.84050E-06 1.11324E-05 -1.71613E-05 -8.32150E-06 
1.17356E-05 -1.64220E-05 -9.22628E-06 1.16067E-05 -1.51485E-05 -8.83220E-06 2.46402E-05 -1.49958E-05 4.64470E-06 
1.41092E-05 -2.52623E-05 -4.27560E-06 2.75458E-05 -1.92016E-05 -7.74670E-06 2.74381E-05 -1.59278E-05 -7.72740E-06 
2.65925E-05 -2.20228E-05 -7.60130E-06 2.67941E-05 -1.42590E-05 -7.92850E-06 2.63360E-05 -1.26974E-05 -7.25250E-06 
2.57297E-05 -2.33153E-05 -7.52040E-06 1.70276E-05 -2.34942E-05 -1.01675E-05 2.49018E-05 -2.43174E-05 -7.24240E-06 
1.39480E-05 -1.01022E-05 1.21050E-06 2.36411E-05 -2.51113E-05 -7.36070E-06 2.35203E-05 -1.00227E-05 -7.40640E-06 
2.52233E-05 -1.02531E-05 -4.68550E-06 2.24217E-05 -9.54560E-06 -7.64920E-06 2.13352E-05 -9.09580E-06 -7.64680E-06 
2.15649E-05 -1.21218E-05 -1.09933E-05 1.85683E-05 -2.57953E-05 -7.85060E-06 2.66722E-05 -1.23517E-05 1.56900E-07 
1.59989E-05 -2.48683E-05 -8.01410E-06 1.15833E-05 -2.20838E-05 -5.71360E-06 1.46693E-05 -2.41419E-05 -7.85090E-06 
1.33283E-05 -2.30576E-05 -7.67070E-06 1.37351E-05 -1.01447E-05 -7.40540E-06 1.26314E-05 -2.17785E-05 -8.10090E-06 
1.27701E-05 -1.13189E-05 -7.79870E-06 1.24596E-05 -9.92030E-06 -3.70090E-06 1.18843E-05 -2.09091E-05 -7.79090E-06 
1.18736E-05 -1.96499E-05 -8.64520E-06 1.10185E-05 -1.83872E-05 -7.84730E-06 1.18534E-05 -1.27869E-05 -7.91900E-06 
1.05146E-05 -1.71929E-05 -7.18650E-06 1.08687E-05 -1.58477E-05 -7.82780E-06 1.12879E-05 -1.42291E-05 -7.97290E-06 
2.79628E-05 -2.00710E-05 -6.40070E-06 2.82203E-05 -1.83990E-05 -6.40210E-06 2.81508E-05 -1.66744E-05 -6.38880E-06 
2.74127E-05 -2.16443E-05 -6.46650E-06 2.77586E-05 -1.49755E-05 -6.47410E-06 2.71973E-05 -1.34948E-05 -6.31950E-06 
2.58294E-05 -2.40849E-05 -6.30840E-06 2.67019E-05 -2.29443E-05 -6.41260E-06 2.66569E-05 -1.23848E-05 -6.05080E-06 
2.56201E-05 -1.12784E-05 -6.50050E-06 2.44252E-05 -1.01773E-05 -6.44150E-06 2.37600E-05 -2.58059E-05 -5.97070E-06 
2.47262E-05 -2.50910E-05 -6.21920E-06 2.25970E-05 -2.61491E-05 -6.32410E-06 2.18994E-05 -8.77730E-06 -6.50870E-06 
2.12809E-05 -2.63500E-05 -6.62950E-06 1.99195E-05 -2.67032E-05 8.17700E-07 2.03496E-05 -8.44140E-06 -6.82870E-06 
1.88560E-05 -2.63718E-05 -6.75230E-06 1.85730E-05 -8.15360E-06 -6.59160E-06 1.73092E-05 -8.09910E-06 -6.18520E-06 
1.76216E-05 -2.61224E-05 -6.85200E-06 1.62870E-05 -2.56762E-05 -6.79430E-06 1.61315E-05 -8.47230E-06 -6.49280E-06 
1.52001E-05 -2.50965E-05 -6.83290E-06 1.36196E-05 -9.64950E-06 -6.29600E-06 1.21683E-05 -2.20976E-05 -7.00310E-06 
1.26539E-05 -1.05324E-05 -6.40160E-06 1.14521E-05 -2.11245E-05 -6.69640E-06 1.10279E-05 -1.98238E-05 -7.07720E-06 
1.16079E-05 -1.17755E-05 -6.35250E-06 1.04270E-05 -1.84610E-05 -6.57620E-06 1.01844E-05 -1.60565E-05 -6.31940E-06 
1.04911E-05 -1.47247E-05 -6.68720E-06 1.09640E-05 -1.33240E-05 -6.73060E-06 2.35657E-05 -2.27854E-05 -9.96186E-06 
2.81164E-05 -2.11083E-05 -5.12490E-06 2.86625E-05 -1.74710E-05 -4.89470E-06 2.84167E-05 -1.57322E-05 -4.90540E-06 
2.74750E-05 -2.25321E-05 -5.14310E-06 2.78928E-05 -1.41385E-05 -4.99640E-06 2.72332E-05 -1.27940E-05 -5.01400E-06 
2.66242E-05 -2.38177E-05 -5.09960E-06 2.64159E-05 -1.16060E-05 -4.96490E-06 2.44496E-05 -2.57989E-05 -4.95320E-06 
2.55765E-05 -2.49136E-05 -5.05180E-06 2.40037E-05 -9.49690E-06 -5.32640E-06 2.31704E-05 -2.64882E-05 -4.76120E-06 
2.27907E-05 -8.75380E-06 -5.16980E-06 2.15870E-05 -2.68112E-05 -5.21120E-06 2.10532E-05 -8.05460E-06 -5.04970E-06 
1.99872E-05 -2.67969E-05 -5.76770E-06 1.95791E-05 -7.89600E-06 -5.58460E-06 1.82423E-05 -2.67138E-05 -5.62680E-06 
1.68754E-05 -2.63772E-05 -5.56160E-06 1.53349E-05 -2.57469E-05 -5.36830E-06 1.51725E-05 -8.53220E-06 -5.70160E-06 
1.68105E-05 -2.46017E-05 3.35770E-06 1.40954E-05 -9.00510E-06 -5.42830E-06 2.32356E-05 -1.88999E-05 -1.16542E-05 
1.29992E-05 -9.70190E-06 -5.09960E-06 1.08834E-05 -2.08107E-05 -5.65050E-06 1.19280E-05 -1.06942E-05 -4.94610E-06 
1.03967E-05 -1.96092E-05 -5.58550E-06 1.00399E-05 -1.84598E-05 -5.35710E-06 1.00163E-05 -1.73543E-05 -5.82590E-06 
1.03484E-05 -1.38074E-05 -5.51770E-06 1.07901E-05 -1.27345E-05 -5.55010E-06 1.80967E-05 -7.70600E-06 -4.97550E-06 
2.89335E-05 -1.82244E-05 -3.27360E-06 2.88027E-05 -1.65872E-05 -3.33920E-06 2.80324E-05 -2.20085E-05 -3.89070E-06 
2.85026E-05 -2.07306E-05 -3.83800E-06 2.83319E-05 -1.46540E-05 -3.15900E-06 2.73122E-05 -2.33209E-05 -3.78930E-06 
2.76962E-05 -1.33001E-05 -3.83020E-06 2.19671E-05 -2.55270E-05 -7.83040E-06 2.70855E-05 -1.22055E-05 -3.68380E-06 
2.62518E-05 -1.11136E-05 -3.73690E-06 2.41209E-05 -2.62534E-05 -3.78070E-06 2.39017E-05 -9.13760E-06 -3.99050E-06 
2.23360E-05 -8.30530E-06 -3.50220E-06 2.18052E-05 -2.70734E-05 -3.61670E-06 2.07930E-05 -7.77400E-06 -3.14480E-06 
2.04869E-05 -2.71927E-05 -4.03010E-06 1.89896E-05 -2.71181E-05 -4.29190E-06 1.96174E-05 -7.63400E-06 -4.19780E-06 
1.75643E-05 -2.68894E-05 -4.21960E-06 1.73560E-05 -8.69880E-06 -7.61050E-06 1.63509E-05 -2.64800E-05 -4.25700E-06 
1.48446E-05 -8.38970E-06 -4.40450E-06 1.36568E-05 -9.01150E-06 -4.02720E-06 2.81028E-05 -1.43312E-05 -1.31780E-06 
1.10138E-05 -2.17409E-05 -4.32080E-06 9.94204E-06 -1.90892E-05 -4.26040E-06 9.72879E-06 -1.77133E-05 -4.40630E-06 
2.60280E-05 -1.93985E-05 4.19390E-06 9.75348E-06 -1.63547E-05 -4.80960E-06 9.99561E-06 -1.41639E-05 -4.29320E-06 
1.03567E-05 -1.30651E-05 -4.32550E-06 1.63527E-05 -7.96900E-06 -4.97920E-06 2.84303E-05 -2.13204E-05 -2.66540E-06 
2.87786E-05 -1.98591E-05 -2.99280E-06 2.78579E-05 -2.26055E-05 -2.56460E-06 1.34645E-05 -2.18039E-05 -9.12038E-06 
2.88986E-05 -1.74705E-05 -1.90350E-06 2.63611E-05 -2.45386E-05 -3.67110E-06 2.57075E-05 -1.04872E-05 -3.14770E-06 
2.43907E-05 -2.62004E-05 -2.52440E-06 2.47458E-05 -9.64630E-06 -2.89590E-06 2.31994E-05 -2.67221E-05 -3.12560E-06 
2.21485E-05 -2.70597E-05 -2.38860E-06 1.50987E-05 -1.58059E-05 5.54330E-06 1.96054E-05 -7.55400E-06 -2.84790E-06 
1.95906E-05 -2.73044E-05 -3.04920E-06 1.82921E-05 -2.71630E-05 -2.87080E-06 1.84063E-05 -7.50500E-06 -3.41400E-06 
1.53541E-05 -2.61329E-05 -3.50440E-06 1.57486E-05 -7.95400E-06 -3.09610E-06 1.60835E-05 -1.03171E-05 2.96710E-06 
1.44385E-05 -8.52160E-06 -3.17020E-06 1.93938E-05 -1.71430E-05 -1.22311E-05 2.52496E-05 -1.56234E-05 -1.03511E-05 
1.14410E-05 -1.09964E-05 -3.40060E-06 1.10415E-05 -1.18410E-05 -4.67170E-06 9.66785E-06 -1.82795E-05 -3.01650E-06 
9.54374E-06 -1.67266E-05 -3.20160E-06 9.68946E-06 -1.52885E-05 -3.66670E-06 9.99841E-06 -1.38520E-05 -2.92910E-06 
1.06110E-05 -1.23272E-05 -3.16970E-06 2.86294E-05 -2.04762E-05 -1.49720E-06 2.88881E-05 -1.89879E-05 -1.74620E-06 
1.63367E-05 -2.64313E-05 -8.32400E-07 2.81639E-05 -2.18273E-05 -1.32220E-06 2.31092E-05 -1.81086E-05 6.07520E-06 
2.75525E-05 -1.29469E-05 -2.27130E-06 2.65146E-05 -1.56406E-05 -9.02067E-06 2.74346E-05 -2.31538E-05 -1.16730E-06 
2.57941E-05 -2.51792E-05 -2.35990E-06 1.61989E-05 -2.20581E-05 5.11140E-06 2.55370E-05 -1.03959E-05 -1.88870E-06 
2.39239E-05 -2.63521E-05 -1.17680E-06 2.43708E-05 -9.53880E-06 -1.44910E-06 2.31121E-05 -2.67557E-05 -1.80790E-06 
2.31204E-05 -8.93510E-06 -8.16600E-07 2.07402E-05 -2.72830E-05 -2.18830E-06 2.01746E-05 -7.74600E-06 -1.65610E-06 
1.92429E-05 -2.72610E-05 -1.96660E-06 1.87969E-05 -7.56300E-06 -1.93550E-06 1.79691E-05 -2.70043E-05 -1.29670E-06 
1.66952E-05 -2.67644E-05 -2.63770E-06 1.73013E-05 -7.62900E-06 -2.39280E-06 1.54762E-05 -2.62114E-05 -2.07280E-06 
1.43693E-05 -2.55827E-05 -2.55350E-06 1.32378E-05 -2.47248E-05 -2.97980E-06 1.33306E-05 -9.20380E-06 -2.64700E-06 
1.21931E-05 -2.36709E-05 -3.04600E-06 1.12925E-05 -2.24653E-05 -2.94630E-06 1.05559E-05 -2.11503E-05 -2.92740E-06 
1.11389E-05 -1.16034E-05 -1.77440E-06 1.46268E-05 -8.58240E-06 -1.61750E-06 1.00383E-05 -1.98031E-05 -2.94920E-06 
9.70921E-06 -1.55527E-05 -1.88830E-06 1.04570E-05 -1.28412E-05 -1.89980E-06 2.86354E-05 -1.95104E-05 -4.12901E-07 
2.87217E-05 -1.81043E-05 -5.03999E-07 2.86494E-05 -1.68597E-05 -6.39599E-07 2.76656E-05 -2.22807E-05 -1.24991E-08 
2.82748E-05 -2.09256E-05 -2.04401E-07 2.27431E-05 -1.15341E-05 -9.91114E-06 2.73977E-05 -1.30911E-05 -7.48300E-07 
2.50675E-05 -2.56522E-05 -1.04280E-06 2.63199E-05 -2.44898E-05 -8.22000E-07 1.04096E-05 -2.04629E-05 -4.28760E-06 
2.61387E-05 -1.12465E-05 -8.77299E-07 2.50349E-05 -1.02988E-05 -4.65600E-07 2.39657E-05 -9.62340E-06 -1.90700E-07 
2.19909E-05 -2.70276E-05 -1.33040E-06 1.96028E-05 -2.71640E-05 -8.70400E-07 1.62364E-05 -8.00580E-06 -1.33420E-06 
1.46725E-05 -2.56268E-05 -9.50499E-07 1.47090E-05 -1.19896E-05 -1.02401E-05 1.36320E-05 -2.49905E-05 -1.73030E-06 
1.27305E-05 -2.41810E-05 -1.67080E-06 1.07598E-05 -1.27168E-05 -7.03901E-07 1.17939E-05 -2.30758E-05 -1.55740E-06 
1.10023E-05 -2.18231E-05 -1.51700E-06 1.03413E-05 -2.04502E-05 -1.53610E-06 9.88307E-06 -1.89185E-05 -1.60910E-06 
1.32048E-05 -9.55620E-06 -1.14890E-06 1.01628E-05 -1.40326E-05 -1.08100E-06 2.84113E-05 -1.87276E-05 5.55900E-07 
2.41548E-05 -1.66407E-05 -1.13458E-05 2.76820E-05 -2.13871E-05 1.04170E-06 1.29381E-05 -2.41991E-05 -4.57730E-06 
2.48194E-05 -1.36109E-05 3.80550E-06 2.69408E-05 -2.34048E-05 6.92008E-08 2.75177E-05 -1.40182E-05 4.00601E-07 
2.61240E-05 -2.40231E-05 8.61200E-07 2.55545E-05 -1.12206E-05 5.33099E-07 2.52233E-05 -2.51130E-05 3.82500E-07 
2.40320E-05 -2.60319E-05 -2.62998E-08 2.42383E-05 -1.02927E-05 9.45501E-07 1.83153E-05 -2.04441E-05 6.34900E-06 
1.48538E-05 -1.61292E-05 -1.17399E-05 2.27391E-05 -2.18724E-05 -1.09433E-05 2.18800E-05 -8.68860E-06 1.53700E-07 
2.04682E-05 -8.13830E-06 -2.87900E-07 1.86706E-05 -2.68678E-05 1.86001E-08 1.80374E-05 -8.11750E-06 1.22501E-07 
1.75514E-05 -2.65936E-05 8.16008E-08 1.68374E-05 -8.25480E-06 5.35993E-08 2.55447E-05 -2.15770E-05 3.92290E-06 
1.55098E-05 -2.57645E-05 2.55400E-07 1.54511E-05 -8.60510E-06 -1.71901E-07 1.44434E-05 -2.50254E-05 5.02300E-07 
1.42182E-05 -9.24630E-06 -9.18998E-08 1.34779E-05 -2.46336E-05 -5.01000E-07 1.25226E-05 -2.35833E-05 -2.62201E-07 
2.46724E-05 -2.29575E-05 3.75330E-06 1.32153E-05 -1.00187E-05 8.92006E-08 1.16361E-05 -2.23764E-05 -1.72001E-07 
1.08760E-05 -2.10204E-05 -2.20601E-07 1.09807E-05 -2.02879E-05 8.42701E-07 2.34094E-05 -8.82070E-06 -2.36560E-06 
1.13936E-05 -1.18226E-05 -3.30600E-07 1.03234E-05 -1.94204E-05 -1.69800E-07 9.92361E-06 -1.79870E-05 -6.01100E-07 
9.92384E-06 -1.67476E-05 -4.06900E-07 1.02070E-05 -1.52655E-05 6.02004E-08 1.21774E-05 -1.07085E-05 -5.26400E-07 
2.79699E-05 -1.88132E-05 1.59610E-06 2.86490E-05 -1.58969E-05 -1.74830E-06 2.81631E-05 -1.99942E-05 8.35399E-07 
2.77125E-05 -1.55541E-05 1.28990E-06 2.68540E-05 -2.27705E-05 1.29900E-06 2.69236E-05 -1.44128E-05 1.94580E-06 
2.66907E-05 -1.32306E-05 1.25920E-06 2.58367E-05 -1.22205E-05 1.51160E-06 2.51285E-05 -2.45353E-05 1.64190E-06 
2.49821E-05 -1.13901E-05 1.64280E-06 2.39528E-05 -1.09938E-05 2.24830E-06 2.29663E-05 -2.62398E-05 7.17900E-07 
2.29757E-05 -1.00702E-05 1.86500E-06 2.16771E-05 -2.65939E-05 7.02900E-07 2.18499E-05 -9.34070E-06 1.54250E-06 
2.06423E-05 -9.68890E-06 2.57900E-06 1.83709E-05 -1.02014E-05 3.38920E-06 2.04917E-05 -8.77690E-06 1.25590E-06 
2.10875E-05 -1.07155E-05 3.61210E-06 1.90799E-05 -8.34080E-06 7.52300E-07 1.82711E-05 -2.63858E-05 1.17030E-06 
1.74798E-05 -8.75060E-06 1.33780E-06 1.66857E-05 -2.60521E-05 9.46900E-07 1.60468E-05 -8.94770E-06 1.07370E-06 
1.54848E-05 -2.52820E-05 1.36920E-06 1.49794E-05 -9.26440E-06 8.18201E-07 1.45105E-05 -2.44668E-05 1.67340E-06 
1.34448E-05 -2.40439E-05 8.38701E-07 1.25740E-05 -2.27975E-05 1.22960E-06 1.19171E-05 -1.16834E-05 6.50301E-07 
1.28265E-05 -1.08631E-05 9.34199E-07 1.15950E-05 -2.14434E-05 1.05330E-06 1.12276E-05 -1.34854E-05 1.21660E-06 
1.12290E-05 -1.26411E-05 4.75199E-07 1.03127E-05 -1.78382E-05 6.58301E-07 1.03315E-05 -1.65435E-05 7.28001E-07 
1.07249E-05 -1.57634E-05 1.41010E-06 2.73759E-05 -1.90000E-05 2.62200E-06 2.75494E-05 -1.77621E-05 2.37790E-06 
2.75186E-05 -1.65406E-05 2.11670E-06 2.70296E-05 -2.16187E-05 2.09160E-06 2.03902E-05 -9.98390E-06 -9.43977E-06 
2.69623E-05 -2.39255E-05 -2.38090E-06 2.70538E-05 -1.56053E-05 2.45560E-06 2.61309E-05 -2.24263E-05 2.75160E-06 
1.21932E-05 -1.79754E-05 3.57270E-06 2.58985E-05 -1.34178E-05 2.57640E-06 2.48417E-05 -1.22548E-05 2.74760E-06 
2.35196E-05 -1.16616E-05 3.29180E-06 2.23300E-05 -2.60058E-05 1.67030E-06 2.28952E-05 -2.53271E-05 2.49150E-06 
2.29519E-05 -1.07549E-05 2.75270E-06 2.19074E-05 -1.02078E-05 2.70120E-06 2.09154E-05 -2.61160E-05 1.98310E-06 
1.16880E-05 -2.02587E-05 2.12420E-06 1.93192E-05 -2.59535E-05 2.32360E-06 1.76349E-05 -2.56607E-05 2.27880E-06 
1.64066E-05 -2.53295E-05 2.11780E-06 1.64472E-05 -9.39880E-06 1.99220E-06 1.55418E-05 -2.46438E-05 2.49990E-06 
1.52787E-05 -9.75720E-06 1.84830E-06 1.46781E-05 -2.39310E-05 2.61080E-06 1.97329E-05 -1.03520E-05 3.53980E-06 
1.37426E-05 -2.35255E-05 2.06480E-06 1.32822E-05 -2.25985E-05 2.49900E-06 1.24406E-05 -2.16529E-05 2.26150E-06 
1.18536E-05 -1.26518E-05 1.57260E-06 1.25552E-05 -1.18069E-05 1.63510E-06 1.08487E-05 -1.91577E-05 1.35340E-06 
1.08631E-05 -1.80511E-05 1.75520E-06 1.07337E-05 -1.70289E-05 1.60660E-06 1.65000E-05 -1.48234E-05 5.86440E-06 
1.17162E-05 -1.37993E-05 2.21820E-06 2.65652E-05 -2.11002E-05 3.10300E-06 2.67791E-05 -1.97905E-05 3.32760E-06 
2.68066E-05 -1.84158E-05 3.45460E-06 2.60816E-05 -2.04752E-05 3.87860E-06 2.25856E-05 -2.46982E-05 3.44630E-06 
2.59721E-05 -1.49692E-05 3.46850E-06 2.26225E-05 -2.16215E-05 5.59890E-06 1.79187E-05 -1.86993E-05 6.55930E-06 
2.17784E-05 -2.06020E-05 -1.17368E-05 2.65989E-05 -1.14710E-05 -2.35810E-06 2.38848E-05 -1.26604E-05 3.83090E-06 
2.27407E-05 -1.23366E-05 4.29920E-06 2.23076E-05 -1.11917E-05 3.57770E-06 2.17416E-05 -2.54855E-05 2.78340E-06 
2.05565E-05 -2.54487E-05 3.05730E-06 1.37757E-05 -1.75076E-05 -1.10848E-05 1.89290E-05 -1.53824E-05 -1.22205E-05 
1.83045E-05 -2.51073E-05 3.29080E-06 1.74409E-05 -9.73960E-06 2.74930E-06 1.90424E-05 -9.27630E-06 2.33100E-06 
1.36435E-05 -2.05715E-05 4.21870E-06 9.97522E-06 -1.50395E-05 -5.26230E-06 1.54500E-05 -2.37744E-05 3.42130E-06 
1.42357E-05 -2.28896E-05 3.26180E-06 1.46017E-05 -1.08154E-05 2.61020E-06 1.33409E-05 -2.17957E-05 3.25350E-06 
1.77573E-05 -1.71417E-05 -1.22371E-05 1.26222E-05 -2.07634E-05 3.09040E-06 1.06588E-05 -1.37379E-05 2.07100E-07 
1.14780E-05 -1.87490E-05 2.53510E-06 1.71949E-05 -2.54020E-05 -7.95150E-06 1.27207E-05 -1.27824E-05 2.72160E-06 
1.12956E-05 -1.74318E-05 2.52470E-06 1.11604E-05 -1.64044E-05 2.28590E-06 1.14442E-05 -1.52051E-05 2.41680E-06 
2.58805E-05 -1.79404E-05 4.37390E-06 2.16919E-05 -1.08057E-05 -9.80396E-06 1.94493E-05 -1.74780E-05 6.72980E-06 
2.29503E-05 -1.05432E-05 -8.73860E-06 2.52189E-05 -1.64822E-05 4.68400E-06 2.34154E-05 -2.37924E-05 3.88750E-06 
2.33583E-05 -1.35925E-05 4.77410E-06 1.39470E-05 -1.46186E-05 4.63150E-06 2.11597E-05 -2.47631E-05 3.80580E-06 
2.13580E-05 -1.17785E-05 4.43010E-06 2.76172E-05 -1.76614E-05 -7.76250E-06 1.96162E-05 -2.48618E-05 3.79590E-06 
2.02565E-05 -2.36732E-05 4.85790E-06 2.00305E-05 -1.14801E-05 4.47980E-06 1.82536E-05 -2.40196E-05 4.42670E-06 
2.42350E-05 -2.16476E-05 4.84070E-06 1.47587E-05 -9.12900E-06 -6.75790E-06 1.87363E-05 -1.12452E-05 4.36450E-06 
1.71158E-05 -1.09875E-05 3.94070E-06 2.82691E-05 -1.55994E-05 -1.56499E-07 1.74539E-05 -1.25041E-05 -1.15871E-05 
2.30172E-05 -9.39570E-06 6.23600E-07 1.42048E-05 -2.18789E-05 3.98410E-06 2.07043E-05 -1.93027E-05 -1.22825E-05 
1.24365E-05 -1.95222E-05 3.44710E-06 1.29348E-05 -1.57297E-05 4.13090E-06 1.25304E-05 -1.45150E-05 3.44740E-06 
1.35652E-05 -1.34154E-05 3.83470E-06 2.32822E-05 -9.44850E-06 -6.48470E-06 1.19596E-05 -1.63102E-05 3.32640E-06 
2.51221E-05 -1.90429E-05 4.98280E-06 1.95048E-05 -1.91912E-05 6.65570E-06 2.49298E-05 -1.78230E-05 5.10010E-06 
2.28195E-05 -2.66690E-05 -4.41901E-07 2.43233E-05 -2.00073E-05 5.35410E-06 2.41783E-05 -1.86152E-05 5.59920E-06 
2.40894E-05 -1.73042E-05 5.55810E-06 2.39921E-05 -1.61531E-05 5.40660E-06 2.44155E-05 -1.09005E-05 -7.77440E-06 
2.32261E-05 -2.27764E-05 4.74240E-06 2.32202E-05 -1.51896E-05 5.50670E-06 1.22859E-05 -1.37743E-05 -9.17184E-06 
2.21185E-05 -2.38001E-05 4.45060E-06 2.20445E-05 -1.43829E-05 5.67480E-06 2.18114E-05 -1.30580E-05 5.12730E-06 
1.41734E-05 -2.08614E-05 -1.03784E-05 2.06864E-05 -1.38909E-05 5.81350E-06 2.38579E-05 -2.55030E-05 1.45150E-06 
2.04143E-05 -1.26144E-05 5.20160E-06 1.89434E-05 -2.29230E-05 5.32930E-06 1.90383E-05 -1.24381E-05 5.19860E-06 
1.76288E-05 -2.26367E-05 5.26640E-06 1.80864E-05 -1.37300E-05 5.80570E-06 1.76581E-05 -1.22568E-05 5.00030E-06 
1.73093E-05 -2.13397E-05 5.82260E-06 1.64771E-05 -1.32594E-05 5.26420E-06 2.10929E-05 -2.70226E-05 -4.45200E-07 
1.60778E-05 -2.06343E-05 5.65850E-06 1.53841E-05 -1.42480E-05 5.26610E-06 1.63229E-05 -1.21882E-05 4.60240E-06 
1.49409E-05 -2.13063E-05 4.81430E-06 1.47473E-05 -1.98611E-05 5.24180E-06 1.42251E-05 -1.72329E-05 5.21860E-06 
1.49661E-05 -1.30233E-05 4.52400E-06 1.77031E-05 -7.79400E-06 -1.01480E-06 1.34881E-05 -1.86957E-05 4.60750E-06 
1.38179E-05 -1.60115E-05 4.83820E-06 1.52196E-05 -2.25851E-05 4.26370E-06 1.30240E-05 -1.70379E-05 4.36320E-06 
2.33195E-05 -2.06566E-05 5.65130E-06 2.32365E-05 -1.94035E-05 5.97860E-06 2.69727E-05 -1.22354E-05 -1.19940E-06 
2.28132E-05 -1.66927E-05 6.05080E-06 2.16691E-05 -2.25415E-05 5.40950E-06 1.60154E-05 -1.71746E-05 -1.21224E-05 
2.21648E-05 -2.02075E-05 6.18130E-06 2.20467E-05 -1.88918E-05 6.40230E-06 2.20285E-05 -1.77058E-05 6.41570E-06 
2.20732E-05 -1.56315E-05 6.05200E-06 2.01008E-05 -2.22026E-05 5.77300E-06 2.11790E-05 -2.12025E-05 6.08280E-06 
2.09118E-05 -1.97924E-05 6.50580E-06 2.11603E-05 -1.67183E-05 6.51840E-06 2.09086E-05 -1.52301E-05 6.24550E-06 
1.97482E-05 -2.08383E-05 6.32000E-06 2.08616E-05 -1.82841E-05 6.63610E-06 1.99230E-05 -1.60270E-05 6.53830E-06 
1.95122E-05 -1.34759E-05 5.72840E-06 1.86484E-05 -2.18014E-05 5.90040E-06 1.25643E-05 -2.32615E-05 -5.99320E-06 
2.41136E-05 -2.44454E-05 2.80120E-06 1.39654E-05 -2.45462E-05 -6.11330E-06 1.88908E-05 -1.61021E-05 6.55530E-06 
1.65483E-05 -1.62858E-05 6.20030E-06 1.34139E-05 -1.14177E-05 2.24050E-06 1.78926E-05 -1.69447E-05 6.56940E-06 
2.03131E-05 -1.27343E-05 -1.16144E-05 1.71056E-05 -2.00672E-05 6.18170E-06 1.34705E-05 -1.28268E-05 -9.87873E-06 
1.67695E-05 -1.77083E-05 6.33310E-06 1.60577E-05 -1.90088E-05 6.03010E-06 1.47389E-05 -1.84408E-05 5.48670E-06 
1.55126E-05 -1.73968E-05 5.87890E-06 1.54922E-05 -1.15648E-05 3.82900E-06 2.00990E-05 -2.60391E-05 -7.51510E-06 
1.18269E-05 -2.29654E-05 -4.45290E-06 2.18124E-05 -8.18840E-06 -1.62860E-06 1.90079E-05 -8.78400E-06 -7.96020E-06 

CELLS 17 82130
4833 1208 3 0 351 3 3 0 3 4 3 0 4 30 3 0 55 281 3 0 281 351 3 0 28 55 3 0 30 28 3 1 471 521 3 1 521 5 3 1 5 218 3 1 218 29 3 1 29 471 3 2 351 26 3 2 26 218 3 2 218 5 3 2 5 17 3 2 17 3 3 2 3 351 3 3 17 4 3 4 17 6 3 4 6 30 3 5 521 27 3 5 27 17 3 6 141 30 3 6 594 141 3 6 11 594 3 6 17 11 3 7 285 284 3 7 284 347 3 7 321 285 3 7 347 386 3 7 387 321 3 7 386 387 3 8 371 466 3 8 466 255 3 8 513 371 3 8 255 528 3 8 528 532 3 8 532 513 3 9 35 13 3 9 13 521 3 9 521 471 3 9 471 33 3 9 33 35 3 10 15 518 3 10 34 15 3 10 61 34 3 10 64 61 3 10 40 64 3 10 518 40 3 11 17 479 3 11 479 19 3 11 19 15 3 11 15 594 3 12 561 601 3 12 525 561 3 12 494 525 3 12 592 494 3 12 487 592 3 12 601 487 3 13 35 37 3 13 16 14 3 13 14 521 3 13 37 16 3 14 16 489 3 14 280 521 3 14 489 280 3 15 34 594 3 15 19 518 3 16 37 42 3 16 42 20 3 16 20 489 3 17 280 479 3 17 27 280 3 18 550 461 3 18 70 550 3 18 590 70 3 18 593 590 3 18 591 593 3 18 461 591 3 19 479 22 3 19 22 23 3 19 23 518 3 20 42 43 3 20 43 572 3 20 572 489 3 21 357 394 3 21 398 357 3 21 394 434 3 21 588 398 3 21 378 588 3 21 434 378 3 22 489 572 3 22 479 489 3 22 572 24 3 22 24 23 3 23 24 44 3 23 44 45 3 23 45 518 3 24 572 363 3 24 363 48 3 24 48 44 3 25 218 26 3 25 29 218 3 25 51 29 3 25 52 51 3 25 26 52 3 26 53 52 3 26 351 53 3 27 521 280 3 28 79 55 3 28 30 141 3 28 141 328 3 28 328 81 3 28 81 79 3 29 364 471 3 29 54 364 3 29 51 54 3 31 478 69 3 31 69 94 3 31 94 153 3 31 153 98 3 31 98 72 3 31 72 478 3 32 141 34 3 32 499 141 3 32 34 61 3 32 61 431 3 32 431 499 3 33 57 59 3 33 364 57 3 33 471 364 3 33 59 60 3 33 60 35 3 34 141 594 3 35 63 36 3 35 36 37 3 35 60 63 3 36 63 133 3 36 133 38 3 36 38 37 3 37 38 41 3 37 41 42 3 38 133 91 3 38 91 41 3 39 77 102 3 39 80 77 3 39 107 80 3 39 132 107 3 39 129 132 3 39 102 129 3 40 66 64 3 40 518 45 3 40 45 67 3 40 67 66 3 41 91 93 3 41 93 543 3 41 543 46 3 41 46 42 3 42 46 43 3 43 46 69 3 43 69 478 3 43 478 572 3 44 48 49 3 44 49 45 3 45 49 340 3 45 340 67 3 46 543 69 3 47 79 81 3 47 105 79 3 47 131 105 3 47 81 536 3 47 536 168 3 47 168 131 3 48 50 71 3 48 363 50 3 48 71 49 3 49 596 340 3 49 71 596 3 50 363 478 3 50 478 73 3 50 73 71 3 51 77 54 3 51 52 74 3 51 74 77 3 52 53 75 3 52 75 74 3 53 351 281 3 53 281 76 3 53 76 75 3 54 194 364 3 54 80 194 3 54 77 80 3 55 78 281 3 55 79 78 3 56 366 305 3 56 305 307 3 56 409 366 3 56 307 562 3 56 368 409 3 56 562 368 3 57 364 194 3 57 194 83 3 57 83 84 3 57 84 59 3 58 388 426 3 58 491 388 3 58 422 491 3 58 462 422 3 58 426 497 3 58 497 462 3 59 87 60 3 59 84 87 3 60 88 63 3 60 87 88 3 61 64 89 3 61 89 62 3 61 62 431 3 62 112 431 3 62 605 112 3 62 89 605 3 63 88 133 3 64 66 89 3 65 90 117 3 65 247 90 3 65 182 247 3 65 117 514 3 65 514 182 3 66 90 89 3 66 67 92 3 66 92 90 3 67 340 92 3 68 324 325 3 68 350 324 3 68 390 350 3 68 428 390 3 68 325 517 3 68 517 393 3 68 429 428 3 68 393 429 3 69 543 94 3 70 590 584 3 70 584 581 3 70 581 544 3 70 544 585 3 70 585 550 3 71 539 596 3 71 96 539 3 71 73 96 3 72 73 478 3 72 123 73 3 72 98 123 3 73 123 96 3 74 103 77 3 74 100 103 3 74 75 100 3 75 76 100 3 76 281 295 3 76 101 100 3 76 295 101 3 77 103 102 3 78 130 295 3 78 295 281 3 78 79 105 3 78 105 130 3 80 107 194 3 81 501 536 3 81 328 501 3 82 160 196 3 82 159 160 3 82 195 159 3 82 196 228 3 82 231 195 3 82 228 261 3 82 261 231 3 83 109 84 3 83 107 109 3 83 194 107 3 84 86 87 3 84 235 86 3 84 109 235 3 85 465 428 3 85 428 429 3 85 498 465 3 85 429 433 3 85 433 468 3 85 502 498 3 85 468 502 3 86 235 602 3 86 602 111 3 86 111 87 3 87 111 88 3 88 111 113 3 88 113 114 3 88 114 133 3 89 247 605 3 89 90 247 3 90 92 117 3 91 133 115 3 91 115 116 3 91 116 93 3 92 340 95 3 92 119 117 3 92 95 119 3 93 116 263 3 93 263 543 3 94 543 263 3 94 263 120 3 94 120 153 3 95 340 596 3 95 150 119 3 95 121 150 3 95 596 121 3 96 123 124 3 96 124 539 3 97 275 227 3 97 227 259 3 97 310 275 3 97 277 310 3 97 259 277 3 98 122 123 3 98 154 122 3 98 153 154 3 99 151 282 3 99 282 318 3 99 348 314 3 99 314 151 3 99 389 348 3 99 318 389 3 100 101 508 3 100 508 127 3 100 127 103 3 101 295 128 3 101 128 508 3 102 103 110 3 102 110 129 3 103 127 110 3 104 499 431 3 104 501 499 3 104 139 501 3 104 431 112 3 104 140 139 3 104 112 140 3 105 131 130 3 106 203 204 3 106 238 203 3 106 204 265 3 106 265 297 3 106 297 267 3 106 267 238 3 107 132 134 3 107 134 136 3 107 136 109 3 108 485 216 3 108 512 549 3 108 216 512 3 108 549 298 3 108 298 565 3 108 565 485 3 109 136 235 3 110 162 129 3 110 159 162 3 110 127 159 3 111 602 142 3 111 142 113 3 112 605 176 3 112 176 140 3 113 142 493 3 113 493 114 3 114 493 144 3 114 144 115 3 114 115 133 3 115 144 146 3 115 146 116 3 116 146 147 3 116 147 263 3 117 148 514 3 117 119 148 3 118 392 390 3 118 352 392 3 118 430 352 3 118 463 430 3 118 390 427 3 118 464 463 3 118 427 464 3 119 150 148 3 120 263 149 3 120 149 152 3 120 152 153 3 121 596 539 3 121 539 155 3 121 155 150 3 122 154 156 3 122 156 157 3 122 157 123 3 123 157 124 3 124 158 539 3 124 157 158 3 125 502 468 3 125 468 354 3 125 354 504 3 125 535 502 3 125 538 535 3 125 504 538 3 126 589 214 3 126 214 276 3 126 276 312 3 126 312 313 3 126 313 353 3 126 353 589 3 127 160 159 3 127 508 160 3 128 295 130 3 128 161 508 3 128 163 161 3 128 130 163 3 129 162 166 3 129 166 132 3 130 164 163 3 130 131 164 3 131 168 167 3 131 167 164 3 132 166 165 3 132 165 134 3 134 165 171 3 134 171 136 3 135 450 415 3 135 415 375 3 135 375 379 3 135 379 420 3 135 420 592 3 135 592 487 3 135 487 450 3 136 171 170 3 136 170 172 3 136 172 235 3 137 536 501 3 137 501 139 3 137 139 526 3 137 526 169 3 137 169 536 3 138 168 169 3 138 202 168 3 138 169 205 3 138 237 202 3 138 266 237 3 138 268 266 3 138 239 268 3 138 205 239 3 139 140 173 3 139 173 526 3 140 176 173 3 141 499 328 3 142 180 493 3 142 177 180 3 142 602 177 3 143 396 356 3 143 356 329 3 143 329 569 3 143 569 333 3 143 333 358 3 143 397 396 3 143 358 397 3 144 493 181 3 144 181 183 3 144 183 146 3 145 185 587 3 145 187 185 3 145 220 187 3 145 587 603 3 145 603 252 3 145 252 220 3 146 589 147 3 146 183 589 3 147 149 263 3 147 185 149 3 147 587 185 3 147 589 587 3 148 150 186 3 148 186 184 3 148 184 514 3 149 185 152 3 150 189 186 3 150 155 189 3 151 250 219 3 151 219 221 3 151 221 282 3 151 314 250 3 152 185 187 3 152 188 153 3 152 187 188 3 153 188 154 3 154 188 190 3 154 190 156 3 155 193 189 3 155 158 193 3 155 539 158 3 156 191 157 3 156 224 191 3 156 190 224 3 157 192 158 3 157 191 192 3 158 192 193 3 159 195 162 3 160 508 161 3 160 161 196 3 161 163 197 3 161 197 196 3 162 195 198 3 162 198 166 3 163 164 199 3 163 199 197 3 164 167 200 3 164 200 199 3 165 166 201 3 165 201 204 3 165 204 171 3 166 198 201 3 167 168 202 3 167 202 200 3 168 536 169 3 169 526 205 3 170 206 172 3 170 203 206 3 170 171 203 3 171 204 203 3 172 174 235 3 172 208 174 3 172 206 208 3 173 209 207 3 173 207 526 3 173 176 209 3 174 602 235 3 174 210 602 3 174 208 210 3 175 410 367 3 175 367 337 3 175 337 554 3 175 445 410 3 175 554 403 3 175 403 443 3 175 443 445 3 176 211 209 3 176 178 211 3 176 605 178 3 177 602 210 3 177 210 212 3 177 212 180 3 178 605 247 3 178 247 179 3 178 179 227 3 178 227 211 3 179 247 182 3 179 182 259 3 179 259 227 3 180 212 213 3 180 213 181 3 180 181 493 3 181 213 214 3 181 214 183 3 182 514 215 3 182 215 259 3 183 214 589 3 184 217 514 3 184 219 217 3 184 186 219 3 186 221 219 3 186 189 221 3 187 220 188 3 188 220 222 3 188 222 190 3 189 283 221 3 189 226 283 3 189 193 226 3 190 223 224 3 190 222 223 3 191 484 192 3 191 256 484 3 191 224 256 3 192 225 193 3 192 484 225 3 193 225 226 3 195 231 230 3 195 230 198 3 196 197 229 3 196 229 228 3 197 199 232 3 197 232 229 3 198 230 233 3 198 233 201 3 199 200 234 3 199 234 232 3 200 202 236 3 200 236 234 3 201 233 265 3 201 265 204 3 202 237 236 3 203 238 206 3 205 526 207 3 205 207 239 3 206 238 269 3 206 269 241 3 206 241 208 3 207 240 239 3 207 209 240 3 208 241 243 3 208 243 210 3 209 211 245 3 209 245 242 3 209 242 240 3 210 243 244 3 210 244 212 3 211 227 245 3 212 244 246 3 212 246 213 3 213 246 248 3 213 248 214 3 214 248 276 3 215 249 259 3 215 217 249 3 215 514 217 3 216 449 447 3 216 447 446 3 216 446 480 3 216 485 449 3 216 480 512 3 217 250 249 3 217 219 250 3 220 252 332 3 220 332 222 3 221 283 282 3 222 253 223 3 222 332 253 3 223 254 224 3 223 253 254 3 224 254 256 3 225 258 226 3 225 257 258 3 225 484 257 3 226 258 283 3 227 275 245 3 228 229 264 3 228 264 290 3 228 290 261 3 229 232 391 3 229 391 264 3 230 231 260 3 230 260 262 3 230 262 233 3 231 261 260 3 232 234 294 3 232 294 251 3 232 251 391 3 233 262 432 3 233 432 265 3 234 236 294 3 236 237 472 3 236 472 294 3 237 266 472 3 238 267 269 3 239 240 383 3 239 383 268 3 240 242 604 3 240 604 383 3 241 269 270 3 241 270 304 3 241 304 243 3 242 305 604 3 242 272 305 3 242 245 272 3 243 304 273 3 243 273 244 3 244 273 274 3 244 274 246 3 245 275 272 3 246 309 248 3 246 274 309 3 248 309 276 3 249 277 259 3 249 279 277 3 249 250 279 3 250 314 279 3 251 517 391 3 251 294 329 3 251 329 356 3 251 356 517 3 252 317 332 3 252 316 317 3 252 603 316 3 253 284 254 3 253 320 284 3 253 332 320 3 254 285 256 3 254 284 285 3 255 466 464 3 255 464 465 3 255 465 498 3 255 498 528 3 256 286 484 3 256 285 286 3 257 287 258 3 257 286 287 3 257 484 286 3 258 288 283 3 258 287 288 3 260 292 262 3 260 289 292 3 260 261 289 3 261 290 289 3 262 296 432 3 262 292 296 3 264 324 290 3 264 391 325 3 264 325 324 3 265 432 297 3 266 268 299 3 266 299 472 3 267 302 269 3 267 300 302 3 267 330 300 3 267 297 330 3 268 383 301 3 268 301 299 3 269 302 270 3 270 302 336 3 270 336 304 3 271 600 591 3 271 560 600 3 271 564 560 3 271 505 564 3 271 556 505 3 271 461 556 3 271 591 461 3 272 307 305 3 272 275 307 3 273 306 274 3 273 304 306 3 274 308 309 3 274 306 308 3 275 310 307 3 276 309 311 3 276 311 312 3 277 338 310 3 277 319 338 3 277 279 319 3 278 516 481 3 278 481 448 3 278 448 450 3 278 601 516 3 278 487 601 3 278 450 487 3 279 314 319 3 280 489 479 3 282 288 318 3 282 283 288 3 284 320 347 3 285 321 286 3 286 321 287 3 287 322 288 3 287 349 322 3 287 321 349 3 288 322 318 3 289 290 323 3 289 323 327 3 289 327 292 3 290 324 323 3 291 308 369 3 291 309 308 3 291 311 309 3 291 339 311 3 291 372 339 3 291 369 412 3 291 412 372 3 292 327 326 3 292 326 296 3 293 568 533 3 293 533 534 3 293 534 570 3 293 570 575 3 293 574 568 3 293 575 574 3 294 472 569 3 294 569 329 3 296 326 355 3 296 355 331 3 296 331 432 3 297 432 331 3 297 331 330 3 298 558 565 3 298 549 552 3 298 552 555 3 298 555 558 3 299 333 472 3 299 334 333 3 299 301 334 3 300 330 360 3 300 360 531 3 300 531 302 3 301 335 334 3 301 303 335 3 301 383 303 3 302 531 336 3 303 383 604 3 303 519 335 3 303 365 519 3 303 604 365 3 304 336 554 3 304 554 337 3 304 337 306 3 305 366 604 3 306 337 308 3 307 310 562 3 308 337 367 3 308 367 369 3 310 338 562 3 311 339 312 3 312 341 313 3 312 339 341 3 313 315 353 3 313 342 315 3 313 341 342 3 314 348 319 3 315 316 603 3 315 603 353 3 315 344 316 3 315 342 344 3 316 345 317 3 316 344 345 3 317 320 332 3 317 346 320 3 317 345 346 3 318 384 389 3 318 343 384 3 318 322 343 3 319 373 338 3 319 348 375 3 319 375 373 3 320 346 347 3 321 388 349 3 321 387 388 3 322 349 343 3 323 392 327 3 323 350 392 3 323 324 350 3 325 391 517 3 326 394 355 3 326 352 394 3 326 327 352 3 327 392 352 3 328 499 501 3 330 331 359 3 330 359 360 3 331 357 359 3 331 355 357 3 333 569 472 3 333 334 358 3 334 361 358 3 334 335 361 3 335 519 361 3 336 531 554 3 338 370 562 3 338 373 370 3 339 376 341 3 339 374 376 3 339 372 374 3 341 376 342 3 342 377 344 3 342 376 377 3 343 349 491 3 343 491 423 3 343 423 384 3 344 380 345 3 344 377 380 3 345 381 346 3 345 380 381 3 346 385 347 3 346 381 385 3 347 385 386 3 348 389 379 3 348 379 375 3 349 388 491 3 350 390 392 3 352 430 394 3 353 587 589 3 353 603 587 3 354 468 436 3 354 436 437 3 354 473 504 3 354 437 473 3 355 394 357 3 356 393 517 3 356 395 393 3 356 396 395 3 357 398 359 3 358 399 397 3 358 361 399 3 359 545 360 3 359 398 545 3 360 401 531 3 360 545 401 3 361 400 399 3 361 402 400 3 361 519 402 3 362 552 586 3 362 595 552 3 362 470 595 3 362 586 582 3 362 529 470 3 362 582 529 3 363 572 478 3 365 604 366 3 365 404 519 3 365 407 404 3 365 366 407 3 366 409 407 3 367 410 369 3 368 411 409 3 368 562 370 3 368 370 411 3 369 410 412 3 370 373 413 3 370 413 411 3 371 378 434 3 371 434 463 3 371 463 466 3 371 513 378 3 372 414 374 3 372 412 414 3 373 375 415 3 373 415 413 3 374 417 376 3 374 416 417 3 374 414 416 3 376 417 377 3 377 418 380 3 377 417 418 3 378 503 588 3 378 537 503 3 378 513 537 3 379 389 420 3 380 421 381 3 380 418 421 3 381 382 385 3 381 421 382 3 382 458 385 3 382 421 444 3 382 444 458 3 384 423 419 3 384 419 389 3 385 424 386 3 385 458 424 3 386 424 387 3 387 424 425 3 387 425 388 3 388 425 426 3 389 419 420 3 390 428 427 3 393 433 429 3 393 395 433 3 394 430 434 3 395 468 433 3 395 436 468 3 395 396 436 3 396 397 436 3 397 437 436 3 397 399 437 3 398 588 545 3 399 400 437 3 400 438 437 3 400 441 438 3 400 402 441 3 401 403 531 3 401 439 403 3 401 545 439 3 402 519 404 3 402 442 441 3 402 404 442 3 403 554 531 3 403 439 443 3 404 405 442 3 404 407 405 3 405 407 482 3 405 482 452 3 405 452 408 3 405 408 442 3 406 452 482 3 406 482 481 3 406 515 452 3 406 516 515 3 406 481 516 3 407 409 482 3 408 475 442 3 408 507 475 3 408 511 507 3 408 452 511 3 409 411 482 3 410 446 412 3 410 445 446 3 411 413 448 3 411 448 481 3 411 481 482 3 412 447 414 3 412 446 447 3 413 450 448 3 413 415 450 3 414 449 416 3 414 447 449 3 416 453 417 3 416 451 453 3 416 449 451 3 417 453 418 3 418 455 421 3 418 454 455 3 418 453 454 3 419 457 420 3 419 456 457 3 419 423 456 3 420 457 592 3 421 455 444 3 422 423 491 3 422 456 423 3 422 462 456 3 424 460 425 3 424 459 460 3 424 458 459 3 425 460 426 3 426 496 497 3 426 460 496 3 427 465 464 3 427 428 465 3 430 463 434 3 435 492 522 3 435 495 492 3 435 527 495 3 435 566 527 3 435 563 566 3 435 522 563 3 437 438 473 3 438 441 475 3 438 475 474 3 438 474 473 3 439 545 440 3 439 440 476 3 439 476 443 3 440 545 588 3 440 588 467 3 440 467 476 3 441 442 475 3 443 477 445 3 443 476 477 3 444 455 490 3 444 490 522 3 444 492 458 3 444 522 492 3 445 480 446 3 445 477 509 3 445 509 480 3 449 485 451 3 451 485 486 3 451 486 453 3 452 515 511 3 453 486 454 3 454 486 488 3 454 488 455 3 455 488 490 3 456 494 457 3 456 462 494 3 457 494 592 3 458 492 459 3 459 492 495 3 459 495 460 3 460 495 496 3 461 550 553 3 461 553 556 3 462 524 494 3 462 497 524 3 463 464 466 3 467 506 476 3 467 588 503 3 467 540 506 3 467 503 540 3 469 571 537 3 469 537 513 3 469 513 567 3 469 578 571 3 469 573 578 3 469 567 573 3 470 598 595 3 470 597 598 3 470 529 500 3 470 500 593 3 470 593 597 3 473 474 504 3 474 542 504 3 474 507 542 3 474 475 507 3 476 506 477 3 477 506 509 3 480 509 512 3 483 522 490 3 483 490 488 3 483 488 520 3 483 563 522 3 483 520 558 3 483 558 559 3 483 559 563 3 485 565 486 3 486 520 488 3 486 565 520 3 494 524 525 3 495 527 496 3 496 527 497 3 497 527 524 3 498 530 528 3 498 502 530 3 500 583 580 3 500 580 584 3 500 529 583 3 500 584 590 3 500 590 593 3 502 535 534 3 502 534 530 3 503 537 540 3 504 541 538 3 504 542 541 3 505 556 561 3 505 561 525 3 505 523 564 3 505 524 523 3 505 525 524 3 506 510 509 3 506 540 510 3 507 546 542 3 507 511 546 3 509 510 512 3 510 547 512 3 510 577 547 3 510 571 577 3 510 540 571 3 511 515 548 3 511 548 546 3 512 547 549 3 513 532 567 3 515 551 548 3 515 516 551 3 516 557 551 3 516 601 557 3 520 565 558 3 523 524 527 3 523 527 566 3 523 566 564 3 528 530 533 3 528 533 532 3 529 582 579 3 529 579 583 3 530 534 533 3 532 568 567 3 532 533 568 3 534 535 570 3 535 538 570 3 537 571 540 3 538 541 576 3 538 576 570 3 541 581 576 3 541 544 581 3 541 542 544 3 542 546 544 3 544 546 585 3 546 548 585 3 547 577 586 3 547 586 549 3 548 550 585 3 548 551 550 3 549 586 552 3 550 551 553 3 551 557 553 3 552 595 555 3 553 557 561 3 553 561 556 3 555 559 558 3 555 598 559 3 555 595 598 3 557 601 561 3 559 599 563 3 559 598 599 3 560 599 600 3 560 563 599 3 560 566 563 3 560 564 566 3 567 568 573 3 568 574 573 3 570 576 580 3 570 580 575 3 571 578 577 3 573 574 579 3 573 579 578 3 574 583 579 3 574 575 583 3 575 580 583 3 576 581 580 3 577 578 582 3 577 582 586 3 578 579 582 3 580 581 584 3 591 597 593 3 591 600 597 3 597 600 598 3 598 600 599 
4833 1208 3 606 957 609 3 606 609 610 3 606 610 636 3 606 661 887 3 606 887 957 3 606 634 661 3 606 636 634 3 607 1077 1127 3 607 1127 611 3 607 611 824 3 607 824 635 3 607 635 1077 3 608 957 632 3 608 632 824 3 608 824 611 3 608 611 623 3 608 623 609 3 608 609 957 3 609 623 610 3 610 623 612 3 610 612 636 3 611 1127 633 3 611 633 623 3 612 747 636 3 612 1200 747 3 612 617 1200 3 612 623 617 3 613 891 890 3 613 890 953 3 613 927 891 3 613 953 992 3 613 993 927 3 613 992 993 3 614 977 1072 3 614 1072 861 3 614 1119 977 3 614 861 1134 3 614 1134 1138 3 614 1138 1119 3 615 641 619 3 615 619 1127 3 615 1127 1077 3 615 1077 639 3 615 639 641 3 616 621 1124 3 616 640 621 3 616 667 640 3 616 670 667 3 616 646 670 3 616 1124 646 3 617 623 1085 3 617 1085 625 3 617 625 621 3 617 621 1200 3 618 1167 1207 3 618 1131 1167 3 618 1100 1131 3 618 1198 1100 3 618 1093 1198 3 618 1207 1093 3 619 641 643 3 619 622 620 3 619 620 1127 3 619 643 622 3 620 622 1095 3 620 886 1127 3 620 1095 886 3 621 640 1200 3 621 625 1124 3 622 643 648 3 622 648 626 3 622 626 1095 3 623 886 1085 3 623 633 886 3 624 1156 1067 3 624 676 1156 3 624 1196 676 3 624 1199 1196 3 624 1197 1199 3 624 1067 1197 3 625 1085 628 3 625 628 629 3 625 629 1124 3 626 648 649 3 626 649 1178 3 626 1178 1095 3 627 963 1000 3 627 1004 963 3 627 1000 1040 3 627 1194 1004 3 627 984 1194 3 627 1040 984 3 628 1095 1178 3 628 1085 1095 3 628 1178 630 3 628 630 629 3 629 630 650 3 629 650 651 3 629 651 1124 3 630 1178 969 3 630 969 654 3 630 654 650 3 631 824 632 3 631 635 824 3 631 657 635 3 631 658 657 3 631 632 658 3 632 659 658 3 632 957 659 3 633 1127 886 3 634 685 661 3 634 636 747 3 634 747 934 3 634 934 687 3 634 687 685 3 635 970 1077 3 635 660 970 3 635 657 660 3 637 1084 675 3 637 675 700 3 637 700 759 3 637 759 704 3 637 704 678 3 637 678 1084 3 638 747 640 3 638 1105 747 3 638 640 667 3 638 667 1037 3 638 1037 1105 3 639 663 665 3 639 970 663 3 639 1077 970 3 639 665 666 3 639 666 641 3 640 747 1200 3 641 669 642 3 641 642 643 3 641 666 669 3 642 669 739 3 642 739 644 3 642 644 643 3 643 644 647 3 643 647 648 3 644 739 697 3 644 697 647 3 645 683 708 3 645 686 683 3 645 713 686 3 645 738 713 3 645 735 738 3 645 708 735 3 646 672 670 3 646 1124 651 3 646 651 673 3 646 673 672 3 647 697 699 3 647 699 1149 3 647 1149 652 3 647 652 648 3 648 652 649 3 649 652 675 3 649 675 1084 3 649 1084 1178 3 650 654 655 3 650 655 651 3 651 655 946 3 651 946 673 3 652 1149 675 3 653 685 687 3 653 711 685 3 653 737 711 3 653 687 1142 3 653 1142 774 3 653 774 737 3 654 656 677 3 654 969 656 3 654 677 655 3 655 1202 946 3 655 677 1202 3 656 969 1084 3 656 1084 679 3 656 679 677 3 657 683 660 3 657 658 680 3 657 680 683 3 658 659 681 3 658 681 680 3 659 957 887 3 659 887 682 3 659 682 681 3 660 800 970 3 660 686 800 3 660 683 686 3 661 684 887 3 661 685 684 3 662 972 911 3 662 911 913 3 662 1015 972 3 662 913 1168 3 662 974 1015 3 662 1168 974 3 663 970 800 3 663 800 689 3 663 689 690 3 663 690 665 3 664 994 1032 3 664 1097 994 3 664 1028 1097 3 664 1068 1028 3 664 1032 1103 3 664 1103 1068 3 665 693 666 3 665 690 693 3 666 694 669 3 666 693 694 3 667 670 695 3 667 695 668 3 667 668 1037 3 668 718 1037 3 668 1211 718 3 668 695 1211 3 669 694 739 3 670 672 695 3 671 696 723 3 671 853 696 3 671 788 853 3 671 723 1120 3 671 1120 788 3 672 696 695 3 672 673 698 3 672 698 696 3 673 946 698 3 674 930 931 3 674 956 930 3 674 996 956 3 674 1034 996 3 674 931 1123 3 674 1123 999 3 674 1035 1034 3 674 999 1035 3 675 1149 700 3 676 1196 1190 3 676 1190 1187 3 676 1187 1150 3 676 1150 1191 3 676 1191 1156 3 677 1145 1202 3 677 702 1145 3 677 679 702 3 678 679 1084 3 678 729 679 3 678 704 729 3 679 729 702 3 680 709 683 3 680 706 709 3 680 681 706 3 681 682 706 3 682 887 901 3 682 707 706 3 682 901 707 3 683 709 708 3 684 736 901 3 684 901 887 3 684 685 711 3 684 711 736 3 686 713 800 3 687 1107 1142 3 687 934 1107 3 688 766 802 3 688 765 766 3 688 801 765 3 688 802 834 3 688 837 801 3 688 834 867 3 688 867 837 3 689 715 690 3 689 713 715 3 689 800 713 3 690 692 693 3 690 841 692 3 690 715 841 3 691 1071 1034 3 691 1034 1035 3 691 1104 1071 3 691 1035 1039 3 691 1039 1074 3 691 1108 1104 3 691 1074 1108 3 692 841 1208 3 692 1208 717 3 692 717 693 3 693 717 694 3 694 717 719 3 694 719 720 3 694 720 739 3 695 853 1211 3 695 696 853 3 696 698 723 3 697 739 721 3 697 721 722 3 697 722 699 3 698 946 701 3 698 725 723 3 698 701 725 3 699 722 869 3 699 869 1149 3 700 1149 869 3 700 869 726 3 700 726 759 3 701 946 1202 3 701 756 725 3 701 727 756 3 701 1202 727 3 702 729 730 3 702 730 1145 3 703 881 833 3 703 833 865 3 703 916 881 3 703 883 916 3 703 865 883 3 704 728 729 3 704 760 728 3 704 759 760 3 705 757 888 3 705 888 924 3 705 954 920 3 705 920 757 3 705 995 954 3 705 924 995 3 706 707 1114 3 706 1114 733 3 706 733 709 3 707 901 734 3 707 734 1114 3 708 709 716 3 708 716 735 3 709 733 716 3 710 1105 1037 3 710 1107 1105 3 710 745 1107 3 710 1037 718 3 710 746 745 3 710 718 746 3 711 737 736 3 712 809 810 3 712 844 809 3 712 810 871 3 712 871 903 3 712 903 873 3 712 873 844 3 713 738 740 3 713 740 742 3 713 742 715 3 714 1091 822 3 714 1118 1155 3 714 822 1118 3 714 1155 904 3 714 904 1171 3 714 1171 1091 3 715 742 841 3 716 768 735 3 716 765 768 3 716 733 765 3 717 1208 748 3 717 748 719 3 718 1211 782 3 718 782 746 3 719 748 1099 3 719 1099 720 3 720 1099 750 3 720 750 721 3 720 721 739 3 721 750 752 3 721 752 722 3 722 752 753 3 722 753 869 3 723 754 1120 3 723 725 754 3 724 998 996 3 724 958 998 3 724 1036 958 3 724 1069 1036 3 724 996 1033 3 724 1070 1069 3 724 1033 1070 3 725 756 754 3 726 869 755 3 726 755 758 3 726 758 759 3 727 1202 1145 3 727 1145 761 3 727 761 756 3 728 760 762 3 728 762 763 3 728 763 729 3 729 763 730 3 730 764 1145 3 730 763 764 3 731 1108 1074 3 731 1074 960 3 731 960 1110 3 731 1141 1108 3 731 1144 1141 3 731 1110 1144 3 732 1195 820 3 732 820 882 3 732 882 918 3 732 918 919 3 732 919 959 3 732 959 1195 3 733 766 765 3 733 1114 766 3 734 901 736 3 734 767 1114 3 734 769 767 3 734 736 769 3 735 768 772 3 735 772 738 3 736 770 769 3 736 737 770 3 737 774 773 3 737 773 770 3 738 772 771 3 738 771 740 3 740 771 777 3 740 777 742 3 741 1056 1021 3 741 1021 981 3 741 981 985 3 741 985 1026 3 741 1026 1198 3 741 1198 1093 3 741 1093 1056 3 742 777 776 3 742 776 778 3 742 778 841 3 743 1142 1107 3 743 1107 745 3 743 745 1132 3 743 1132 775 3 743 775 1142 3 744 774 775 3 744 808 774 3 744 775 811 3 744 843 808 3 744 872 843 3 744 874 872 3 744 845 874 3 744 811 845 3 745 746 779 3 745 779 1132 3 746 782 779 3 747 1105 934 3 748 786 1099 3 748 783 786 3 748 1208 783 3 749 1002 962 3 749 962 935 3 749 935 1175 3 749 1175 939 3 749 939 964 3 749 1003 1002 3 749 964 1003 3 750 1099 787 3 750 787 789 3 750 789 752 3 751 791 1193 3 751 793 791 3 751 826 793 3 751 1193 1209 3 751 1209 858 3 751 858 826 3 752 1195 753 3 752 789 1195 3 753 755 869 3 753 791 755 3 753 1193 791 3 753 1195 1193 3 754 756 792 3 754 792 790 3 754 790 1120 3 755 791 758 3 756 795 792 3 756 761 795 3 757 856 825 3 757 825 827 3 757 827 888 3 757 920 856 3 758 791 793 3 758 794 759 3 758 793 794 3 759 794 760 3 760 794 796 3 760 796 762 3 761 799 795 3 761 764 799 3 761 1145 764 3 762 797 763 3 762 830 797 3 762 796 830 3 763 798 764 3 763 797 798 3 764 798 799 3 765 801 768 3 766 1114 767 3 766 767 802 3 767 769 803 3 767 803 802 3 768 801 804 3 768 804 772 3 769 770 805 3 769 805 803 3 770 773 806 3 770 806 805 3 771 772 807 3 771 807 810 3 771 810 777 3 772 804 807 3 773 774 808 3 773 808 806 3 774 1142 775 3 775 1132 811 3 776 812 778 3 776 809 812 3 776 777 809 3 777 810 809 3 778 780 841 3 778 814 780 3 778 812 814 3 779 815 813 3 779 813 1132 3 779 782 815 3 780 1208 841 3 780 816 1208 3 780 814 816 3 781 1016 973 3 781 973 943 3 781 943 1160 3 781 1051 1016 3 781 1160 1009 3 781 1009 1049 3 781 1049 1051 3 782 817 815 3 782 784 817 3 782 1211 784 3 783 1208 816 3 783 816 818 3 783 818 786 3 784 1211 853 3 784 853 785 3 784 785 833 3 784 833 817 3 785 853 788 3 785 788 865 3 785 865 833 3 786 818 819 3 786 819 787 3 786 787 1099 3 787 819 820 3 787 820 789 3 788 1120 821 3 788 821 865 3 789 820 1195 3 790 823 1120 3 790 825 823 3 790 792 825 3 792 827 825 3 792 795 827 3 793 826 794 3 794 826 828 3 794 828 796 3 795 889 827 3 795 832 889 3 795 799 832 3 796 829 830 3 796 828 829 3 797 1090 798 3 797 862 1090 3 797 830 862 3 798 831 799 3 798 1090 831 3 799 831 832 3 801 837 836 3 801 836 804 3 802 803 835 3 802 835 834 3 803 805 838 3 803 838 835 3 804 836 839 3 804 839 807 3 805 806 840 3 805 840 838 3 806 808 842 3 806 842 840 3 807 839 871 3 807 871 810 3 808 843 842 3 809 844 812 3 811 1132 813 3 811 813 845 3 812 844 875 3 812 875 847 3 812 847 814 3 813 846 845 3 813 815 846 3 814 847 849 3 814 849 816 3 815 817 851 3 815 851 848 3 815 848 846 3 816 849 850 3 816 850 818 3 817 833 851 3 818 850 852 3 818 852 819 3 819 852 854 3 819 854 820 3 820 854 882 3 821 855 865 3 821 823 855 3 821 1120 823 3 822 1055 1053 3 822 1053 1052 3 822 1052 1086 3 822 1091 1055 3 822 1086 1118 3 823 856 855 3 823 825 856 3 826 858 938 3 826 938 828 3 827 889 888 3 828 859 829 3 828 938 859 3 829 860 830 3 829 859 860 3 830 860 862 3 831 864 832 3 831 863 864 3 831 1090 863 3 832 864 889 3 833 881 851 3 834 835 870 3 834 870 896 3 834 896 867 3 835 838 997 3 835 997 870 3 836 837 866 3 836 866 868 3 836 868 839 3 837 867 866 3 838 840 900 3 838 900 857 3 838 857 997 3 839 868 1038 3 839 1038 871 3 840 842 900 3 842 843 1078 3 842 1078 900 3 843 872 1078 3 844 873 875 3 845 846 989 3 845 989 874 3 846 848 1210 3 846 1210 989 3 847 875 876 3 847 876 910 3 847 910 849 3 848 911 1210 3 848 878 911 3 848 851 878 3 849 910 879 3 849 879 850 3 850 879 880 3 850 880 852 3 851 881 878 3 852 915 854 3 852 880 915 3 854 915 882 3 855 883 865 3 855 885 883 3 855 856 885 3 856 920 885 3 857 1123 997 3 857 900 935 3 857 935 962 3 857 962 1123 3 858 923 938 3 858 922 923 3 858 1209 922 3 859 890 860 3 859 926 890 3 859 938 926 3 860 891 862 3 860 890 891 3 861 1072 1070 3 861 1070 1071 3 861 1071 1104 3 861 1104 1134 3 862 892 1090 3 862 891 892 3 863 893 864 3 863 892 893 3 863 1090 892 3 864 894 889 3 864 893 894 3 866 898 868 3 866 895 898 3 866 867 895 3 867 896 895 3 868 902 1038 3 868 898 902 3 870 930 896 3 870 997 931 3 870 931 930 3 871 1038 903 3 872 874 905 3 872 905 1078 3 873 908 875 3 873 906 908 3 873 936 906 3 873 903 936 3 874 989 907 3 874 907 905 3 875 908 876 3 876 908 942 3 876 942 910 3 877 1206 1197 3 877 1166 1206 3 877 1170 1166 3 877 1111 1170 3 877 1162 1111 3 877 1067 1162 3 877 1197 1067 3 878 913 911 3 878 881 913 3 879 912 880 3 879 910 912 3 880 914 915 3 880 912 914 3 881 916 913 3 882 915 917 3 882 917 918 3 883 944 916 3 883 925 944 3 883 885 925 3 884 1122 1087 3 884 1087 1054 3 884 1054 1056 3 884 1207 1122 3 884 1093 1207 3 884 1056 1093 3 885 920 925 3 886 1095 1085 3 888 894 924 3 888 889 894 3 890 926 953 3 891 927 892 3 892 927 893 3 893 928 894 3 893 955 928 3 893 927 955 3 894 928 924 3 895 896 929 3 895 929 933 3 895 933 898 3 896 930 929 3 897 914 975 3 897 915 914 3 897 917 915 3 897 945 917 3 897 978 945 3 897 975 1018 3 897 1018 978 3 898 933 932 3 898 932 902 3 899 1174 1139 3 899 1139 1140 3 899 1140 1176 3 899 1176 1181 3 899 1180 1174 3 899 1181 1180 3 900 1078 1175 3 900 1175 935 3 902 932 961 3 902 961 937 3 902 937 1038 3 903 1038 937 3 903 937 936 3 904 1164 1171 3 904 1155 1158 3 904 1158 1161 3 904 1161 1164 3 905 939 1078 3 905 940 939 3 905 907 940 3 906 936 966 3 906 966 1137 3 906 1137 908 3 907 941 940 3 907 909 941 3 907 989 909 3 908 1137 942 3 909 989 1210 3 909 1125 941 3 909 971 1125 3 909 1210 971 3 910 942 1160 3 910 1160 943 3 910 943 912 3 911 972 1210 3 912 943 914 3 913 916 1168 3 914 943 973 3 914 973 975 3 916 944 1168 3 917 945 918 3 918 947 919 3 918 945 947 3 919 921 959 3 919 948 921 3 919 947 948 3 920 954 925 3 921 922 1209 3 921 1209 959 3 921 950 922 3 921 948 950 3 922 951 923 3 922 950 951 3 923 926 938 3 923 952 926 3 923 951 952 3 924 990 995 3 924 949 990 3 924 928 949 3 925 979 944 3 925 954 981 3 925 981 979 3 926 952 953 3 927 994 955 3 927 993 994 3 928 955 949 3 929 998 933 3 929 956 998 3 929 930 956 3 931 997 1123 3 932 1000 961 3 932 958 1000 3 932 933 958 3 933 998 958 3 934 1105 1107 3 936 937 965 3 936 965 966 3 937 963 965 3 937 961 963 3 939 1175 1078 3 939 940 964 3 940 967 964 3 940 941 967 3 941 1125 967 3 942 1137 1160 3 944 976 1168 3 944 979 976 3 945 982 947 3 945 980 982 3 945 978 980 3 947 982 948 3 948 983 950 3 948 982 983 3 949 955 1097 3 949 1097 1029 3 949 1029 990 3 950 986 951 3 950 983 986 3 951 987 952 3 951 986 987 3 952 991 953 3 952 987 991 3 953 991 992 3 954 995 985 3 954 985 981 3 955 994 1097 3 956 996 998 3 958 1036 1000 3 959 1193 1195 3 959 1209 1193 3 960 1074 1042 3 960 1042 1043 3 960 1079 1110 3 960 1043 1079 3 961 1000 963 3 962 999 1123 3 962 1001 999 3 962 1002 1001 3 963 1004 965 3 964 1005 1003 3 964 967 1005 3 965 1151 966 3 965 1004 1151 3 966 1007 1137 3 966 1151 1007 3 967 1006 1005 3 967 1008 1006 3 967 1125 1008 3 968 1158 1192 3 968 1201 1158 3 968 1076 1201 3 968 1192 1188 3 968 1135 1076 3 968 1188 1135 3 969 1178 1084 3 971 1210 972 3 971 1010 1125 3 971 1013 1010 3 971 972 1013 3 972 1015 1013 3 973 1016 975 3 974 1017 1015 3 974 1168 976 3 974 976 1017 3 975 1016 1018 3 976 979 1019 3 976 1019 1017 3 977 984 1040 3 977 1040 1069 3 977 1069 1072 3 977 1119 984 3 978 1020 980 3 978 1018 1020 3 979 981 1021 3 979 1021 1019 3 980 1023 982 3 980 1022 1023 3 980 1020 1022 3 982 1023 983 3 983 1024 986 3 983 1023 1024 3 984 1109 1194 3 984 1143 1109 3 984 1119 1143 3 985 995 1026 3 986 1027 987 3 986 1024 1027 3 987 988 991 3 987 1027 988 3 988 1064 991 3 988 1027 1050 3 988 1050 1064 3 990 1029 1025 3 990 1025 995 3 991 1030 992 3 991 1064 1030 3 992 1030 993 3 993 1030 1031 3 993 1031 994 3 994 1031 1032 3 995 1025 1026 3 996 1034 1033 3 999 1039 1035 3 999 1001 1039 3 1000 1036 1040 3 1001 1074 1039 3 1001 1042 1074 3 1001 1002 1042 3 1002 1003 1042 3 1003 1043 1042 3 1003 1005 1043 3 1004 1194 1151 3 1005 1006 1043 3 1006 1044 1043 3 1006 1047 1044 3 1006 1008 1047 3 1007 1009 1137 3 1007 1045 1009 3 1007 1151 1045 3 1008 1125 1010 3 1008 1048 1047 3 1008 1010 1048 3 1009 1160 1137 3 1009 1045 1049 3 1010 1011 1048 3 1010 1013 1011 3 1011 1013 1088 3 1011 1088 1058 3 1011 1058 1014 3 1011 1014 1048 3 1012 1058 1088 3 1012 1088 1087 3 1012 1121 1058 3 1012 1122 1121 3 1012 1087 1122 3 1013 1015 1088 3 1014 1081 1048 3 1014 1113 1081 3 1014 1117 1113 3 1014 1058 1117 3 1015 1017 1088 3 1016 1052 1018 3 1016 1051 1052 3 1017 1019 1054 3 1017 1054 1087 3 1017 1087 1088 3 1018 1053 1020 3 1018 1052 1053 3 1019 1056 1054 3 1019 1021 1056 3 1020 1055 1022 3 1020 1053 1055 3 1022 1059 1023 3 1022 1057 1059 3 1022 1055 1057 3 1023 1059 1024 3 1024 1061 1027 3 1024 1060 1061 3 1024 1059 1060 3 1025 1063 1026 3 1025 1062 1063 3 1025 1029 1062 3 1026 1063 1198 3 1027 1061 1050 3 1028 1029 1097 3 1028 1062 1029 3 1028 1068 1062 3 1030 1066 1031 3 1030 1065 1066 3 1030 1064 1065 3 1031 1066 1032 3 1032 1102 1103 3 1032 1066 1102 3 1033 1071 1070 3 1033 1034 1071 3 1036 1069 1040 3 1041 1098 1128 3 1041 1101 1098 3 1041 1133 1101 3 1041 1172 1133 3 1041 1169 1172 3 1041 1128 1169 3 1043 1044 1079 3 1044 1047 1081 3 1044 1081 1080 3 1044 1080 1079 3 1045 1151 1046 3 1045 1046 1082 3 1045 1082 1049 3 1046 1151 1194 3 1046 1194 1073 3 1046 1073 1082 3 1047 1048 1081 3 1049 1083 1051 3 1049 1082 1083 3 1050 1061 1096 3 1050 1096 1128 3 1050 1098 1064 3 1050 1128 1098 3 1051 1086 1052 3 1051 1083 1115 3 1051 1115 1086 3 1055 1091 1057 3 1057 1091 1092 3 1057 1092 1059 3 1058 1121 1117 3 1059 1092 1060 3 1060 1092 1094 3 1060 1094 1061 3 1061 1094 1096 3 1062 1100 1063 3 1062 1068 1100 3 1063 1100 1198 3 1064 1098 1065 3 1065 1098 1101 3 1065 1101 1066 3 1066 1101 1102 3 1067 1156 1159 3 1067 1159 1162 3 1068 1130 1100 3 1068 1103 1130 3 1069 1070 1072 3 1073 1112 1082 3 1073 1194 1109 3 1073 1146 1112 3 1073 1109 1146 3 1075 1177 1143 3 1075 1143 1119 3 1075 1119 1173 3 1075 1184 1177 3 1075 1179 1184 3 1075 1173 1179 3 1076 1204 1201 3 1076 1203 1204 3 1076 1135 1106 3 1076 1106 1199 3 1076 1199 1203 3 1079 1080 1110 3 1080 1148 1110 3 1080 1113 1148 3 1080 1081 1113 3 1082 1112 1083 3 1083 1112 1115 3 1086 1115 1118 3 1089 1128 1096 3 1089 1096 1094 3 1089 1094 1126 3 1089 1169 1128 3 1089 1126 1164 3 1089 1164 1165 3 1089 1165 1169 3 1091 1171 1092 3 1092 1126 1094 3 1092 1171 1126 3 1100 1130 1131 3 1101 1133 1102 3 1102 1133 1103 3 1103 1133 1130 3 1104 1136 1134 3 1104 1108 1136 3 1106 1189 1186 3 1106 1186 1190 3 1106 1135 1189 3 1106 1190 1196 3 1106 1196 1199 3 1108 1141 1140 3 1108 1140 1136 3 1109 1143 1146 3 1110 1147 1144 3 1110 1148 1147 3 1111 1162 1167 3 1111 1167 1131 3 1111 1129 1170 3 1111 1130 1129 3 1111 1131 1130 3 1112 1116 1115 3 1112 1146 1116 3 1113 1152 1148 3 1113 1117 1152 3 1115 1116 1118 3 1116 1153 1118 3 1116 1183 1153 3 1116 1177 1183 3 1116 1146 1177 3 1117 1121 1154 3 1117 1154 1152 3 1118 1153 1155 3 1119 1138 1173 3 1121 1157 1154 3 1121 1122 1157 3 1122 1163 1157 3 1122 1207 1163 3 1126 1171 1164 3 1129 1130 1133 3 1129 1133 1172 3 1129 1172 1170 3 1134 1136 1139 3 1134 1139 1138 3 1135 1188 1185 3 1135 1185 1189 3 1136 1140 1139 3 1138 1174 1173 3 1138 1139 1174 3 1140 1141 1176 3 1141 1144 1176 3 1143 1177 1146 3 1144 1147 1182 3 1144 1182 1176 3 1147 1187 1182 3 1147 1150 1187 3 1147 1148 1150 3 1148 1152 1150 3 1150 1152 1191 3 1152 1154 1191 3 1153 1183 1192 3 1153 1192 1155 3 1154 1156 1191 3 1154 1157 1156 3 1155 1192 1158 3 1156 1157 1159 3 1157 1163 1159 3 1158 1201 1161 3 1159 1163 1167 3 1159 1167 1162 3 1161 1165 1164 3 1161 1204 1165 3 1161 1201 1204 3 1163 1207 1167 3 1165 1205 1169 3 1165 1204 1205 3 1166 1205 1206 3 1166 1169 1205 3 1166 1172 1169 3 1166 1170 1172 3 1173 1174 1179 3 1174 1180 1179 3 1176 1182 1186 3 1176 1186 1181 3 1177 1184 1183 3 1179 1180 1185 3 1179 1185 1184 3 1180 1189 1185 3 1180 1181 1189 3 1181 1186 1189 3 1182 1187 1186 3 1183 1184 1188 3 1183 1188 1192 3 1184 1185 1188 3 1186 1187 1190 3 1197 1203 1199 3 1197 1206 1203 3 1203 1206 1204 3 1204 1206 1205 
4817 1204 3 1212 1814 1214 3 1212 1245 1814 3 1212 1241 1240 3 1212 1240 1245 3 1212 1246 1241 3 1212 1214 1246 3 1213 1814 1244 3 1213 1784 1814 3 1213 1219 1784 3 1213 1215 1219 3 1213 1450 1215 3 1213 1244 1450 3 1214 1217 1248 3 1214 1216 1217 3 1214 1784 1216 3 1214 1814 1784 3 1214 1248 1246 3 1215 1450 1218 3 1215 1218 1222 3 1215 1222 1223 3 1215 1223 1219 3 1216 1220 1557 3 1216 1784 1220 3 1216 1557 1217 3 1217 1251 1249 3 1217 1249 1248 3 1217 1557 1251 3 1218 1250 1572 3 1218 1450 1250 3 1218 1253 1222 3 1218 1572 1253 3 1219 1220 1784 3 1219 1223 1224 3 1219 1224 1220 3 1220 1224 1225 3 1220 1225 1557 3 1221 1314 1285 3 1221 1285 1288 3 1221 1288 1290 3 1221 1290 1318 3 1221 1348 1314 3 1221 1318 1348 3 1222 1523 1223 3 1222 1253 1523 3 1223 1226 1224 3 1223 1230 1226 3 1223 1523 1230 3 1224 1226 1225 3 1225 1227 1557 3 1225 1233 1227 3 1225 1232 1233 3 1225 1226 1232 3 1226 1230 1231 3 1226 1231 1232 3 1227 1645 1557 3 1227 1233 1234 3 1227 1234 1645 3 1228 1680 1740 3 1228 1740 1653 3 1228 1653 1408 3 1228 1408 1691 3 1228 1691 1680 3 1229 1781 1458 3 1229 1699 1781 3 1229 1430 1699 3 1229 1458 1489 3 1229 1489 1463 3 1229 1463 1430 3 1230 1523 1261 3 1230 1261 1262 3 1230 1262 1231 3 1231 1235 1232 3 1231 1265 1235 3 1231 1262 1265 3 1232 1235 1233 3 1233 1235 1236 3 1233 1236 1234 3 1234 1258 1645 3 1234 1237 1258 3 1234 1236 1237 3 1235 1265 1238 3 1235 1238 1236 3 1236 1266 1237 3 1236 1238 1266 3 1237 1266 1269 3 1237 1269 1575 3 1237 1575 1258 3 1238 1265 1268 3 1238 1391 1266 3 1238 1268 1391 3 1239 1794 1244 3 1239 1270 1794 3 1239 1774 1270 3 1239 1245 1774 3 1239 1244 1245 3 1240 1774 1245 3 1240 1271 1774 3 1240 1272 1271 3 1240 1241 1272 3 1241 1246 1242 3 1241 1242 1272 3 1242 1246 1247 3 1242 1273 1272 3 1242 1476 1273 3 1242 1247 1476 3 1243 1794 1277 3 1243 1450 1794 3 1243 1250 1450 3 1243 1279 1250 3 1243 1277 1279 3 1244 1814 1245 3 1244 1794 1450 3 1246 1248 1247 3 1247 1278 1476 3 1247 1249 1278 3 1247 1248 1249 3 1249 1251 1252 3 1249 1280 1278 3 1249 1281 1280 3 1249 1252 1281 3 1250 1279 1309 3 1250 1309 1572 3 1251 1548 1252 3 1251 1557 1645 3 1251 1645 1548 3 1252 1255 1281 3 1252 1548 1255 3 1253 1572 1786 3 1253 1786 1257 3 1253 1257 1523 3 1254 1377 1437 3 1254 1772 1377 3 1254 1439 1772 3 1254 1500 1439 3 1254 1437 1496 3 1254 1496 1500 3 1255 1286 1283 3 1255 1283 1281 3 1255 1256 1285 3 1255 1548 1256 3 1255 1285 1286 3 1256 1548 1258 3 1256 1258 1259 3 1256 1259 1285 3 1257 1786 1362 3 1257 1261 1523 3 1257 1260 1261 3 1257 1287 1260 3 1257 1362 1287 3 1258 1548 1645 3 1258 1575 1259 3 1259 1288 1285 3 1259 1575 1288 3 1260 1287 1289 3 1260 1289 1291 3 1260 1291 1263 3 1260 1263 1261 3 1261 1263 1262 3 1262 1264 1265 3 1262 1263 1264 3 1263 1292 1264 3 1263 1291 1292 3 1264 1292 1293 3 1264 1293 1268 3 1264 1268 1265 3 1266 1391 1269 3 1267 1425 1811 3 1267 1406 1425 3 1267 1811 1365 3 1267 1365 1409 3 1267 1409 1406 3 1268 1296 1391 3 1268 1295 1296 3 1268 1293 1295 3 1269 1322 1575 3 1269 1294 1322 3 1269 1297 1294 3 1269 1391 1297 3 1270 1774 1773 3 1270 1773 1302 3 1270 1302 1274 3 1270 1274 1794 3 1271 1299 1774 3 1271 1785 1299 3 1271 1300 1785 3 1271 1272 1300 3 1272 1273 1300 3 1273 1476 1304 3 1273 1304 1741 3 1273 1741 1300 3 1274 1277 1794 3 1274 1303 1277 3 1274 1301 1303 3 1274 1302 1301 3 1275 1503 1472 3 1275 1472 1501 3 1275 1501 1530 3 1275 1530 1563 3 1275 1567 1503 3 1275 1563 1567 3 1276 1775 1691 3 1276 1778 1775 3 1276 1783 1778 3 1276 1691 1789 3 1276 1789 1788 3 1276 1788 1783 3 1277 1303 1279 3 1278 1280 1306 3 1278 1306 1594 3 1278 1594 1476 3 1279 1303 1305 3 1279 1305 1309 3 1280 1281 1307 3 1280 1307 1306 3 1281 1308 1307 3 1281 1283 1308 3 1282 1786 1572 3 1282 1572 1309 3 1282 1309 1343 3 1282 1343 1310 3 1282 1310 1362 3 1282 1362 1786 3 1283 1286 1311 3 1283 1811 1308 3 1283 1311 1811 3 1284 1509 1393 3 1284 1537 1509 3 1284 1573 1537 3 1284 1393 1571 3 1284 1571 1631 3 1284 1631 1445 3 1284 1445 1573 3 1285 1314 1286 3 1286 1314 1311 3 1287 1362 1313 3 1287 1313 1317 3 1287 1317 1289 3 1288 1575 1322 3 1288 1322 1290 3 1289 1320 1291 3 1289 1319 1320 3 1289 1317 1319 3 1290 1323 1318 3 1290 1322 1323 3 1291 1324 1292 3 1291 1320 1324 3 1292 1324 1325 3 1292 1325 1293 3 1293 1325 1295 3 1294 1297 1326 3 1294 1326 1321 3 1294 1321 1322 3 1295 1325 1528 3 1295 1328 1296 3 1295 1330 1328 3 1295 1528 1330 3 1296 1328 1329 3 1296 1329 1297 3 1296 1297 1391 3 1297 1329 1326 3 1298 1359 1639 3 1298 1639 1773 3 1298 1773 1299 3 1298 1299 1332 3 1298 1332 1359 3 1299 1773 1774 3 1299 1785 1332 3 1300 1531 1785 3 1300 1741 1531 3 1301 1302 1333 3 1301 1333 1335 3 1301 1335 1303 3 1302 1639 1333 3 1302 1773 1639 3 1303 1335 1336 3 1303 1336 1305 3 1304 1476 1594 3 1304 1594 1367 3 1304 1367 1741 3 1305 1339 1309 3 1305 1336 1339 3 1306 1337 1594 3 1306 1338 1337 3 1306 1307 1338 3 1307 1425 1338 3 1307 1308 1425 3 1308 1811 1425 3 1309 1339 1340 3 1309 1340 1343 3 1310 1313 1362 3 1310 1312 1313 3 1310 1344 1312 3 1310 1343 1344 3 1311 1314 1346 3 1311 1796 1811 3 1311 1346 1796 3 1312 1344 1345 3 1312 1345 1347 3 1312 1347 1313 3 1313 1347 1317 3 1314 1348 1346 3 1315 1330 1390 3 1315 1357 1330 3 1315 1392 1357 3 1315 1422 1392 3 1315 1421 1422 3 1315 1390 1421 3 1316 1454 1424 3 1316 1424 1456 3 1316 1456 1517 3 1316 1517 1516 3 1316 1516 1485 3 1316 1485 1454 3 1317 1349 1319 3 1317 1347 1349 3 1318 1381 1348 3 1318 1350 1381 3 1318 1323 1350 3 1319 1349 1351 3 1319 1351 1352 3 1319 1352 1320 3 1320 1352 1324 3 1321 1323 1322 3 1321 1354 1323 3 1321 1353 1354 3 1321 1326 1353 3 1323 1354 1350 3 1324 1352 1493 3 1324 1493 1325 3 1325 1493 1528 3 1326 1739 1353 3 1326 1357 1739 3 1326 1329 1357 3 1327 1409 1365 3 1327 1438 1409 3 1327 1365 1412 3 1327 1412 1471 3 1327 1471 1438 3 1328 1357 1329 3 1328 1330 1357 3 1330 1528 1390 3 1331 1546 1518 3 1331 1518 1488 3 1331 1488 1779 3 1331 1779 1552 3 1331 1587 1546 3 1331 1590 1587 3 1331 1552 1590 3 1332 1360 1359 3 1332 1361 1360 3 1332 1785 1361 3 1333 1451 1335 3 1333 1364 1451 3 1333 1639 1364 3 1334 1447 1508 3 1334 1413 1447 3 1334 1448 1413 3 1334 1508 1509 3 1334 1509 1478 3 1334 1478 1448 3 1335 1369 1336 3 1335 1451 1369 3 1336 1373 1339 3 1336 1371 1373 3 1336 1369 1371 3 1337 1338 1372 3 1337 1372 1370 3 1337 1370 1594 3 1338 1425 1374 3 1338 1374 1372 3 1339 1373 1375 3 1339 1375 1340 3 1340 1375 1376 3 1340 1376 1343 3 1341 1704 1666 3 1341 1666 1702 3 1341 1702 1777 3 1341 1735 1704 3 1341 1768 1735 3 1341 1777 1768 3 1342 1400 1431 3 1342 1429 1400 3 1342 1460 1429 3 1342 1431 1464 3 1342 1464 1601 3 1342 1601 1779 3 1342 1779 1460 3 1343 1378 1344 3 1343 1376 1378 3 1344 1378 1379 3 1344 1379 1345 3 1345 1668 1347 3 1345 1736 1668 3 1345 1379 1736 3 1346 1348 1380 3 1346 1380 1796 3 1347 1668 1349 3 1348 1381 1380 3 1349 1668 1383 3 1349 1383 1351 3 1350 1354 1384 3 1350 1384 1415 3 1350 1415 1381 3 1351 1413 1352 3 1351 1383 1413 3 1352 1386 1493 3 1352 1413 1386 3 1353 1387 1354 3 1353 1419 1387 3 1353 1739 1419 3 1354 1387 1384 3 1355 1418 1392 3 1355 1392 1422 3 1355 1422 1453 3 1355 1453 1483 3 1355 1483 1484 3 1355 1484 1449 3 1355 1449 1418 3 1356 1507 1535 3 1356 1520 1507 3 1356 1505 1444 3 1356 1444 1443 3 1356 1416 1520 3 1356 1443 1416 3 1356 1535 1505 3 1357 1392 1739 3 1358 1364 1639 3 1358 1639 1359 3 1358 1394 1428 3 1358 1359 1394 3 1358 1428 1781 3 1358 1781 1364 3 1359 1360 1394 3 1360 1361 1682 3 1360 1682 1394 3 1361 1785 1531 3 1361 1531 1395 3 1361 1395 1682 3 1363 1397 1396 3 1363 1396 1395 3 1363 1395 1531 3 1363 1531 1741 3 1363 1741 1397 3 1364 1699 1451 3 1364 1781 1699 3 1365 1811 1796 3 1365 1796 1412 3 1366 1420 1478 3 1366 1480 1420 3 1366 1511 1480 3 1366 1478 1537 3 1366 1537 1576 3 1366 1576 1511 3 1367 1594 1370 3 1367 1397 1741 3 1367 1400 1397 3 1367 1370 1400 3 1368 1369 1399 3 1368 1371 1369 3 1368 1401 1371 3 1368 1432 1401 3 1368 1399 1432 3 1369 1451 1399 3 1370 1402 1400 3 1370 1372 1402 3 1371 1401 1404 3 1371 1404 1373 3 1372 1403 1402 3 1372 1374 1403 3 1373 1404 1375 3 1374 1406 1403 3 1374 1425 1406 3 1375 1407 1376 3 1375 1405 1407 3 1375 1404 1405 3 1376 1377 1378 3 1376 1407 1377 3 1377 1407 1437 3 1377 1772 1378 3 1378 1772 1379 3 1379 1772 1736 3 1380 1381 1414 3 1380 1412 1796 3 1380 1441 1412 3 1380 1414 1441 3 1381 1415 1414 3 1382 1590 1591 3 1382 1611 1590 3 1382 1644 1611 3 1382 1646 1644 3 1382 1647 1646 3 1382 1613 1647 3 1382 1591 1613 3 1383 1447 1413 3 1383 1446 1447 3 1383 1398 1446 3 1383 1668 1398 3 1384 1416 1415 3 1384 1389 1416 3 1384 1387 1389 3 1385 1536 1747 3 1385 1747 1750 3 1385 1750 1815 3 1385 1815 1805 3 1385 1805 1536 3 1386 1388 1493 3 1386 1413 1417 3 1386 1417 1388 3 1387 1419 1389 3 1388 1528 1493 3 1388 1390 1528 3 1388 1410 1390 3 1388 1420 1410 3 1388 1417 1420 3 1389 1419 1449 3 1389 1520 1416 3 1389 1479 1520 3 1389 1449 1479 3 1390 1410 1421 3 1392 1418 1739 3 1393 1506 1534 3 1393 1508 1506 3 1393 1509 1508 3 1393 1534 1571 3 1394 1682 1424 3 1394 1424 1428 3 1395 1426 1682 3 1395 1396 1426 3 1396 1397 1411 3 1396 1487 1426 3 1396 1411 1487 3 1397 1400 1429 3 1397 1429 1411 3 1398 1668 1442 3 1398 1442 1473 3 1398 1473 1474 3 1398 1474 1446 3 1399 1430 1432 3 1399 1699 1430 3 1399 1451 1699 3 1400 1402 1431 3 1401 1432 1466 3 1401 1466 1434 3 1401 1434 1404 3 1402 1403 1433 3 1402 1433 1431 3 1403 1406 1435 3 1403 1435 1433 3 1404 1434 1405 3 1405 1434 1468 3 1405 1468 1437 3 1405 1437 1407 3 1406 1409 1436 3 1406 1436 1435 3 1408 1536 1691 3 1408 1510 1747 3 1408 1653 1510 3 1408 1747 1536 3 1409 1469 1436 3 1409 1438 1469 3 1410 1420 1480 3 1410 1452 1421 3 1410 1480 1452 3 1411 1488 1487 3 1411 1429 1460 3 1411 1460 1488 3 1412 1441 1471 3 1413 1448 1417 3 1414 1443 1444 3 1414 1415 1443 3 1414 1444 1441 3 1415 1416 1443 3 1417 1448 1420 3 1418 1419 1739 3 1418 1449 1419 3 1420 1448 1478 3 1421 1452 1422 3 1422 1452 1453 3 1423 1494 1468 3 1423 1468 1434 3 1423 1434 1466 3 1423 1466 1492 3 1423 1492 1522 3 1423 1522 1524 3 1423 1524 1494 3 1424 1682 1456 3 1424 1454 1428 3 1426 1487 1457 3 1426 1457 1456 3 1426 1456 1682 3 1427 1589 1737 3 1427 1776 1589 3 1427 1737 1676 3 1427 1676 1711 3 1427 1711 1632 3 1427 1632 1776 3 1428 1458 1781 3 1428 1490 1458 3 1428 1454 1490 3 1430 1463 1432 3 1431 1433 1464 3 1432 1463 1492 3 1432 1492 1466 3 1433 1465 1464 3 1433 1467 1465 3 1433 1435 1467 3 1435 1436 1467 3 1436 1495 1467 3 1436 1469 1495 3 1437 1468 1496 3 1438 1497 1469 3 1438 1782 1497 3 1438 1471 1782 3 1439 1736 1772 3 1439 1500 1501 3 1439 1501 1472 3 1439 1472 1736 3 1440 1641 1622 3 1440 1622 1623 3 1440 1623 1656 3 1440 1656 1694 3 1440 1690 1641 3 1440 1723 1690 3 1440 1694 1723 3 1441 1502 1471 3 1441 1505 1502 3 1441 1444 1505 3 1442 1668 1736 3 1442 1472 1473 3 1442 1736 1472 3 1445 1606 1573 3 1445 1635 1606 3 1445 1634 1635 3 1445 1664 1634 3 1445 1631 1664 3 1446 1474 1508 3 1446 1508 1447 3 1449 1484 1479 3 1452 1482 1453 3 1452 1481 1482 3 1452 1480 1481 3 1453 1482 1483 3 1454 1485 1490 3 1455 1565 1657 3 1455 1568 1565 3 1455 1570 1568 3 1455 1629 1570 3 1455 1661 1629 3 1455 1659 1661 3 1455 1657 1659 3 1456 1457 1517 3 1457 1486 1517 3 1457 1487 1486 3 1458 1490 1489 3 1459 1607 1731 3 1459 1608 1607 3 1459 1640 1608 3 1459 1669 1640 3 1459 1731 1667 3 1459 1667 1705 3 1459 1705 1669 3 1460 1779 1488 3 1461 1585 1581 3 1461 1581 1610 3 1461 1610 1642 3 1461 1654 1585 3 1461 1672 1654 3 1461 1673 1672 3 1461 1642 1673 3 1462 1655 1767 3 1462 1767 1598 3 1462 1598 1621 3 1462 1621 1651 3 1462 1651 1689 3 1462 1689 1655 3 1463 1489 1519 3 1463 1521 1492 3 1463 1519 1521 3 1464 1465 1491 3 1464 1491 1601 3 1465 1467 1626 3 1465 1626 1491 3 1467 1495 1626 3 1468 1494 1496 3 1469 1497 1495 3 1470 1507 1604 3 1470 1604 1538 3 1470 1538 1574 3 1470 1734 1553 3 1470 1553 1507 3 1470 1574 1734 3 1471 1502 1782 3 1472 1503 1473 3 1473 1503 1504 3 1473 1504 1474 3 1474 1506 1508 3 1474 1504 1506 3 1475 1495 1525 3 1475 1626 1495 3 1475 1477 1626 3 1475 1595 1477 3 1475 1596 1595 3 1475 1525 1596 3 1477 1554 1491 3 1477 1491 1626 3 1477 1592 1554 3 1477 1616 1592 3 1477 1595 1616 3 1478 1509 1537 3 1479 1604 1520 3 1479 1484 1513 3 1479 1513 1604 3 1480 1511 1481 3 1481 1511 1555 3 1481 1555 1539 3 1481 1539 1482 3 1482 1539 1540 3 1482 1540 1483 3 1483 1540 1512 3 1483 1512 1484 3 1484 1512 1513 3 1485 1514 1490 3 1485 1515 1514 3 1485 1516 1515 3 1486 1544 1517 3 1486 1487 1518 3 1486 1518 1545 3 1486 1545 1544 3 1487 1488 1518 3 1489 1490 1564 3 1489 1564 1519 3 1490 1514 1564 3 1491 1554 1601 3 1492 1612 1522 3 1492 1521 1612 3 1494 1524 1526 3 1494 1526 1496 3 1495 1497 1525 3 1496 1526 1527 3 1496 1527 1500 3 1497 1560 1525 3 1497 1782 1560 3 1498 1583 1586 3 1498 1610 1583 3 1498 1642 1610 3 1498 1674 1642 3 1498 1675 1674 3 1498 1643 1675 3 1498 1586 1643 3 1499 1560 1782 3 1499 1600 1560 3 1499 1603 1600 3 1499 1782 1532 3 1499 1532 1566 3 1499 1566 1603 3 1500 1527 1529 3 1500 1530 1501 3 1500 1529 1530 3 1502 1505 1532 3 1502 1532 1782 3 1503 1567 1533 3 1503 1533 1504 3 1504 1533 1506 3 1505 1605 1532 3 1505 1535 1605 3 1506 1533 1534 3 1507 1553 1535 3 1507 1520 1604 3 1510 1679 1790 3 1510 1678 1679 3 1510 1653 1678 3 1510 1790 1747 3 1511 1576 1555 3 1512 1542 1513 3 1512 1541 1542 3 1512 1540 1541 3 1513 1538 1604 3 1513 1542 1538 3 1514 1515 1580 3 1514 1580 1584 3 1514 1584 1547 3 1514 1547 1564 3 1515 1516 1543 3 1515 1543 1581 3 1515 1581 1580 3 1516 1517 1543 3 1517 1544 1543 3 1518 1546 1545 3 1519 1550 1521 3 1519 1551 1550 3 1519 1564 1551 3 1521 1550 1612 3 1522 1612 1549 3 1522 1549 1556 3 1522 1556 1524 3 1524 1558 1526 3 1524 1556 1558 3 1525 1599 1596 3 1525 1560 1599 3 1526 1559 1527 3 1526 1558 1559 3 1527 1561 1529 3 1527 1559 1561 3 1529 1562 1530 3 1529 1561 1562 3 1530 1562 1563 3 1532 1605 1566 3 1533 1568 1534 3 1533 1567 1568 3 1534 1570 1571 3 1534 1568 1570 3 1535 1569 1605 3 1535 1553 1569 3 1536 1805 1753 3 1536 1638 1691 3 1536 1753 1638 3 1537 1573 1576 3 1538 1542 1574 3 1539 1577 1540 3 1539 1555 1577 3 1540 1578 1541 3 1540 1577 1578 3 1541 1578 1640 3 1541 1640 1579 3 1541 1579 1542 3 1542 1579 1574 3 1543 1582 1581 3 1543 1544 1582 3 1544 1545 1582 3 1545 1583 1582 3 1545 1546 1583 3 1546 1587 1586 3 1546 1586 1583 3 1547 1551 1564 3 1547 1589 1551 3 1547 1737 1589 3 1547 1584 1737 3 1549 1617 1556 3 1549 1612 1593 3 1549 1593 1615 3 1549 1615 1617 3 1550 1551 1588 3 1550 1588 1593 3 1550 1593 1612 3 1551 1589 1588 3 1552 1554 1591 3 1552 1601 1554 3 1552 1779 1601 3 1552 1591 1590 3 1553 1734 1718 3 1553 1718 1569 3 1554 1592 1591 3 1555 1576 1607 3 1555 1607 1577 3 1556 1597 1558 3 1556 1620 1597 3 1556 1617 1620 3 1558 1597 1559 3 1559 1597 1598 3 1559 1598 1561 3 1560 1600 1599 3 1561 1598 1767 3 1561 1767 1562 3 1562 1767 1602 3 1562 1602 1563 3 1563 1565 1567 3 1563 1602 1565 3 1565 1568 1567 3 1565 1602 1657 3 1566 1605 1627 3 1566 1627 1625 3 1566 1625 1603 3 1569 1628 1627 3 1569 1627 1605 3 1569 1718 1628 3 1570 1629 1571 3 1571 1629 1631 3 1573 1606 1576 3 1574 1637 1734 3 1574 1636 1637 3 1574 1579 1636 3 1576 1606 1607 3 1577 1607 1608 3 1577 1608 1578 3 1578 1608 1640 3 1579 1640 1636 3 1580 1585 1584 3 1580 1581 1585 3 1581 1582 1610 3 1582 1583 1610 3 1584 1654 1737 3 1584 1585 1654 3 1586 1611 1643 3 1586 1587 1611 3 1587 1590 1611 3 1588 1589 1776 3 1588 1776 1593 3 1591 1592 1613 3 1592 1616 1613 3 1593 1776 1615 3 1595 1596 1619 3 1595 1619 1618 3 1595 1618 1616 3 1596 1599 1619 3 1597 1620 1621 3 1597 1621 1598 3 1599 1600 1622 3 1599 1622 1641 3 1599 1641 1619 3 1600 1623 1622 3 1600 1603 1623 3 1602 1624 1657 3 1602 1767 1624 3 1603 1625 1623 3 1606 1635 1731 3 1606 1731 1607 3 1609 1705 1735 3 1609 1706 1705 3 1609 1735 1769 3 1609 1769 1770 3 1609 1770 1744 3 1609 1744 1706 3 1611 1644 1643 3 1613 1616 1648 3 1613 1648 1647 3 1614 1686 1648 3 1614 1648 1618 3 1614 1618 1619 3 1614 1619 1652 3 1614 1652 1630 3 1614 1630 1686 3 1615 1776 1632 3 1615 1632 1649 3 1615 1649 1617 3 1616 1618 1648 3 1617 1649 1650 3 1617 1650 1620 3 1619 1641 1652 3 1620 1650 1651 3 1620 1651 1621 3 1623 1625 1656 3 1624 1767 1655 3 1624 1655 1693 3 1624 1693 1657 3 1625 1658 1656 3 1625 1627 1658 3 1627 1660 1658 3 1627 1628 1660 3 1628 1718 1663 3 1628 1663 1660 3 1629 1662 1631 3 1629 1661 1662 3 1630 1652 1690 3 1630 1771 1686 3 1630 1720 1771 3 1630 1690 1720 3 1631 1662 1664 3 1632 1685 1649 3 1632 1711 1683 3 1632 1683 1685 3 1633 1663 1718 3 1633 1718 1734 3 1633 1734 1637 3 1633 1637 1665 3 1633 1665 1663 3 1634 1664 1702 3 1634 1702 1666 3 1634 1666 1635 3 1635 1666 1667 3 1635 1667 1731 3 1636 1640 1670 3 1636 1670 1671 3 1636 1671 1637 3 1637 1671 1665 3 1638 1789 1691 3 1638 1753 1789 3 1640 1669 1670 3 1641 1690 1652 3 1642 1674 1673 3 1643 1644 1675 3 1644 1679 1675 3 1644 1646 1679 3 1646 1647 1681 3 1646 1681 1679 3 1647 1648 1684 3 1647 1684 1681 3 1648 1686 1684 3 1649 1685 1650 3 1650 1687 1651 3 1650 1685 1687 3 1651 1687 1689 3 1653 1674 1678 3 1653 1710 1674 3 1653 1740 1710 3 1654 1672 1677 3 1654 1677 1676 3 1654 1676 1737 3 1655 1689 1719 3 1655 1692 1693 3 1655 1719 1692 3 1656 1658 1694 3 1657 1695 1659 3 1657 1693 1695 3 1658 1696 1694 3 1658 1660 1696 3 1659 1695 1697 3 1659 1697 1661 3 1660 1663 1688 3 1660 1688 1696 3 1661 1697 1698 3 1661 1698 1662 3 1662 1698 1700 3 1662 1700 1664 3 1663 1665 1701 3 1663 1701 1688 3 1664 1700 1702 3 1665 1703 1701 3 1665 1671 1703 3 1666 1704 1667 3 1667 1704 1705 3 1669 1706 1670 3 1669 1705 1706 3 1670 1706 1744 3 1670 1744 1671 3 1671 1744 1703 3 1672 1707 1677 3 1672 1673 1707 3 1673 1674 1710 3 1673 1710 1707 3 1674 1675 1678 3 1675 1679 1678 3 1676 1708 1711 3 1676 1677 1708 3 1677 1738 1708 3 1677 1709 1738 3 1677 1707 1709 3 1679 1681 1790 3 1680 1709 1740 3 1680 1738 1709 3 1680 1743 1738 3 1680 1775 1743 3 1680 1691 1775 3 1681 1684 1790 3 1683 1711 1713 3 1683 1713 1714 3 1683 1714 1685 3 1684 1715 1790 3 1684 1686 1715 3 1685 1714 1716 3 1685 1716 1687 3 1686 1771 1715 3 1687 1716 1717 3 1687 1717 1689 3 1688 1728 1696 3 1688 1701 1730 3 1688 1730 1728 3 1689 1717 1719 3 1690 1723 1720 3 1692 1724 1693 3 1692 1719 1722 3 1692 1722 1724 3 1693 1724 1695 3 1694 1725 1723 3 1694 1696 1725 3 1695 1724 1726 3 1695 1726 1697 3 1696 1728 1725 3 1697 1729 1698 3 1697 1726 1729 3 1698 1712 1700 3 1698 1729 1712 3 1700 1712 1702 3 1701 1733 1730 3 1701 1703 1733 3 1702 1712 1777 3 1703 1744 1732 3 1703 1732 1733 3 1704 1735 1705 3 1707 1710 1709 3 1708 1742 1713 3 1708 1713 1711 3 1708 1738 1742 3 1709 1710 1740 3 1712 1729 1764 3 1712 1764 1777 3 1713 1745 1714 3 1713 1742 1745 3 1714 1748 1716 3 1714 1745 1748 3 1715 1771 1750 3 1715 1750 1747 3 1715 1747 1790 3 1716 1748 1717 3 1717 1752 1719 3 1717 1748 1752 3 1719 1754 1722 3 1719 1752 1754 3 1720 1723 1755 3 1720 1755 1815 3 1720 1815 1771 3 1721 1733 1732 3 1721 1732 1770 3 1721 1770 1812 3 1721 1812 1813 3 1721 1813 1765 3 1721 1765 1733 3 1722 1759 1724 3 1722 1756 1759 3 1722 1754 1756 3 1723 1758 1755 3 1723 1725 1758 3 1724 1759 1726 3 1725 1728 1760 3 1725 1760 1758 3 1726 1759 1761 3 1726 1761 1729 3 1727 1728 1730 3 1727 1760 1728 3 1727 1763 1760 3 1727 1765 1763 3 1727 1730 1765 3 1729 1761 1764 3 1730 1733 1765 3 1732 1744 1770 3 1735 1768 1769 3 1738 1743 1742 3 1742 1743 1746 3 1742 1746 1745 3 1743 1775 1746 3 1745 1746 1749 3 1745 1749 1748 3 1746 1778 1749 3 1746 1775 1778 3 1748 1749 1751 3 1748 1751 1752 3 1749 1778 1751 3 1750 1771 1815 3 1751 1754 1752 3 1751 1787 1754 3 1751 1778 1787 3 1753 1795 1789 3 1753 1801 1795 3 1753 1797 1801 3 1753 1805 1797 3 1754 1787 1756 3 1755 1793 1815 3 1755 1757 1793 3 1755 1758 1757 3 1756 1787 1791 3 1756 1791 1759 3 1757 1758 1760 3 1757 1760 1763 3 1757 1763 1802 3 1757 1802 1793 3 1759 1791 1761 3 1761 1798 1762 3 1761 1762 1764 3 1761 1791 1798 3 1762 1780 1764 3 1762 1803 1780 3 1762 1798 1803 3 1763 1765 1813 3 1763 1813 1808 3 1763 1808 1802 3 1764 1780 1777 3 1766 1768 1777 3 1766 1777 1780 3 1766 1810 1809 3 1766 1809 1768 3 1766 1780 1810 3 1768 1809 1769 3 1769 1809 1812 3 1769 1812 1770 3 1778 1783 1787 3 1780 1803 1804 3 1780 1804 1810 3 1783 1788 1792 3 1783 1792 1787 3 1787 1792 1791 3 1788 1799 1792 3 1788 1795 1799 3 1788 1789 1795 3 1791 1792 1798 3 1792 1799 1798 3 1793 1805 1815 3 1793 1797 1805 3 1793 1802 1797 3 1795 1800 1799 3 1795 1801 1800 3 1797 1802 1808 3 1797 1808 1801 3 1798 1799 1803 3 1799 1800 1804 3 1799 1804 1803 3 1800 1810 1804 3 1800 1807 1806 3 1800 1801 1807 3 1800 1806 1810 3 1801 1808 1807 3 1806 1807 1812 3 1806 1812 1809 3 1806 1809 1810 3 1807 1808 1813 3 1807 1813 1812 
4833 1208 3 1816 2167 1819 3 1816 1819 1820 3 1816 1820 1846 3 1816 1871 2097 3 1816 2097 2167 3 1816 1844 1871 3 1816 1846 1844 3 1817 2287 2337 3 1817 2337 1821 3 1817 1821 2034 3 1817 2034 1845 3 1817 1845 2287 3 1818 2167 1842 3 1818 1842 2034 3 1818 2034 1821 3 1818 1821 1833 3 1818 1833 1819 3 1818 1819 2167 3 1819 1833 1820 3 1820 1833 1822 3 1820 1822 1846 3 1821 2337 1843 3 1821 1843 1833 3 1822 1957 1846 3 1822 2410 1957 3 1822 1827 2410 3 1822 1833 1827 3 1823 2101 2100 3 1823 2100 2163 3 1823 2137 2101 3 1823 2163 2202 3 1823 2203 2137 3 1823 2202 2203 3 1824 2187 2282 3 1824 2282 2071 3 1824 2329 2187 3 1824 2071 2344 3 1824 2344 2348 3 1824 2348 2329 3 1825 1851 1829 3 1825 1829 2337 3 1825 2337 2287 3 1825 2287 1849 3 1825 1849 1851 3 1826 1831 2334 3 1826 1850 1831 3 1826 1877 1850 3 1826 1880 1877 3 1826 1856 1880 3 1826 2334 1856 3 1827 1833 2295 3 1827 2295 1835 3 1827 1835 1831 3 1827 1831 2410 3 1828 2377 2417 3 1828 2341 2377 3 1828 2310 2341 3 1828 2408 2310 3 1828 2303 2408 3 1828 2417 2303 3 1829 1851 1853 3 1829 1832 1830 3 1829 1830 2337 3 1829 1853 1832 3 1830 1832 2305 3 1830 2096 2337 3 1830 2305 2096 3 1831 1850 2410 3 1831 1835 2334 3 1832 1853 1858 3 1832 1858 1836 3 1832 1836 2305 3 1833 2096 2295 3 1833 1843 2096 3 1834 2366 2277 3 1834 1886 2366 3 1834 2406 1886 3 1834 2409 2406 3 1834 2407 2409 3 1834 2277 2407 3 1835 2295 1838 3 1835 1838 1839 3 1835 1839 2334 3 1836 1858 1859 3 1836 1859 2388 3 1836 2388 2305 3 1837 2173 2210 3 1837 2214 2173 3 1837 2210 2250 3 1837 2404 2214 3 1837 2194 2404 3 1837 2250 2194 3 1838 2305 2388 3 1838 2295 2305 3 1838 2388 1840 3 1838 1840 1839 3 1839 1840 1860 3 1839 1860 1861 3 1839 1861 2334 3 1840 2388 2179 3 1840 2179 1864 3 1840 1864 1860 3 1841 2034 1842 3 1841 1845 2034 3 1841 1867 1845 3 1841 1868 1867 3 1841 1842 1868 3 1842 1869 1868 3 1842 2167 1869 3 1843 2337 2096 3 1844 1895 1871 3 1844 1846 1957 3 1844 1957 2144 3 1844 2144 1897 3 1844 1897 1895 3 1845 2180 2287 3 1845 1870 2180 3 1845 1867 1870 3 1847 2294 1885 3 1847 1885 1910 3 1847 1910 1969 3 1847 1969 1914 3 1847 1914 1888 3 1847 1888 2294 3 1848 1957 1850 3 1848 2315 1957 3 1848 1850 1877 3 1848 1877 2247 3 1848 2247 2315 3 1849 1873 1875 3 1849 2180 1873 3 1849 2287 2180 3 1849 1875 1876 3 1849 1876 1851 3 1850 1957 2410 3 1851 1879 1852 3 1851 1852 1853 3 1851 1876 1879 3 1852 1879 1949 3 1852 1949 1854 3 1852 1854 1853 3 1853 1854 1857 3 1853 1857 1858 3 1854 1949 1907 3 1854 1907 1857 3 1855 1893 1918 3 1855 1896 1893 3 1855 1923 1896 3 1855 1948 1923 3 1855 1945 1948 3 1855 1918 1945 3 1856 1882 1880 3 1856 2334 1861 3 1856 1861 1883 3 1856 1883 1882 3 1857 1907 1909 3 1857 1909 2359 3 1857 2359 1862 3 1857 1862 1858 3 1858 1862 1859 3 1859 1862 1885 3 1859 1885 2294 3 1859 2294 2388 3 1860 1864 1865 3 1860 1865 1861 3 1861 1865 2156 3 1861 2156 1883 3 1862 2359 1885 3 1863 1895 1897 3 1863 1921 1895 3 1863 1947 1921 3 1863 1897 2352 3 1863 2352 1984 3 1863 1984 1947 3 1864 1866 1887 3 1864 2179 1866 3 1864 1887 1865 3 1865 2412 2156 3 1865 1887 2412 3 1866 2179 2294 3 1866 2294 1889 3 1866 1889 1887 3 1867 1893 1870 3 1867 1868 1890 3 1867 1890 1893 3 1868 1869 1891 3 1868 1891 1890 3 1869 2167 2097 3 1869 2097 1892 3 1869 1892 1891 3 1870 2010 2180 3 1870 1896 2010 3 1870 1893 1896 3 1871 1894 2097 3 1871 1895 1894 3 1872 2182 2121 3 1872 2121 2123 3 1872 2225 2182 3 1872 2123 2378 3 1872 2184 2225 3 1872 2378 2184 3 1873 2180 2010 3 1873 2010 1899 3 1873 1899 1900 3 1873 1900 1875 3 1874 2204 2242 3 1874 2307 2204 3 1874 2238 2307 3 1874 2278 2238 3 1874 2242 2313 3 1874 2313 2278 3 1875 1903 1876 3 1875 1900 1903 3 1876 1904 1879 3 1876 1903 1904 3 1877 1880 1905 3 1877 1905 1878 3 1877 1878 2247 3 1878 1928 2247 3 1878 2421 1928 3 1878 1905 2421 3 1879 1904 1949 3 1880 1882 1905 3 1881 1906 1933 3 1881 2063 1906 3 1881 1998 2063 3 1881 1933 2330 3 1881 2330 1998 3 1882 1906 1905 3 1882 1883 1908 3 1882 1908 1906 3 1883 2156 1908 3 1884 2140 2141 3 1884 2166 2140 3 1884 2206 2166 3 1884 2244 2206 3 1884 2141 2333 3 1884 2333 2209 3 1884 2245 2244 3 1884 2209 2245 3 1885 2359 1910 3 1886 2406 2400 3 1886 2400 2397 3 1886 2397 2360 3 1886 2360 2401 3 1886 2401 2366 3 1887 2355 2412 3 1887 1912 2355 3 1887 1889 1912 3 1888 1889 2294 3 1888 1939 1889 3 1888 1914 1939 3 1889 1939 1912 3 1890 1919 1893 3 1890 1916 1919 3 1890 1891 1916 3 1891 1892 1916 3 1892 2097 2111 3 1892 1917 1916 3 1892 2111 1917 3 1893 1919 1918 3 1894 1946 2111 3 1894 2111 2097 3 1894 1895 1921 3 1894 1921 1946 3 1896 1923 2010 3 1897 2317 2352 3 1897 2144 2317 3 1898 1976 2012 3 1898 1975 1976 3 1898 2011 1975 3 1898 2012 2044 3 1898 2047 2011 3 1898 2044 2077 3 1898 2077 2047 3 1899 1925 1900 3 1899 1923 1925 3 1899 2010 1923 3 1900 1902 1903 3 1900 2051 1902 3 1900 1925 2051 3 1901 2281 2244 3 1901 2244 2245 3 1901 2314 2281 3 1901 2245 2249 3 1901 2249 2284 3 1901 2318 2314 3 1901 2284 2318 3 1902 2051 2418 3 1902 2418 1927 3 1902 1927 1903 3 1903 1927 1904 3 1904 1927 1929 3 1904 1929 1930 3 1904 1930 1949 3 1905 2063 2421 3 1905 1906 2063 3 1906 1908 1933 3 1907 1949 1931 3 1907 1931 1932 3 1907 1932 1909 3 1908 2156 1911 3 1908 1935 1933 3 1908 1911 1935 3 1909 1932 2079 3 1909 2079 2359 3 1910 2359 2079 3 1910 2079 1936 3 1910 1936 1969 3 1911 2156 2412 3 1911 1966 1935 3 1911 1937 1966 3 1911 2412 1937 3 1912 1939 1940 3 1912 1940 2355 3 1913 2091 2043 3 1913 2043 2075 3 1913 2126 2091 3 1913 2093 2126 3 1913 2075 2093 3 1914 1938 1939 3 1914 1970 1938 3 1914 1969 1970 3 1915 1967 2098 3 1915 2098 2134 3 1915 2164 2130 3 1915 2130 1967 3 1915 2205 2164 3 1915 2134 2205 3 1916 1917 2324 3 1916 2324 1943 3 1916 1943 1919 3 1917 2111 1944 3 1917 1944 2324 3 1918 1919 1926 3 1918 1926 1945 3 1919 1943 1926 3 1920 2315 2247 3 1920 2317 2315 3 1920 1955 2317 3 1920 2247 1928 3 1920 1956 1955 3 1920 1928 1956 3 1921 1947 1946 3 1922 2019 2020 3 1922 2054 2019 3 1922 2020 2081 3 1922 2081 2113 3 1922 2113 2083 3 1922 2083 2054 3 1923 1948 1950 3 1923 1950 1952 3 1923 1952 1925 3 1924 2301 2032 3 1924 2328 2365 3 1924 2032 2328 3 1924 2365 2114 3 1924 2114 2381 3 1924 2381 2301 3 1925 1952 2051 3 1926 1978 1945 3 1926 1975 1978 3 1926 1943 1975 3 1927 2418 1958 3 1927 1958 1929 3 1928 2421 1992 3 1928 1992 1956 3 1929 1958 2309 3 1929 2309 1930 3 1930 2309 1960 3 1930 1960 1931 3 1930 1931 1949 3 1931 1960 1962 3 1931 1962 1932 3 1932 1962 1963 3 1932 1963 2079 3 1933 1964 2330 3 1933 1935 1964 3 1934 2208 2206 3 1934 2168 2208 3 1934 2246 2168 3 1934 2279 2246 3 1934 2206 2243 3 1934 2280 2279 3 1934 2243 2280 3 1935 1966 1964 3 1936 2079 1965 3 1936 1965 1968 3 1936 1968 1969 3 1937 2412 2355 3 1937 2355 1971 3 1937 1971 1966 3 1938 1970 1972 3 1938 1972 1973 3 1938 1973 1939 3 1939 1973 1940 3 1940 1974 2355 3 1940 1973 1974 3 1941 2318 2284 3 1941 2284 2170 3 1941 2170 2320 3 1941 2351 2318 3 1941 2354 2351 3 1941 2320 2354 3 1942 2405 2030 3 1942 2030 2092 3 1942 2092 2128 3 1942 2128 2129 3 1942 2129 2169 3 1942 2169 2405 3 1943 1976 1975 3 1943 2324 1976 3 1944 2111 1946 3 1944 1977 2324 3 1944 1979 1977 3 1944 1946 1979 3 1945 1978 1982 3 1945 1982 1948 3 1946 1980 1979 3 1946 1947 1980 3 1947 1984 1983 3 1947 1983 1980 3 1948 1982 1981 3 1948 1981 1950 3 1950 1981 1987 3 1950 1987 1952 3 1951 2266 2231 3 1951 2231 2191 3 1951 2191 2195 3 1951 2195 2236 3 1951 2236 2408 3 1951 2408 2303 3 1951 2303 2266 3 1952 1987 1986 3 1952 1986 1988 3 1952 1988 2051 3 1953 2352 2317 3 1953 2317 1955 3 1953 1955 2342 3 1953 2342 1985 3 1953 1985 2352 3 1954 1984 1985 3 1954 2018 1984 3 1954 1985 2021 3 1954 2053 2018 3 1954 2082 2053 3 1954 2084 2082 3 1954 2055 2084 3 1954 2021 2055 3 1955 1956 1989 3 1955 1989 2342 3 1956 1992 1989 3 1957 2315 2144 3 1958 1996 2309 3 1958 1993 1996 3 1958 2418 1993 3 1959 2212 2172 3 1959 2172 2145 3 1959 2145 2385 3 1959 2385 2149 3 1959 2149 2174 3 1959 2213 2212 3 1959 2174 2213 3 1960 2309 1997 3 1960 1997 1999 3 1960 1999 1962 3 1961 2001 2403 3 1961 2003 2001 3 1961 2036 2003 3 1961 2403 2419 3 1961 2419 2068 3 1961 2068 2036 3 1962 2405 1963 3 1962 1999 2405 3 1963 1965 2079 3 1963 2001 1965 3 1963 2403 2001 3 1963 2405 2403 3 1964 1966 2002 3 1964 2002 2000 3 1964 2000 2330 3 1965 2001 1968 3 1966 2005 2002 3 1966 1971 2005 3 1967 2066 2035 3 1967 2035 2037 3 1967 2037 2098 3 1967 2130 2066 3 1968 2001 2003 3 1968 2004 1969 3 1968 2003 2004 3 1969 2004 1970 3 1970 2004 2006 3 1970 2006 1972 3 1971 2009 2005 3 1971 1974 2009 3 1971 2355 1974 3 1972 2007 1973 3 1972 2040 2007 3 1972 2006 2040 3 1973 2008 1974 3 1973 2007 2008 3 1974 2008 2009 3 1975 2011 1978 3 1976 2324 1977 3 1976 1977 2012 3 1977 1979 2013 3 1977 2013 2012 3 1978 2011 2014 3 1978 2014 1982 3 1979 1980 2015 3 1979 2015 2013 3 1980 1983 2016 3 1980 2016 2015 3 1981 1982 2017 3 1981 2017 2020 3 1981 2020 1987 3 1982 2014 2017 3 1983 1984 2018 3 1983 2018 2016 3 1984 2352 1985 3 1985 2342 2021 3 1986 2022 1988 3 1986 2019 2022 3 1986 1987 2019 3 1987 2020 2019 3 1988 1990 2051 3 1988 2024 1990 3 1988 2022 2024 3 1989 2025 2023 3 1989 2023 2342 3 1989 1992 2025 3 1990 2418 2051 3 1990 2026 2418 3 1990 2024 2026 3 1991 2226 2183 3 1991 2183 2153 3 1991 2153 2370 3 1991 2261 2226 3 1991 2370 2219 3 1991 2219 2259 3 1991 2259 2261 3 1992 2027 2025 3 1992 1994 2027 3 1992 2421 1994 3 1993 2418 2026 3 1993 2026 2028 3 1993 2028 1996 3 1994 2421 2063 3 1994 2063 1995 3 1994 1995 2043 3 1994 2043 2027 3 1995 2063 1998 3 1995 1998 2075 3 1995 2075 2043 3 1996 2028 2029 3 1996 2029 1997 3 1996 1997 2309 3 1997 2029 2030 3 1997 2030 1999 3 1998 2330 2031 3 1998 2031 2075 3 1999 2030 2405 3 2000 2033 2330 3 2000 2035 2033 3 2000 2002 2035 3 2002 2037 2035 3 2002 2005 2037 3 2003 2036 2004 3 2004 2036 2038 3 2004 2038 2006 3 2005 2099 2037 3 2005 2042 2099 3 2005 2009 2042 3 2006 2039 2040 3 2006 2038 2039 3 2007 2300 2008 3 2007 2072 2300 3 2007 2040 2072 3 2008 2041 2009 3 2008 2300 2041 3 2009 2041 2042 3 2011 2047 2046 3 2011 2046 2014 3 2012 2013 2045 3 2012 2045 2044 3 2013 2015 2048 3 2013 2048 2045 3 2014 2046 2049 3 2014 2049 2017 3 2015 2016 2050 3 2015 2050 2048 3 2016 2018 2052 3 2016 2052 2050 3 2017 2049 2081 3 2017 2081 2020 3 2018 2053 2052 3 2019 2054 2022 3 2021 2342 2023 3 2021 2023 2055 3 2022 2054 2085 3 2022 2085 2057 3 2022 2057 2024 3 2023 2056 2055 3 2023 2025 2056 3 2024 2057 2059 3 2024 2059 2026 3 2025 2027 2061 3 2025 2061 2058 3 2025 2058 2056 3 2026 2059 2060 3 2026 2060 2028 3 2027 2043 2061 3 2028 2060 2062 3 2028 2062 2029 3 2029 2062 2064 3 2029 2064 2030 3 2030 2064 2092 3 2031 2065 2075 3 2031 2033 2065 3 2031 2330 2033 3 2032 2265 2263 3 2032 2263 2262 3 2032 2262 2296 3 2032 2301 2265 3 2032 2296 2328 3 2033 2066 2065 3 2033 2035 2066 3 2036 2068 2148 3 2036 2148 2038 3 2037 2099 2098 3 2038 2069 2039 3 2038 2148 2069 3 2039 2070 2040 3 2039 2069 2070 3 2040 2070 2072 3 2041 2074 2042 3 2041 2073 2074 3 2041 2300 2073 3 2042 2074 2099 3 2043 2091 2061 3 2044 2045 2080 3 2044 2080 2106 3 2044 2106 2077 3 2045 2048 2207 3 2045 2207 2080 3 2046 2047 2076 3 2046 2076 2078 3 2046 2078 2049 3 2047 2077 2076 3 2048 2050 2110 3 2048 2110 2067 3 2048 2067 2207 3 2049 2078 2248 3 2049 2248 2081 3 2050 2052 2110 3 2052 2053 2288 3 2052 2288 2110 3 2053 2082 2288 3 2054 2083 2085 3 2055 2056 2199 3 2055 2199 2084 3 2056 2058 2420 3 2056 2420 2199 3 2057 2085 2086 3 2057 2086 2120 3 2057 2120 2059 3 2058 2121 2420 3 2058 2088 2121 3 2058 2061 2088 3 2059 2120 2089 3 2059 2089 2060 3 2060 2089 2090 3 2060 2090 2062 3 2061 2091 2088 3 2062 2125 2064 3 2062 2090 2125 3 2064 2125 2092 3 2065 2093 2075 3 2065 2095 2093 3 2065 2066 2095 3 2066 2130 2095 3 2067 2333 2207 3 2067 2110 2145 3 2067 2145 2172 3 2067 2172 2333 3 2068 2133 2148 3 2068 2132 2133 3 2068 2419 2132 3 2069 2100 2070 3 2069 2136 2100 3 2069 2148 2136 3 2070 2101 2072 3 2070 2100 2101 3 2071 2282 2280 3 2071 2280 2281 3 2071 2281 2314 3 2071 2314 2344 3 2072 2102 2300 3 2072 2101 2102 3 2073 2103 2074 3 2073 2102 2103 3 2073 2300 2102 3 2074 2104 2099 3 2074 2103 2104 3 2076 2108 2078 3 2076 2105 2108 3 2076 2077 2105 3 2077 2106 2105 3 2078 2112 2248 3 2078 2108 2112 3 2080 2140 2106 3 2080 2207 2141 3 2080 2141 2140 3 2081 2248 2113 3 2082 2084 2115 3 2082 2115 2288 3 2083 2118 2085 3 2083 2116 2118 3 2083 2146 2116 3 2083 2113 2146 3 2084 2199 2117 3 2084 2117 2115 3 2085 2118 2086 3 2086 2118 2152 3 2086 2152 2120 3 2087 2416 2407 3 2087 2376 2416 3 2087 2380 2376 3 2087 2321 2380 3 2087 2372 2321 3 2087 2277 2372 3 2087 2407 2277 3 2088 2123 2121 3 2088 2091 2123 3 2089 2122 2090 3 2089 2120 2122 3 2090 2124 2125 3 2090 2122 2124 3 2091 2126 2123 3 2092 2125 2127 3 2092 2127 2128 3 2093 2154 2126 3 2093 2135 2154 3 2093 2095 2135 3 2094 2332 2297 3 2094 2297 2264 3 2094 2264 2266 3 2094 2417 2332 3 2094 2303 2417 3 2094 2266 2303 3 2095 2130 2135 3 2096 2305 2295 3 2098 2104 2134 3 2098 2099 2104 3 2100 2136 2163 3 2101 2137 2102 3 2102 2137 2103 3 2103 2138 2104 3 2103 2165 2138 3 2103 2137 2165 3 2104 2138 2134 3 2105 2106 2139 3 2105 2139 2143 3 2105 2143 2108 3 2106 2140 2139 3 2107 2124 2185 3 2107 2125 2124 3 2107 2127 2125 3 2107 2155 2127 3 2107 2188 2155 3 2107 2185 2228 3 2107 2228 2188 3 2108 2143 2142 3 2108 2142 2112 3 2109 2384 2349 3 2109 2349 2350 3 2109 2350 2386 3 2109 2386 2391 3 2109 2390 2384 3 2109 2391 2390 3 2110 2288 2385 3 2110 2385 2145 3 2112 2142 2171 3 2112 2171 2147 3 2112 2147 2248 3 2113 2248 2147 3 2113 2147 2146 3 2114 2374 2381 3 2114 2365 2368 3 2114 2368 2371 3 2114 2371 2374 3 2115 2149 2288 3 2115 2150 2149 3 2115 2117 2150 3 2116 2146 2176 3 2116 2176 2347 3 2116 2347 2118 3 2117 2151 2150 3 2117 2119 2151 3 2117 2199 2119 3 2118 2347 2152 3 2119 2199 2420 3 2119 2335 2151 3 2119 2181 2335 3 2119 2420 2181 3 2120 2152 2370 3 2120 2370 2153 3 2120 2153 2122 3 2121 2182 2420 3 2122 2153 2124 3 2123 2126 2378 3 2124 2153 2183 3 2124 2183 2185 3 2126 2154 2378 3 2127 2155 2128 3 2128 2157 2129 3 2128 2155 2157 3 2129 2131 2169 3 2129 2158 2131 3 2129 2157 2158 3 2130 2164 2135 3 2131 2132 2419 3 2131 2419 2169 3 2131 2160 2132 3 2131 2158 2160 3 2132 2161 2133 3 2132 2160 2161 3 2133 2136 2148 3 2133 2162 2136 3 2133 2161 2162 3 2134 2200 2205 3 2134 2159 2200 3 2134 2138 2159 3 2135 2189 2154 3 2135 2164 2191 3 2135 2191 2189 3 2136 2162 2163 3 2137 2204 2165 3 2137 2203 2204 3 2138 2165 2159 3 2139 2208 2143 3 2139 2166 2208 3 2139 2140 2166 3 2141 2207 2333 3 2142 2210 2171 3 2142 2168 2210 3 2142 2143 2168 3 2143 2208 2168 3 2144 2315 2317 3 2146 2147 2175 3 2146 2175 2176 3 2147 2173 2175 3 2147 2171 2173 3 2149 2385 2288 3 2149 2150 2174 3 2150 2177 2174 3 2150 2151 2177 3 2151 2335 2177 3 2152 2347 2370 3 2154 2186 2378 3 2154 2189 2186 3 2155 2192 2157 3 2155 2190 2192 3 2155 2188 2190 3 2157 2192 2158 3 2158 2193 2160 3 2158 2192 2193 3 2159 2165 2307 3 2159 2307 2239 3 2159 2239 2200 3 2160 2196 2161 3 2160 2193 2196 3 2161 2197 2162 3 2161 2196 2197 3 2162 2201 2163 3 2162 2197 2201 3 2163 2201 2202 3 2164 2205 2195 3 2164 2195 2191 3 2165 2204 2307 3 2166 2206 2208 3 2168 2246 2210 3 2169 2403 2405 3 2169 2419 2403 3 2170 2284 2252 3 2170 2252 2253 3 2170 2289 2320 3 2170 2253 2289 3 2171 2210 2173 3 2172 2209 2333 3 2172 2211 2209 3 2172 2212 2211 3 2173 2214 2175 3 2174 2215 2213 3 2174 2177 2215 3 2175 2361 2176 3 2175 2214 2361 3 2176 2217 2347 3 2176 2361 2217 3 2177 2216 2215 3 2177 2218 2216 3 2177 2335 2218 3 2178 2368 2402 3 2178 2411 2368 3 2178 2286 2411 3 2178 2402 2398 3 2178 2345 2286 3 2178 2398 2345 3 2179 2388 2294 3 2181 2420 2182 3 2181 2220 2335 3 2181 2223 2220 3 2181 2182 2223 3 2182 2225 2223 3 2183 2226 2185 3 2184 2227 2225 3 2184 2378 2186 3 2184 2186 2227 3 2185 2226 2228 3 2186 2189 2229 3 2186 2229 2227 3 2187 2194 2250 3 2187 2250 2279 3 2187 2279 2282 3 2187 2329 2194 3 2188 2230 2190 3 2188 2228 2230 3 2189 2191 2231 3 2189 2231 2229 3 2190 2233 2192 3 2190 2232 2233 3 2190 2230 2232 3 2192 2233 2193 3 2193 2234 2196 3 2193 2233 2234 3 2194 2319 2404 3 2194 2353 2319 3 2194 2329 2353 3 2195 2205 2236 3 2196 2237 2197 3 2196 2234 2237 3 2197 2198 2201 3 2197 2237 2198 3 2198 2274 2201 3 2198 2237 2260 3 2198 2260 2274 3 2200 2239 2235 3 2200 2235 2205 3 2201 2240 2202 3 2201 2274 2240 3 2202 2240 2203 3 2203 2240 2241 3 2203 2241 2204 3 2204 2241 2242 3 2205 2235 2236 3 2206 2244 2243 3 2209 2249 2245 3 2209 2211 2249 3 2210 2246 2250 3 2211 2284 2249 3 2211 2252 2284 3 2211 2212 2252 3 2212 2213 2252 3 2213 2253 2252 3 2213 2215 2253 3 2214 2404 2361 3 2215 2216 2253 3 2216 2254 2253 3 2216 2257 2254 3 2216 2218 2257 3 2217 2219 2347 3 2217 2255 2219 3 2217 2361 2255 3 2218 2335 2220 3 2218 2258 2257 3 2218 2220 2258 3 2219 2370 2347 3 2219 2255 2259 3 2220 2221 2258 3 2220 2223 2221 3 2221 2223 2298 3 2221 2298 2268 3 2221 2268 2224 3 2221 2224 2258 3 2222 2268 2298 3 2222 2298 2297 3 2222 2331 2268 3 2222 2332 2331 3 2222 2297 2332 3 2223 2225 2298 3 2224 2291 2258 3 2224 2323 2291 3 2224 2327 2323 3 2224 2268 2327 3 2225 2227 2298 3 2226 2262 2228 3 2226 2261 2262 3 2227 2229 2264 3 2227 2264 2297 3 2227 2297 2298 3 2228 2263 2230 3 2228 2262 2263 3 2229 2266 2264 3 2229 2231 2266 3 2230 2265 2232 3 2230 2263 2265 3 2232 2269 2233 3 2232 2267 2269 3 2232 2265 2267 3 2233 2269 2234 3 2234 2271 2237 3 2234 2270 2271 3 2234 2269 2270 3 2235 2273 2236 3 2235 2272 2273 3 2235 2239 2272 3 2236 2273 2408 3 2237 2271 2260 3 2238 2239 2307 3 2238 2272 2239 3 2238 2278 2272 3 2240 2276 2241 3 2240 2275 2276 3 2240 2274 2275 3 2241 2276 2242 3 2242 2312 2313 3 2242 2276 2312 3 2243 2281 2280 3 2243 2244 2281 3 2246 2279 2250 3 2251 2308 2338 3 2251 2311 2308 3 2251 2343 2311 3 2251 2382 2343 3 2251 2379 2382 3 2251 2338 2379 3 2253 2254 2289 3 2254 2257 2291 3 2254 2291 2290 3 2254 2290 2289 3 2255 2361 2256 3 2255 2256 2292 3 2255 2292 2259 3 2256 2361 2404 3 2256 2404 2283 3 2256 2283 2292 3 2257 2258 2291 3 2259 2293 2261 3 2259 2292 2293 3 2260 2271 2306 3 2260 2306 2338 3 2260 2308 2274 3 2260 2338 2308 3 2261 2296 2262 3 2261 2293 2325 3 2261 2325 2296 3 2265 2301 2267 3 2267 2301 2302 3 2267 2302 2269 3 2268 2331 2327 3 2269 2302 2270 3 2270 2302 2304 3 2270 2304 2271 3 2271 2304 2306 3 2272 2310 2273 3 2272 2278 2310 3 2273 2310 2408 3 2274 2308 2275 3 2275 2308 2311 3 2275 2311 2276 3 2276 2311 2312 3 2277 2366 2369 3 2277 2369 2372 3 2278 2340 2310 3 2278 2313 2340 3 2279 2280 2282 3 2283 2322 2292 3 2283 2404 2319 3 2283 2356 2322 3 2283 2319 2356 3 2285 2387 2353 3 2285 2353 2329 3 2285 2329 2383 3 2285 2394 2387 3 2285 2389 2394 3 2285 2383 2389 3 2286 2414 2411 3 2286 2413 2414 3 2286 2345 2316 3 2286 2316 2409 3 2286 2409 2413 3 2289 2290 2320 3 2290 2358 2320 3 2290 2323 2358 3 2290 2291 2323 3 2292 2322 2293 3 2293 2322 2325 3 2296 2325 2328 3 2299 2338 2306 3 2299 2306 2304 3 2299 2304 2336 3 2299 2379 2338 3 2299 2336 2374 3 2299 2374 2375 3 2299 2375 2379 3 2301 2381 2302 3 2302 2336 2304 3 2302 2381 2336 3 2310 2340 2341 3 2311 2343 2312 3 2312 2343 2313 3 2313 2343 2340 3 2314 2346 2344 3 2314 2318 2346 3 2316 2399 2396 3 2316 2396 2400 3 2316 2345 2399 3 2316 2400 2406 3 2316 2406 2409 3 2318 2351 2350 3 2318 2350 2346 3 2319 2353 2356 3 2320 2357 2354 3 2320 2358 2357 3 2321 2372 2377 3 2321 2377 2341 3 2321 2339 2380 3 2321 2340 2339 3 2321 2341 2340 3 2322 2326 2325 3 2322 2356 2326 3 2323 2362 2358 3 2323 2327 2362 3 2325 2326 2328 3 2326 2363 2328 3 2326 2393 2363 3 2326 2387 2393 3 2326 2356 2387 3 2327 2331 2364 3 2327 2364 2362 3 2328 2363 2365 3 2329 2348 2383 3 2331 2367 2364 3 2331 2332 2367 3 2332 2373 2367 3 2332 2417 2373 3 2336 2381 2374 3 2339 2340 2343 3 2339 2343 2382 3 2339 2382 2380 3 2344 2346 2349 3 2344 2349 2348 3 2345 2398 2395 3 2345 2395 2399 3 2346 2350 2349 3 2348 2384 2383 3 2348 2349 2384 3 2350 2351 2386 3 2351 2354 2386 3 2353 2387 2356 3 2354 2357 2392 3 2354 2392 2386 3 2357 2397 2392 3 2357 2360 2397 3 2357 2358 2360 3 2358 2362 2360 3 2360 2362 2401 3 2362 2364 2401 3 2363 2393 2402 3 2363 2402 2365 3 2364 2366 2401 3 2364 2367 2366 3 2365 2402 2368 3 2366 2367 2369 3 2367 2373 2369 3 2368 2411 2371 3 2369 2373 2377 3 2369 2377 2372 3 2371 2375 2374 3 2371 2414 2375 3 2371 2411 2414 3 2373 2417 2377 3 2375 2415 2379 3 2375 2414 2415 3 2376 2415 2416 3 2376 2379 2415 3 2376 2382 2379 3 2376 2380 2382 3 2383 2384 2389 3 2384 2390 2389 3 2386 2392 2396 3 2386 2396 2391 3 2387 2394 2393 3 2389 2390 2395 3 2389 2395 2394 3 2390 2399 2395 3 2390 2391 2399 3 2391 2396 2399 3 2392 2397 2396 3 2393 2394 2398 3 2393 2398 2402 3 2394 2395 2398 3 2396 2397 2400 3 2407 2413 2409 3 2407 2416 2413 3 2413 2416 2414 3 2414 2416 2415 
4833 1208 3 2422 2773 2425 3 2422 2425 2426 3 2422 2426 2452 3 2422 2477 2703 3 2422 2703 2773 3 2422 2450 2477 3 2422 2452 2450 3 2423 2893 2943 3 2423 2943 2427 3 2423 2427 2640 3 2423 2640 2451 3 2423 2451 2893 3 2424 2773 2448 3 2424 2448 2640 3 2424 2640 2427 3 2424 2427 2439 3 2424 2439 2425 3 2424 2425 2773 3 2425 2439 2426 3 2426 2439 2428 3 2426 2428 2452 3 2427 2943 2449 3 2427 2449 2439 3 2428 2563 2452 3 2428 3016 2563 3 2428 2433 3016 3 2428 2439 2433 3 2429 2707 2706 3 2429 2706 2769 3 2429 2743 2707 3 2429 2769 2808 3 2429 2809 2743 3 2429 2808 2809 3 2430 2793 2888 3 2430 2888 2677 3 2430 2935 2793 3 2430 2677 2950 3 2430 2950 2954 3 2430 2954 2935 3 2431 2457 2435 3 2431 2435 2943 3 2431 2943 2893 3 2431 2893 2455 3 2431 2455 2457 3 2432 2437 2940 3 2432 2456 2437 3 2432 2483 2456 3 2432 2486 2483 3 2432 2462 2486 3 2432 2940 2462 3 2433 2439 2901 3 2433 2901 2441 3 2433 2441 2437 3 2433 2437 3016 3 2434 2983 3023 3 2434 2947 2983 3 2434 2916 2947 3 2434 3014 2916 3 2434 2909 3014 3 2434 3023 2909 3 2435 2457 2459 3 2435 2438 2436 3 2435 2436 2943 3 2435 2459 2438 3 2436 2438 2911 3 2436 2702 2943 3 2436 2911 2702 3 2437 2456 3016 3 2437 2441 2940 3 2438 2459 2464 3 2438 2464 2442 3 2438 2442 2911 3 2439 2702 2901 3 2439 2449 2702 3 2440 2972 2883 3 2440 2492 2972 3 2440 3012 2492 3 2440 3015 3012 3 2440 3013 3015 3 2440 2883 3013 3 2441 2901 2444 3 2441 2444 2445 3 2441 2445 2940 3 2442 2464 2465 3 2442 2465 2994 3 2442 2994 2911 3 2443 2779 2816 3 2443 2820 2779 3 2443 2816 2856 3 2443 3010 2820 3 2443 2800 3010 3 2443 2856 2800 3 2444 2911 2994 3 2444 2901 2911 3 2444 2994 2446 3 2444 2446 2445 3 2445 2446 2466 3 2445 2466 2467 3 2445 2467 2940 3 2446 2994 2785 3 2446 2785 2470 3 2446 2470 2466 3 2447 2640 2448 3 2447 2451 2640 3 2447 2473 2451 3 2447 2474 2473 3 2447 2448 2474 3 2448 2475 2474 3 2448 2773 2475 3 2449 2943 2702 3 2450 2501 2477 3 2450 2452 2563 3 2450 2563 2750 3 2450 2750 2503 3 2450 2503 2501 3 2451 2786 2893 3 2451 2476 2786 3 2451 2473 2476 3 2453 2900 2491 3 2453 2491 2516 3 2453 2516 2575 3 2453 2575 2520 3 2453 2520 2494 3 2453 2494 2900 3 2454 2563 2456 3 2454 2921 2563 3 2454 2456 2483 3 2454 2483 2853 3 2454 2853 2921 3 2455 2479 2481 3 2455 2786 2479 3 2455 2893 2786 3 2455 2481 2482 3 2455 2482 2457 3 2456 2563 3016 3 2457 2485 2458 3 2457 2458 2459 3 2457 2482 2485 3 2458 2485 2555 3 2458 2555 2460 3 2458 2460 2459 3 2459 2460 2463 3 2459 2463 2464 3 2460 2555 2513 3 2460 2513 2463 3 2461 2499 2524 3 2461 2502 2499 3 2461 2529 2502 3 2461 2554 2529 3 2461 2551 2554 3 2461 2524 2551 3 2462 2488 2486 3 2462 2940 2467 3 2462 2467 2489 3 2462 2489 2488 3 2463 2513 2515 3 2463 2515 2965 3 2463 2965 2468 3 2463 2468 2464 3 2464 2468 2465 3 2465 2468 2491 3 2465 2491 2900 3 2465 2900 2994 3 2466 2470 2471 3 2466 2471 2467 3 2467 2471 2762 3 2467 2762 2489 3 2468 2965 2491 3 2469 2501 2503 3 2469 2527 2501 3 2469 2553 2527 3 2469 2503 2958 3 2469 2958 2590 3 2469 2590 2553 3 2470 2472 2493 3 2470 2785 2472 3 2470 2493 2471 3 2471 3018 2762 3 2471 2493 3018 3 2472 2785 2900 3 2472 2900 2495 3 2472 2495 2493 3 2473 2499 2476 3 2473 2474 2496 3 2473 2496 2499 3 2474 2475 2497 3 2474 2497 2496 3 2475 2773 2703 3 2475 2703 2498 3 2475 2498 2497 3 2476 2616 2786 3 2476 2502 2616 3 2476 2499 2502 3 2477 2500 2703 3 2477 2501 2500 3 2478 2788 2727 3 2478 2727 2729 3 2478 2831 2788 3 2478 2729 2984 3 2478 2790 2831 3 2478 2984 2790 3 2479 2786 2616 3 2479 2616 2505 3 2479 2505 2506 3 2479 2506 2481 3 2480 2810 2848 3 2480 2913 2810 3 2480 2844 2913 3 2480 2884 2844 3 2480 2848 2919 3 2480 2919 2884 3 2481 2509 2482 3 2481 2506 2509 3 2482 2510 2485 3 2482 2509 2510 3 2483 2486 2511 3 2483 2511 2484 3 2483 2484 2853 3 2484 2534 2853 3 2484 3027 2534 3 2484 2511 3027 3 2485 2510 2555 3 2486 2488 2511 3 2487 2512 2539 3 2487 2669 2512 3 2487 2604 2669 3 2487 2539 2936 3 2487 2936 2604 3 2488 2512 2511 3 2488 2489 2514 3 2488 2514 2512 3 2489 2762 2514 3 2490 2746 2747 3 2490 2772 2746 3 2490 2812 2772 3 2490 2850 2812 3 2490 2747 2939 3 2490 2939 2815 3 2490 2851 2850 3 2490 2815 2851 3 2491 2965 2516 3 2492 3012 3006 3 2492 3006 3003 3 2492 3003 2966 3 2492 2966 3007 3 2492 3007 2972 3 2493 2961 3018 3 2493 2518 2961 3 2493 2495 2518 3 2494 2495 2900 3 2494 2545 2495 3 2494 2520 2545 3 2495 2545 2518 3 2496 2525 2499 3 2496 2522 2525 3 2496 2497 2522 3 2497 2498 2522 3 2498 2703 2717 3 2498 2523 2522 3 2498 2717 2523 3 2499 2525 2524 3 2500 2552 2717 3 2500 2717 2703 3 2500 2501 2527 3 2500 2527 2552 3 2502 2529 2616 3 2503 2923 2958 3 2503 2750 2923 3 2504 2582 2618 3 2504 2581 2582 3 2504 2617 2581 3 2504 2618 2650 3 2504 2653 2617 3 2504 2650 2683 3 2504 2683 2653 3 2505 2531 2506 3 2505 2529 2531 3 2505 2616 2529 3 2506 2508 2509 3 2506 2657 2508 3 2506 2531 2657 3 2507 2887 2850 3 2507 2850 2851 3 2507 2920 2887 3 2507 2851 2855 3 2507 2855 2890 3 2507 2924 2920 3 2507 2890 2924 3 2508 2657 3024 3 2508 3024 2533 3 2508 2533 2509 3 2509 2533 2510 3 2510 2533 2535 3 2510 2535 2536 3 2510 2536 2555 3 2511 2669 3027 3 2511 2512 2669 3 2512 2514 2539 3 2513 2555 2537 3 2513 2537 2538 3 2513 2538 2515 3 2514 2762 2517 3 2514 2541 2539 3 2514 2517 2541 3 2515 2538 2685 3 2515 2685 2965 3 2516 2965 2685 3 2516 2685 2542 3 2516 2542 2575 3 2517 2762 3018 3 2517 2572 2541 3 2517 2543 2572 3 2517 3018 2543 3 2518 2545 2546 3 2518 2546 2961 3 2519 2697 2649 3 2519 2649 2681 3 2519 2732 2697 3 2519 2699 2732 3 2519 2681 2699 3 2520 2544 2545 3 2520 2576 2544 3 2520 2575 2576 3 2521 2573 2704 3 2521 2704 2740 3 2521 2770 2736 3 2521 2736 2573 3 2521 2811 2770 3 2521 2740 2811 3 2522 2523 2930 3 2522 2930 2549 3 2522 2549 2525 3 2523 2717 2550 3 2523 2550 2930 3 2524 2525 2532 3 2524 2532 2551 3 2525 2549 2532 3 2526 2921 2853 3 2526 2923 2921 3 2526 2561 2923 3 2526 2853 2534 3 2526 2562 2561 3 2526 2534 2562 3 2527 2553 2552 3 2528 2625 2626 3 2528 2660 2625 3 2528 2626 2687 3 2528 2687 2719 3 2528 2719 2689 3 2528 2689 2660 3 2529 2554 2556 3 2529 2556 2558 3 2529 2558 2531 3 2530 2907 2638 3 2530 2934 2971 3 2530 2638 2934 3 2530 2971 2720 3 2530 2720 2987 3 2530 2987 2907 3 2531 2558 2657 3 2532 2584 2551 3 2532 2581 2584 3 2532 2549 2581 3 2533 3024 2564 3 2533 2564 2535 3 2534 3027 2598 3 2534 2598 2562 3 2535 2564 2915 3 2535 2915 2536 3 2536 2915 2566 3 2536 2566 2537 3 2536 2537 2555 3 2537 2566 2568 3 2537 2568 2538 3 2538 2568 2569 3 2538 2569 2685 3 2539 2570 2936 3 2539 2541 2570 3 2540 2814 2812 3 2540 2774 2814 3 2540 2852 2774 3 2540 2885 2852 3 2540 2812 2849 3 2540 2886 2885 3 2540 2849 2886 3 2541 2572 2570 3 2542 2685 2571 3 2542 2571 2574 3 2542 2574 2575 3 2543 3018 2961 3 2543 2961 2577 3 2543 2577 2572 3 2544 2576 2578 3 2544 2578 2579 3 2544 2579 2545 3 2545 2579 2546 3 2546 2580 2961 3 2546 2579 2580 3 2547 2924 2890 3 2547 2890 2776 3 2547 2776 2926 3 2547 2957 2924 3 2547 2960 2957 3 2547 2926 2960 3 2548 3011 2636 3 2548 2636 2698 3 2548 2698 2734 3 2548 2734 2735 3 2548 2735 2775 3 2548 2775 3011 3 2549 2582 2581 3 2549 2930 2582 3 2550 2717 2552 3 2550 2583 2930 3 2550 2585 2583 3 2550 2552 2585 3 2551 2584 2588 3 2551 2588 2554 3 2552 2586 2585 3 2552 2553 2586 3 2553 2590 2589 3 2553 2589 2586 3 2554 2588 2587 3 2554 2587 2556 3 2556 2587 2593 3 2556 2593 2558 3 2557 2872 2837 3 2557 2837 2797 3 2557 2797 2801 3 2557 2801 2842 3 2557 2842 3014 3 2557 3014 2909 3 2557 2909 2872 3 2558 2593 2592 3 2558 2592 2594 3 2558 2594 2657 3 2559 2958 2923 3 2559 2923 2561 3 2559 2561 2948 3 2559 2948 2591 3 2559 2591 2958 3 2560 2590 2591 3 2560 2624 2590 3 2560 2591 2627 3 2560 2659 2624 3 2560 2688 2659 3 2560 2690 2688 3 2560 2661 2690 3 2560 2627 2661 3 2561 2562 2595 3 2561 2595 2948 3 2562 2598 2595 3 2563 2921 2750 3 2564 2602 2915 3 2564 2599 2602 3 2564 3024 2599 3 2565 2818 2778 3 2565 2778 2751 3 2565 2751 2991 3 2565 2991 2755 3 2565 2755 2780 3 2565 2819 2818 3 2565 2780 2819 3 2566 2915 2603 3 2566 2603 2605 3 2566 2605 2568 3 2567 2607 3009 3 2567 2609 2607 3 2567 2642 2609 3 2567 3009 3025 3 2567 3025 2674 3 2567 2674 2642 3 2568 3011 2569 3 2568 2605 3011 3 2569 2571 2685 3 2569 2607 2571 3 2569 3009 2607 3 2569 3011 3009 3 2570 2572 2608 3 2570 2608 2606 3 2570 2606 2936 3 2571 2607 2574 3 2572 2611 2608 3 2572 2577 2611 3 2573 2672 2641 3 2573 2641 2643 3 2573 2643 2704 3 2573 2736 2672 3 2574 2607 2609 3 2574 2610 2575 3 2574 2609 2610 3 2575 2610 2576 3 2576 2610 2612 3 2576 2612 2578 3 2577 2615 2611 3 2577 2580 2615 3 2577 2961 2580 3 2578 2613 2579 3 2578 2646 2613 3 2578 2612 2646 3 2579 2614 2580 3 2579 2613 2614 3 2580 2614 2615 3 2581 2617 2584 3 2582 2930 2583 3 2582 2583 2618 3 2583 2585 2619 3 2583 2619 2618 3 2584 2617 2620 3 2584 2620 2588 3 2585 2586 2621 3 2585 2621 2619 3 2586 2589 2622 3 2586 2622 2621 3 2587 2588 2623 3 2587 2623 2626 3 2587 2626 2593 3 2588 2620 2623 3 2589 2590 2624 3 2589 2624 2622 3 2590 2958 2591 3 2591 2948 2627 3 2592 2628 2594 3 2592 2625 2628 3 2592 2593 2625 3 2593 2626 2625 3 2594 2596 2657 3 2594 2630 2596 3 2594 2628 2630 3 2595 2631 2629 3 2595 2629 2948 3 2595 2598 2631 3 2596 3024 2657 3 2596 2632 3024 3 2596 2630 2632 3 2597 2832 2789 3 2597 2789 2759 3 2597 2759 2976 3 2597 2867 2832 3 2597 2976 2825 3 2597 2825 2865 3 2597 2865 2867 3 2598 2633 2631 3 2598 2600 2633 3 2598 3027 2600 3 2599 3024 2632 3 2599 2632 2634 3 2599 2634 2602 3 2600 3027 2669 3 2600 2669 2601 3 2600 2601 2649 3 2600 2649 2633 3 2601 2669 2604 3 2601 2604 2681 3 2601 2681 2649 3 2602 2634 2635 3 2602 2635 2603 3 2602 2603 2915 3 2603 2635 2636 3 2603 2636 2605 3 2604 2936 2637 3 2604 2637 2681 3 2605 2636 3011 3 2606 2639 2936 3 2606 2641 2639 3 2606 2608 2641 3 2608 2643 2641 3 2608 2611 2643 3 2609 2642 2610 3 2610 2642 2644 3 2610 2644 2612 3 2611 2705 2643 3 2611 2648 2705 3 2611 2615 2648 3 2612 2645 2646 3 2612 2644 2645 3 2613 2906 2614 3 2613 2678 2906 3 2613 2646 2678 3 2614 2647 2615 3 2614 2906 2647 3 2615 2647 2648 3 2617 2653 2652 3 2617 2652 2620 3 2618 2619 2651 3 2618 2651 2650 3 2619 2621 2654 3 2619 2654 2651 3 2620 2652 2655 3 2620 2655 2623 3 2621 2622 2656 3 2621 2656 2654 3 2622 2624 2658 3 2622 2658 2656 3 2623 2655 2687 3 2623 2687 2626 3 2624 2659 2658 3 2625 2660 2628 3 2627 2948 2629 3 2627 2629 2661 3 2628 2660 2691 3 2628 2691 2663 3 2628 2663 2630 3 2629 2662 2661 3 2629 2631 2662 3 2630 2663 2665 3 2630 2665 2632 3 2631 2633 2667 3 2631 2667 2664 3 2631 2664 2662 3 2632 2665 2666 3 2632 2666 2634 3 2633 2649 2667 3 2634 2666 2668 3 2634 2668 2635 3 2635 2668 2670 3 2635 2670 2636 3 2636 2670 2698 3 2637 2671 2681 3 2637 2639 2671 3 2637 2936 2639 3 2638 2871 2869 3 2638 2869 2868 3 2638 2868 2902 3 2638 2907 2871 3 2638 2902 2934 3 2639 2672 2671 3 2639 2641 2672 3 2642 2674 2754 3 2642 2754 2644 3 2643 2705 2704 3 2644 2675 2645 3 2644 2754 2675 3 2645 2676 2646 3 2645 2675 2676 3 2646 2676 2678 3 2647 2680 2648 3 2647 2679 2680 3 2647 2906 2679 3 2648 2680 2705 3 2649 2697 2667 3 2650 2651 2686 3 2650 2686 2712 3 2650 2712 2683 3 2651 2654 2813 3 2651 2813 2686 3 2652 2653 2682 3 2652 2682 2684 3 2652 2684 2655 3 2653 2683 2682 3 2654 2656 2716 3 2654 2716 2673 3 2654 2673 2813 3 2655 2684 2854 3 2655 2854 2687 3 2656 2658 2716 3 2658 2659 2894 3 2658 2894 2716 3 2659 2688 2894 3 2660 2689 2691 3 2661 2662 2805 3 2661 2805 2690 3 2662 2664 3026 3 2662 3026 2805 3 2663 2691 2692 3 2663 2692 2726 3 2663 2726 2665 3 2664 2727 3026 3 2664 2694 2727 3 2664 2667 2694 3 2665 2726 2695 3 2665 2695 2666 3 2666 2695 2696 3 2666 2696 2668 3 2667 2697 2694 3 2668 2731 2670 3 2668 2696 2731 3 2670 2731 2698 3 2671 2699 2681 3 2671 2701 2699 3 2671 2672 2701 3 2672 2736 2701 3 2673 2939 2813 3 2673 2716 2751 3 2673 2751 2778 3 2673 2778 2939 3 2674 2739 2754 3 2674 2738 2739 3 2674 3025 2738 3 2675 2706 2676 3 2675 2742 2706 3 2675 2754 2742 3 2676 2707 2678 3 2676 2706 2707 3 2677 2888 2886 3 2677 2886 2887 3 2677 2887 2920 3 2677 2920 2950 3 2678 2708 2906 3 2678 2707 2708 3 2679 2709 2680 3 2679 2708 2709 3 2679 2906 2708 3 2680 2710 2705 3 2680 2709 2710 3 2682 2714 2684 3 2682 2711 2714 3 2682 2683 2711 3 2683 2712 2711 3 2684 2718 2854 3 2684 2714 2718 3 2686 2746 2712 3 2686 2813 2747 3 2686 2747 2746 3 2687 2854 2719 3 2688 2690 2721 3 2688 2721 2894 3 2689 2724 2691 3 2689 2722 2724 3 2689 2752 2722 3 2689 2719 2752 3 2690 2805 2723 3 2690 2723 2721 3 2691 2724 2692 3 2692 2724 2758 3 2692 2758 2726 3 2693 3022 3013 3 2693 2982 3022 3 2693 2986 2982 3 2693 2927 2986 3 2693 2978 2927 3 2693 2883 2978 3 2693 3013 2883 3 2694 2729 2727 3 2694 2697 2729 3 2695 2728 2696 3 2695 2726 2728 3 2696 2730 2731 3 2696 2728 2730 3 2697 2732 2729 3 2698 2731 2733 3 2698 2733 2734 3 2699 2760 2732 3 2699 2741 2760 3 2699 2701 2741 3 2700 2938 2903 3 2700 2903 2870 3 2700 2870 2872 3 2700 3023 2938 3 2700 2909 3023 3 2700 2872 2909 3 2701 2736 2741 3 2702 2911 2901 3 2704 2710 2740 3 2704 2705 2710 3 2706 2742 2769 3 2707 2743 2708 3 2708 2743 2709 3 2709 2744 2710 3 2709 2771 2744 3 2709 2743 2771 3 2710 2744 2740 3 2711 2712 2745 3 2711 2745 2749 3 2711 2749 2714 3 2712 2746 2745 3 2713 2730 2791 3 2713 2731 2730 3 2713 2733 2731 3 2713 2761 2733 3 2713 2794 2761 3 2713 2791 2834 3 2713 2834 2794 3 2714 2749 2748 3 2714 2748 2718 3 2715 2990 2955 3 2715 2955 2956 3 2715 2956 2992 3 2715 2992 2997 3 2715 2996 2990 3 2715 2997 2996 3 2716 2894 2991 3 2716 2991 2751 3 2718 2748 2777 3 2718 2777 2753 3 2718 2753 2854 3 2719 2854 2753 3 2719 2753 2752 3 2720 2980 2987 3 2720 2971 2974 3 2720 2974 2977 3 2720 2977 2980 3 2721 2755 2894 3 2721 2756 2755 3 2721 2723 2756 3 2722 2752 2782 3 2722 2782 2953 3 2722 2953 2724 3 2723 2757 2756 3 2723 2725 2757 3 2723 2805 2725 3 2724 2953 2758 3 2725 2805 3026 3 2725 2941 2757 3 2725 2787 2941 3 2725 3026 2787 3 2726 2758 2976 3 2726 2976 2759 3 2726 2759 2728 3 2727 2788 3026 3 2728 2759 2730 3 2729 2732 2984 3 2730 2759 2789 3 2730 2789 2791 3 2732 2760 2984 3 2733 2761 2734 3 2734 2763 2735 3 2734 2761 2763 3 2735 2737 2775 3 2735 2764 2737 3 2735 2763 2764 3 2736 2770 2741 3 2737 2738 3025 3 2737 3025 2775 3 2737 2766 2738 3 2737 2764 2766 3 2738 2767 2739 3 2738 2766 2767 3 2739 2742 2754 3 2739 2768 2742 3 2739 2767 2768 3 2740 2806 2811 3 2740 2765 2806 3 2740 2744 2765 3 2741 2795 2760 3 2741 2770 2797 3 2741 2797 2795 3 2742 2768 2769 3 2743 2810 2771 3 2743 2809 2810 3 2744 2771 2765 3 2745 2814 2749 3 2745 2772 2814 3 2745 2746 2772 3 2747 2813 2939 3 2748 2816 2777 3 2748 2774 2816 3 2748 2749 2774 3 2749 2814 2774 3 2750 2921 2923 3 2752 2753 2781 3 2752 2781 2782 3 2753 2779 2781 3 2753 2777 2779 3 2755 2991 2894 3 2755 2756 2780 3 2756 2783 2780 3 2756 2757 2783 3 2757 2941 2783 3 2758 2953 2976 3 2760 2792 2984 3 2760 2795 2792 3 2761 2798 2763 3 2761 2796 2798 3 2761 2794 2796 3 2763 2798 2764 3 2764 2799 2766 3 2764 2798 2799 3 2765 2771 2913 3 2765 2913 2845 3 2765 2845 2806 3 2766 2802 2767 3 2766 2799 2802 3 2767 2803 2768 3 2767 2802 2803 3 2768 2807 2769 3 2768 2803 2807 3 2769 2807 2808 3 2770 2811 2801 3 2770 2801 2797 3 2771 2810 2913 3 2772 2812 2814 3 2774 2852 2816 3 2775 3009 3011 3 2775 3025 3009 3 2776 2890 2858 3 2776 2858 2859 3 2776 2895 2926 3 2776 2859 2895 3 2777 2816 2779 3 2778 2815 2939 3 2778 2817 2815 3 2778 2818 2817 3 2779 2820 2781 3 2780 2821 2819 3 2780 2783 2821 3 2781 2967 2782 3 2781 2820 2967 3 2782 2823 2953 3 2782 2967 2823 3 2783 2822 2821 3 2783 2824 2822 3 2783 2941 2824 3 2784 2974 3008 3 2784 3017 2974 3 2784 2892 3017 3 2784 3008 3004 3 2784 2951 2892 3 2784 3004 2951 3 2785 2994 2900 3 2787 3026 2788 3 2787 2826 2941 3 2787 2829 2826 3 2787 2788 2829 3 2788 2831 2829 3 2789 2832 2791 3 2790 2833 2831 3 2790 2984 2792 3 2790 2792 2833 3 2791 2832 2834 3 2792 2795 2835 3 2792 2835 2833 3 2793 2800 2856 3 2793 2856 2885 3 2793 2885 2888 3 2793 2935 2800 3 2794 2836 2796 3 2794 2834 2836 3 2795 2797 2837 3 2795 2837 2835 3 2796 2839 2798 3 2796 2838 2839 3 2796 2836 2838 3 2798 2839 2799 3 2799 2840 2802 3 2799 2839 2840 3 2800 2925 3010 3 2800 2959 2925 3 2800 2935 2959 3 2801 2811 2842 3 2802 2843 2803 3 2802 2840 2843 3 2803 2804 2807 3 2803 2843 2804 3 2804 2880 2807 3 2804 2843 2866 3 2804 2866 2880 3 2806 2845 2841 3 2806 2841 2811 3 2807 2846 2808 3 2807 2880 2846 3 2808 2846 2809 3 2809 2846 2847 3 2809 2847 2810 3 2810 2847 2848 3 2811 2841 2842 3 2812 2850 2849 3 2815 2855 2851 3 2815 2817 2855 3 2816 2852 2856 3 2817 2890 2855 3 2817 2858 2890 3 2817 2818 2858 3 2818 2819 2858 3 2819 2859 2858 3 2819 2821 2859 3 2820 3010 2967 3 2821 2822 2859 3 2822 2860 2859 3 2822 2863 2860 3 2822 2824 2863 3 2823 2825 2953 3 2823 2861 2825 3 2823 2967 2861 3 2824 2941 2826 3 2824 2864 2863 3 2824 2826 2864 3 2825 2976 2953 3 2825 2861 2865 3 2826 2827 2864 3 2826 2829 2827 3 2827 2829 2904 3 2827 2904 2874 3 2827 2874 2830 3 2827 2830 2864 3 2828 2874 2904 3 2828 2904 2903 3 2828 2937 2874 3 2828 2938 2937 3 2828 2903 2938 3 2829 2831 2904 3 2830 2897 2864 3 2830 2929 2897 3 2830 2933 2929 3 2830 2874 2933 3 2831 2833 2904 3 2832 2868 2834 3 2832 2867 2868 3 2833 2835 2870 3 2833 2870 2903 3 2833 2903 2904 3 2834 2869 2836 3 2834 2868 2869 3 2835 2872 2870 3 2835 2837 2872 3 2836 2871 2838 3 2836 2869 2871 3 2838 2875 2839 3 2838 2873 2875 3 2838 2871 2873 3 2839 2875 2840 3 2840 2877 2843 3 2840 2876 2877 3 2840 2875 2876 3 2841 2879 2842 3 2841 2878 2879 3 2841 2845 2878 3 2842 2879 3014 3 2843 2877 2866 3 2844 2845 2913 3 2844 2878 2845 3 2844 2884 2878 3 2846 2882 2847 3 2846 2881 2882 3 2846 2880 2881 3 2847 2882 2848 3 2848 2918 2919 3 2848 2882 2918 3 2849 2887 2886 3 2849 2850 2887 3 2852 2885 2856 3 2857 2914 2944 3 2857 2917 2914 3 2857 2949 2917 3 2857 2988 2949 3 2857 2985 2988 3 2857 2944 2985 3 2859 2860 2895 3 2860 2863 2897 3 2860 2897 2896 3 2860 2896 2895 3 2861 2967 2862 3 2861 2862 2898 3 2861 2898 2865 3 2862 2967 3010 3 2862 3010 2889 3 2862 2889 2898 3 2863 2864 2897 3 2865 2899 2867 3 2865 2898 2899 3 2866 2877 2912 3 2866 2912 2944 3 2866 2914 2880 3 2866 2944 2914 3 2867 2902 2868 3 2867 2899 2931 3 2867 2931 2902 3 2871 2907 2873 3 2873 2907 2908 3 2873 2908 2875 3 2874 2937 2933 3 2875 2908 2876 3 2876 2908 2910 3 2876 2910 2877 3 2877 2910 2912 3 2878 2916 2879 3 2878 2884 2916 3 2879 2916 3014 3 2880 2914 2881 3 2881 2914 2917 3 2881 2917 2882 3 2882 2917 2918 3 2883 2972 2975 3 2883 2975 2978 3 2884 2946 2916 3 2884 2919 2946 3 2885 2886 2888 3 2889 2928 2898 3 2889 3010 2925 3 2889 2962 2928 3 2889 2925 2962 3 2891 2993 2959 3 2891 2959 2935 3 2891 2935 2989 3 2891 3000 2993 3 2891 2995 3000 3 2891 2989 2995 3 2892 3020 3017 3 2892 3019 3020 3 2892 2951 2922 3 2892 2922 3015 3 2892 3015 3019 3 2895 2896 2926 3 2896 2964 2926 3 2896 2929 2964 3 2896 2897 2929 3 2898 2928 2899 3 2899 2928 2931 3 2902 2931 2934 3 2905 2944 2912 3 2905 2912 2910 3 2905 2910 2942 3 2905 2985 2944 3 2905 2942 2980 3 2905 2980 2981 3 2905 2981 2985 3 2907 2987 2908 3 2908 2942 2910 3 2908 2987 2942 3 2916 2946 2947 3 2917 2949 2918 3 2918 2949 2919 3 2919 2949 2946 3 2920 2952 2950 3 2920 2924 2952 3 2922 3005 3002 3 2922 3002 3006 3 2922 2951 3005 3 2922 3006 3012 3 2922 3012 3015 3 2924 2957 2956 3 2924 2956 2952 3 2925 2959 2962 3 2926 2963 2960 3 2926 2964 2963 3 2927 2978 2983 3 2927 2983 2947 3 2927 2945 2986 3 2927 2946 2945 3 2927 2947 2946 3 2928 2932 2931 3 2928 2962 2932 3 2929 2968 2964 3 2929 2933 2968 3 2931 2932 2934 3 2932 2969 2934 3 2932 2999 2969 3 2932 2993 2999 3 2932 2962 2993 3 2933 2937 2970 3 2933 2970 2968 3 2934 2969 2971 3 2935 2954 2989 3 2937 2973 2970 3 2937 2938 2973 3 2938 2979 2973 3 2938 3023 2979 3 2942 2987 2980 3 2945 2946 2949 3 2945 2949 2988 3 2945 2988 2986 3 2950 2952 2955 3 2950 2955 2954 3 2951 3004 3001 3 2951 3001 3005 3 2952 2956 2955 3 2954 2990 2989 3 2954 2955 2990 3 2956 2957 2992 3 2957 2960 2992 3 2959 2993 2962 3 2960 2963 2998 3 2960 2998 2992 3 2963 3003 2998 3 2963 2966 3003 3 2963 2964 2966 3 2964 2968 2966 3 2966 2968 3007 3 2968 2970 3007 3 2969 2999 3008 3 2969 3008 2971 3 2970 2972 3007 3 2970 2973 2972 3 2971 3008 2974 3 2972 2973 2975 3 2973 2979 2975 3 2974 3017 2977 3 2975 2979 2983 3 2975 2983 2978 3 2977 2981 2980 3 2977 3020 2981 3 2977 3017 3020 3 2979 3023 2983 3 2981 3021 2985 3 2981 3020 3021 3 2982 3021 3022 3 2982 2985 3021 3 2982 2988 2985 3 2982 2986 2988 3 2989 2990 2995 3 2990 2996 2995 3 2992 2998 3002 3 2992 3002 2997 3 2993 3000 2999 3 2995 2996 3001 3 2995 3001 3000 3 2996 3005 3001 3 2996 2997 3005 3 2997 3002 3005 3 2998 3003 3002 3 2999 3000 3004 3 2999 3004 3008 3 3000 3001 3004 3 3002 3003 3006 3 3013 3019 3015 3 3013 3022 3019 3 3019 3022 3020 3 3020 3022 3021 
4833 1208 3 3028 3379 3031 3 3028 3031 3032 3 3028 3032 3058 3 3028 3083 3309 3 3028 3309 3379 3 3028 3056 3083 3 3028 3058 3056 3 3029 3499 3549 3 3029 3549 3033 3 3029 3033 3246 3 3029 3246 3057 3 3029 3057 3499 3 3030 3379 3054 3 3030 3054 3246 3 3030 3246 3033 3 3030 3033 3045 3 3030 3045 3031 3 3030 3031 3379 3 3031 3045 3032 3 3032 3045 3034 3 3032 3034 3058 3 3033 3549 3055 3 3033 3055 3045 3 3034 3169 3058 3 3034 3622 3169 3 3034 3039 3622 3 3034 3045 3039 3 3035 3313 3312 3 3035 3312 3375 3 3035 3349 3313 3 3035 3375 3414 3 3035 3415 3349 3 3035 3414 3415 3 3036 3399 3494 3 3036 3494 3283 3 3036 3541 3399 3 3036 3283 3556 3 3036 3556 3560 3 3036 3560 3541 3 3037 3063 3041 3 3037 3041 3549 3 3037 3549 3499 3 3037 3499 3061 3 3037 3061 3063 3 3038 3043 3546 3 3038 3062 3043 3 3038 3089 3062 3 3038 3092 3089 3 3038 3068 3092 3 3038 3546 3068 3 3039 3045 3507 3 3039 3507 3047 3 3039 3047 3043 3 3039 3043 3622 3 3040 3589 3629 3 3040 3553 3589 3 3040 3522 3553 3 3040 3620 3522 3 3040 3515 3620 3 3040 3629 3515 3 3041 3063 3065 3 3041 3044 3042 3 3041 3042 3549 3 3041 3065 3044 3 3042 3044 3517 3 3042 3308 3549 3 3042 3517 3308 3 3043 3062 3622 3 3043 3047 3546 3 3044 3065 3070 3 3044 3070 3048 3 3044 3048 3517 3 3045 3308 3507 3 3045 3055 3308 3 3046 3578 3489 3 3046 3098 3578 3 3046 3618 3098 3 3046 3621 3618 3 3046 3619 3621 3 3046 3489 3619 3 3047 3507 3050 3 3047 3050 3051 3 3047 3051 3546 3 3048 3070 3071 3 3048 3071 3600 3 3048 3600 3517 3 3049 3385 3422 3 3049 3426 3385 3 3049 3422 3462 3 3049 3616 3426 3 3049 3406 3616 3 3049 3462 3406 3 3050 3517 3600 3 3050 3507 3517 3 3050 3600 3052 3 3050 3052 3051 3 3051 3052 3072 3 3051 3072 3073 3 3051 3073 3546 3 3052 3600 3391 3 3052 3391 3076 3 3052 3076 3072 3 3053 3246 3054 3 3053 3057 3246 3 3053 3079 3057 3 3053 3080 3079 3 3053 3054 3080 3 3054 3081 3080 3 3054 3379 3081 3 3055 3549 3308 3 3056 3107 3083 3 3056 3058 3169 3 3056 3169 3356 3 3056 3356 3109 3 3056 3109 3107 3 3057 3392 3499 3 3057 3082 3392 3 3057 3079 3082 3 3059 3506 3097 3 3059 3097 3122 3 3059 3122 3181 3 3059 3181 3126 3 3059 3126 3100 3 3059 3100 3506 3 3060 3169 3062 3 3060 3527 3169 3 3060 3062 3089 3 3060 3089 3459 3 3060 3459 3527 3 3061 3085 3087 3 3061 3392 3085 3 3061 3499 3392 3 3061 3087 3088 3 3061 3088 3063 3 3062 3169 3622 3 3063 3091 3064 3 3063 3064 3065 3 3063 3088 3091 3 3064 3091 3161 3 3064 3161 3066 3 3064 3066 3065 3 3065 3066 3069 3 3065 3069 3070 3 3066 3161 3119 3 3066 3119 3069 3 3067 3105 3130 3 3067 3108 3105 3 3067 3135 3108 3 3067 3160 3135 3 3067 3157 3160 3 3067 3130 3157 3 3068 3094 3092 3 3068 3546 3073 3 3068 3073 3095 3 3068 3095 3094 3 3069 3119 3121 3 3069 3121 3571 3 3069 3571 3074 3 3069 3074 3070 3 3070 3074 3071 3 3071 3074 3097 3 3071 3097 3506 3 3071 3506 3600 3 3072 3076 3077 3 3072 3077 3073 3 3073 3077 3368 3 3073 3368 3095 3 3074 3571 3097 3 3075 3107 3109 3 3075 3133 3107 3 3075 3159 3133 3 3075 3109 3564 3 3075 3564 3196 3 3075 3196 3159 3 3076 3078 3099 3 3076 3391 3078 3 3076 3099 3077 3 3077 3624 3368 3 3077 3099 3624 3 3078 3391 3506 3 3078 3506 3101 3 3078 3101 3099 3 3079 3105 3082 3 3079 3080 3102 3 3079 3102 3105 3 3080 3081 3103 3 3080 3103 3102 3 3081 3379 3309 3 3081 3309 3104 3 3081 3104 3103 3 3082 3222 3392 3 3082 3108 3222 3 3082 3105 3108 3 3083 3106 3309 3 3083 3107 3106 3 3084 3394 3333 3 3084 3333 3335 3 3084 3437 3394 3 3084 3335 3590 3 3084 3396 3437 3 3084 3590 3396 3 3085 3392 3222 3 3085 3222 3111 3 3085 3111 3112 3 3085 3112 3087 3 3086 3416 3454 3 3086 3519 3416 3 3086 3450 3519 3 3086 3490 3450 3 3086 3454 3525 3 3086 3525 3490 3 3087 3115 3088 3 3087 3112 3115 3 3088 3116 3091 3 3088 3115 3116 3 3089 3092 3117 3 3089 3117 3090 3 3089 3090 3459 3 3090 3140 3459 3 3090 3633 3140 3 3090 3117 3633 3 3091 3116 3161 3 3092 3094 3117 3 3093 3118 3145 3 3093 3275 3118 3 3093 3210 3275 3 3093 3145 3542 3 3093 3542 3210 3 3094 3118 3117 3 3094 3095 3120 3 3094 3120 3118 3 3095 3368 3120 3 3096 3352 3353 3 3096 3378 3352 3 3096 3418 3378 3 3096 3456 3418 3 3096 3353 3545 3 3096 3545 3421 3 3096 3457 3456 3 3096 3421 3457 3 3097 3571 3122 3 3098 3618 3612 3 3098 3612 3609 3 3098 3609 3572 3 3098 3572 3613 3 3098 3613 3578 3 3099 3567 3624 3 3099 3124 3567 3 3099 3101 3124 3 3100 3101 3506 3 3100 3151 3101 3 3100 3126 3151 3 3101 3151 3124 3 3102 3131 3105 3 3102 3128 3131 3 3102 3103 3128 3 3103 3104 3128 3 3104 3309 3323 3 3104 3129 3128 3 3104 3323 3129 3 3105 3131 3130 3 3106 3158 3323 3 3106 3323 3309 3 3106 3107 3133 3 3106 3133 3158 3 3108 3135 3222 3 3109 3529 3564 3 3109 3356 3529 3 3110 3188 3224 3 3110 3187 3188 3 3110 3223 3187 3 3110 3224 3256 3 3110 3259 3223 3 3110 3256 3289 3 3110 3289 3259 3 3111 3137 3112 3 3111 3135 3137 3 3111 3222 3135 3 3112 3114 3115 3 3112 3263 3114 3 3112 3137 3263 3 3113 3493 3456 3 3113 3456 3457 3 3113 3526 3493 3 3113 3457 3461 3 3113 3461 3496 3 3113 3530 3526 3 3113 3496 3530 3 3114 3263 3630 3 3114 3630 3139 3 3114 3139 3115 3 3115 3139 3116 3 3116 3139 3141 3 3116 3141 3142 3 3116 3142 3161 3 3117 3275 3633 3 3117 3118 3275 3 3118 3120 3145 3 3119 3161 3143 3 3119 3143 3144 3 3119 3144 3121 3 3120 3368 3123 3 3120 3147 3145 3 3120 3123 3147 3 3121 3144 3291 3 3121 3291 3571 3 3122 3571 3291 3 3122 3291 3148 3 3122 3148 3181 3 3123 3368 3624 3 3123 3178 3147 3 3123 3149 3178 3 3123 3624 3149 3 3124 3151 3152 3 3124 3152 3567 3 3125 3303 3255 3 3125 3255 3287 3 3125 3338 3303 3 3125 3305 3338 3 3125 3287 3305 3 3126 3150 3151 3 3126 3182 3150 3 3126 3181 3182 3 3127 3179 3310 3 3127 3310 3346 3 3127 3376 3342 3 3127 3342 3179 3 3127 3417 3376 3 3127 3346 3417 3 3128 3129 3536 3 3128 3536 3155 3 3128 3155 3131 3 3129 3323 3156 3 3129 3156 3536 3 3130 3131 3138 3 3130 3138 3157 3 3131 3155 3138 3 3132 3527 3459 3 3132 3529 3527 3 3132 3167 3529 3 3132 3459 3140 3 3132 3168 3167 3 3132 3140 3168 3 3133 3159 3158 3 3134 3231 3232 3 3134 3266 3231 3 3134 3232 3293 3 3134 3293 3325 3 3134 3325 3295 3 3134 3295 3266 3 3135 3160 3162 3 3135 3162 3164 3 3135 3164 3137 3 3136 3513 3244 3 3136 3540 3577 3 3136 3244 3540 3 3136 3577 3326 3 3136 3326 3593 3 3136 3593 3513 3 3137 3164 3263 3 3138 3190 3157 3 3138 3187 3190 3 3138 3155 3187 3 3139 3630 3170 3 3139 3170 3141 3 3140 3633 3204 3 3140 3204 3168 3 3141 3170 3521 3 3141 3521 3142 3 3142 3521 3172 3 3142 3172 3143 3 3142 3143 3161 3 3143 3172 3174 3 3143 3174 3144 3 3144 3174 3175 3 3144 3175 3291 3 3145 3176 3542 3 3145 3147 3176 3 3146 3420 3418 3 3146 3380 3420 3 3146 3458 3380 3 3146 3491 3458 3 3146 3418 3455 3 3146 3492 3491 3 3146 3455 3492 3 3147 3178 3176 3 3148 3291 3177 3 3148 3177 3180 3 3148 3180 3181 3 3149 3624 3567 3 3149 3567 3183 3 3149 3183 3178 3 3150 3182 3184 3 3150 3184 3185 3 3150 3185 3151 3 3151 3185 3152 3 3152 3186 3567 3 3152 3185 3186 3 3153 3530 3496 3 3153 3496 3382 3 3153 3382 3532 3 3153 3563 3530 3 3153 3566 3563 3 3153 3532 3566 3 3154 3617 3242 3 3154 3242 3304 3 3154 3304 3340 3 3154 3340 3341 3 3154 3341 3381 3 3154 3381 3617 3 3155 3188 3187 3 3155 3536 3188 3 3156 3323 3158 3 3156 3189 3536 3 3156 3191 3189 3 3156 3158 3191 3 3157 3190 3194 3 3157 3194 3160 3 3158 3192 3191 3 3158 3159 3192 3 3159 3196 3195 3 3159 3195 3192 3 3160 3194 3193 3 3160 3193 3162 3 3162 3193 3199 3 3162 3199 3164 3 3163 3478 3443 3 3163 3443 3403 3 3163 3403 3407 3 3163 3407 3448 3 3163 3448 3620 3 3163 3620 3515 3 3163 3515 3478 3 3164 3199 3198 3 3164 3198 3200 3 3164 3200 3263 3 3165 3564 3529 3 3165 3529 3167 3 3165 3167 3554 3 3165 3554 3197 3 3165 3197 3564 3 3166 3196 3197 3 3166 3230 3196 3 3166 3197 3233 3 3166 3265 3230 3 3166 3294 3265 3 3166 3296 3294 3 3166 3267 3296 3 3166 3233 3267 3 3167 3168 3201 3 3167 3201 3554 3 3168 3204 3201 3 3169 3527 3356 3 3170 3208 3521 3 3170 3205 3208 3 3170 3630 3205 3 3171 3424 3384 3 3171 3384 3357 3 3171 3357 3597 3 3171 3597 3361 3 3171 3361 3386 3 3171 3425 3424 3 3171 3386 3425 3 3172 3521 3209 3 3172 3209 3211 3 3172 3211 3174 3 3173 3213 3615 3 3173 3215 3213 3 3173 3248 3215 3 3173 3615 3631 3 3173 3631 3280 3 3173 3280 3248 3 3174 3617 3175 3 3174 3211 3617 3 3175 3177 3291 3 3175 3213 3177 3 3175 3615 3213 3 3175 3617 3615 3 3176 3178 3214 3 3176 3214 3212 3 3176 3212 3542 3 3177 3213 3180 3 3178 3217 3214 3 3178 3183 3217 3 3179 3278 3247 3 3179 3247 3249 3 3179 3249 3310 3 3179 3342 3278 3 3180 3213 3215 3 3180 3216 3181 3 3180 3215 3216 3 3181 3216 3182 3 3182 3216 3218 3 3182 3218 3184 3 3183 3221 3217 3 3183 3186 3221 3 3183 3567 3186 3 3184 3219 3185 3 3184 3252 3219 3 3184 3218 3252 3 3185 3220 3186 3 3185 3219 3220 3 3186 3220 3221 3 3187 3223 3190 3 3188 3536 3189 3 3188 3189 3224 3 3189 3191 3225 3 3189 3225 3224 3 3190 3223 3226 3 3190 3226 3194 3 3191 3192 3227 3 3191 3227 3225 3 3192 3195 3228 3 3192 3228 3227 3 3193 3194 3229 3 3193 3229 3232 3 3193 3232 3199 3 3194 3226 3229 3 3195 3196 3230 3 3195 3230 3228 3 3196 3564 3197 3 3197 3554 3233 3 3198 3234 3200 3 3198 3231 3234 3 3198 3199 3231 3 3199 3232 3231 3 3200 3202 3263 3 3200 3236 3202 3 3200 3234 3236 3 3201 3237 3235 3 3201 3235 3554 3 3201 3204 3237 3 3202 3630 3263 3 3202 3238 3630 3 3202 3236 3238 3 3203 3438 3395 3 3203 3395 3365 3 3203 3365 3582 3 3203 3473 3438 3 3203 3582 3431 3 3203 3431 3471 3 3203 3471 3473 3 3204 3239 3237 3 3204 3206 3239 3 3204 3633 3206 3 3205 3630 3238 3 3205 3238 3240 3 3205 3240 3208 3 3206 3633 3275 3 3206 3275 3207 3 3206 3207 3255 3 3206 3255 3239 3 3207 3275 3210 3 3207 3210 3287 3 3207 3287 3255 3 3208 3240 3241 3 3208 3241 3209 3 3208 3209 3521 3 3209 3241 3242 3 3209 3242 3211 3 3210 3542 3243 3 3210 3243 3287 3 3211 3242 3617 3 3212 3245 3542 3 3212 3247 3245 3 3212 3214 3247 3 3214 3249 3247 3 3214 3217 3249 3 3215 3248 3216 3 3216 3248 3250 3 3216 3250 3218 3 3217 3311 3249 3 3217 3254 3311 3 3217 3221 3254 3 3218 3251 3252 3 3218 3250 3251 3 3219 3512 3220 3 3219 3284 3512 3 3219 3252 3284 3 3220 3253 3221 3 3220 3512 3253 3 3221 3253 3254 3 3223 3259 3258 3 3223 3258 3226 3 3224 3225 3257 3 3224 3257 3256 3 3225 3227 3260 3 3225 3260 3257 3 3226 3258 3261 3 3226 3261 3229 3 3227 3228 3262 3 3227 3262 3260 3 3228 3230 3264 3 3228 3264 3262 3 3229 3261 3293 3 3229 3293 3232 3 3230 3265 3264 3 3231 3266 3234 3 3233 3554 3235 3 3233 3235 3267 3 3234 3266 3297 3 3234 3297 3269 3 3234 3269 3236 3 3235 3268 3267 3 3235 3237 3268 3 3236 3269 3271 3 3236 3271 3238 3 3237 3239 3273 3 3237 3273 3270 3 3237 3270 3268 3 3238 3271 3272 3 3238 3272 3240 3 3239 3255 3273 3 3240 3272 3274 3 3240 3274 3241 3 3241 3274 3276 3 3241 3276 3242 3 3242 3276 3304 3 3243 3277 3287 3 3243 3245 3277 3 3243 3542 3245 3 3244 3477 3475 3 3244 3475 3474 3 3244 3474 3508 3 3244 3513 3477 3 3244 3508 3540 3 3245 3278 3277 3 3245 3247 3278 3 3248 3280 3360 3 3248 3360 3250 3 3249 3311 3310 3 3250 3281 3251 3 3250 3360 3281 3 3251 3282 3252 3 3251 3281 3282 3 3252 3282 3284 3 3253 3286 3254 3 3253 3285 3286 3 3253 3512 3285 3 3254 3286 3311 3 3255 3303 3273 3 3256 3257 3292 3 3256 3292 3318 3 3256 3318 3289 3 3257 3260 3419 3 3257 3419 3292 3 3258 3259 3288 3 3258 3288 3290 3 3258 3290 3261 3 3259 3289 3288 3 3260 3262 3322 3 3260 3322 3279 3 3260 3279 3419 3 3261 3290 3460 3 3261 3460 3293 3 3262 3264 3322 3 3264 3265 3500 3 3264 3500 3322 3 3265 3294 3500 3 3266 3295 3297 3 3267 3268 3411 3 3267 3411 3296 3 3268 3270 3632 3 3268 3632 3411 3 3269 3297 3298 3 3269 3298 3332 3 3269 3332 3271 3 3270 3333 3632 3 3270 3300 3333 3 3270 3273 3300 3 3271 3332 3301 3 3271 3301 3272 3 3272 3301 3302 3 3272 3302 3274 3 3273 3303 3300 3 3274 3337 3276 3 3274 3302 3337 3 3276 3337 3304 3 3277 3305 3287 3 3277 3307 3305 3 3277 3278 3307 3 3278 3342 3307 3 3279 3545 3419 3 3279 3322 3357 3 3279 3357 3384 3 3279 3384 3545 3 3280 3345 3360 3 3280 3344 3345 3 3280 3631 3344 3 3281 3312 3282 3 3281 3348 3312 3 3281 3360 3348 3 3282 3313 3284 3 3282 3312 3313 3 3283 3494 3492 3 3283 3492 3493 3 3283 3493 3526 3 3283 3526 3556 3 3284 3314 3512 3 3284 3313 3314 3 3285 3315 3286 3 3285 3314 3315 3 3285 3512 3314 3 3286 3316 3311 3 3286 3315 3316 3 3288 3320 3290 3 3288 3317 3320 3 3288 3289 3317 3 3289 3318 3317 3 3290 3324 3460 3 3290 3320 3324 3 3292 3352 3318 3 3292 3419 3353 3 3292 3353 3352 3 3293 3460 3325 3 3294 3296 3327 3 3294 3327 3500 3 3295 3330 3297 3 3295 3328 3330 3 3295 3358 3328 3 3295 3325 3358 3 3296 3411 3329 3 3296 3329 3327 3 3297 3330 3298 3 3298 3330 3364 3 3298 3364 3332 3 3299 3628 3619 3 3299 3588 3628 3 3299 3592 3588 3 3299 3533 3592 3 3299 3584 3533 3 3299 3489 3584 3 3299 3619 3489 3 3300 3335 3333 3 3300 3303 3335 3 3301 3334 3302 3 3301 3332 3334 3 3302 3336 3337 3 3302 3334 3336 3 3303 3338 3335 3 3304 3337 3339 3 3304 3339 3340 3 3305 3366 3338 3 3305 3347 3366 3 3305 3307 3347 3 3306 3544 3509 3 3306 3509 3476 3 3306 3476 3478 3 3306 3629 3544 3 3306 3515 3629 3 3306 3478 3515 3 3307 3342 3347 3 3308 3517 3507 3 3310 3316 3346 3 3310 3311 3316 3 3312 3348 3375 3 3313 3349 3314 3 3314 3349 3315 3 3315 3350 3316 3 3315 3377 3350 3 3315 3349 3377 3 3316 3350 3346 3 3317 3318 3351 3 3317 3351 3355 3 3317 3355 3320 3 3318 3352 3351 3 3319 3336 3397 3 3319 3337 3336 3 3319 3339 3337 3 3319 3367 3339 3 3319 3400 3367 3 3319 3397 3440 3 3319 3440 3400 3 3320 3355 3354 3 3320 3354 3324 3 3321 3596 3561 3 3321 3561 3562 3 3321 3562 3598 3 3321 3598 3603 3 3321 3602 3596 3 3321 3603 3602 3 3322 3500 3597 3 3322 3597 3357 3 3324 3354 3383 3 3324 3383 3359 3 3324 3359 3460 3 3325 3460 3359 3 3325 3359 3358 3 3326 3586 3593 3 3326 3577 3580 3 3326 3580 3583 3 3326 3583 3586 3 3327 3361 3500 3 3327 3362 3361 3 3327 3329 3362 3 3328 3358 3388 3 3328 3388 3559 3 3328 3559 3330 3 3329 3363 3362 3 3329 3331 3363 3 3329 3411 3331 3 3330 3559 3364 3 3331 3411 3632 3 3331 3547 3363 3 3331 3393 3547 3 3331 3632 3393 3 3332 3364 3582 3 3332 3582 3365 3 3332 3365 3334 3 3333 3394 3632 3 3334 3365 3336 3 3335 3338 3590 3 3336 3365 3395 3 3336 3395 3397 3 3338 3366 3590 3 3339 3367 3340 3 3340 3369 3341 3 3340 3367 3369 3 3341 3343 3381 3 3341 3370 3343 3 3341 3369 3370 3 3342 3376 3347 3 3343 3344 3631 3 3343 3631 3381 3 3343 3372 3344 3 3343 3370 3372 3 3344 3373 3345 3 3344 3372 3373 3 3345 3348 3360 3 3345 3374 3348 3 3345 3373 3374 3 3346 3412 3417 3 3346 3371 3412 3 3346 3350 3371 3 3347 3401 3366 3 3347 3376 3403 3 3347 3403 3401 3 3348 3374 3375 3 3349 3416 3377 3 3349 3415 3416 3 3350 3377 3371 3 3351 3420 3355 3 3351 3378 3420 3 3351 3352 3378 3 3353 3419 3545 3 3354 3422 3383 3 3354 3380 3422 3 3354 3355 3380 3 3355 3420 3380 3 3356 3527 3529 3 3358 3359 3387 3 3358 3387 3388 3 3359 3385 3387 3 3359 3383 3385 3 3361 3597 3500 3 3361 3362 3386 3 3362 3389 3386 3 3362 3363 3389 3 3363 3547 3389 3 3364 3559 3582 3 3366 3398 3590 3 3366 3401 3398 3 3367 3404 3369 3 3367 3402 3404 3 3367 3400 3402 3 3369 3404 3370 3 3370 3405 3372 3 3370 3404 3405 3 3371 3377 3519 3 3371 3519 3451 3 3371 3451 3412 3 3372 3408 3373 3 3372 3405 3408 3 3373 3409 3374 3 3373 3408 3409 3 3374 3413 3375 3 3374 3409 3413 3 3375 3413 3414 3 3376 3417 3407 3 3376 3407 3403 3 3377 3416 3519 3 3378 3418 3420 3 3380 3458 3422 3 3381 3615 3617 3 3381 3631 3615 3 3382 3496 3464 3 3382 3464 3465 3 3382 3501 3532 3 3382 3465 3501 3 3383 3422 3385 3 3384 3421 3545 3 3384 3423 3421 3 3384 3424 3423 3 3385 3426 3387 3 3386 3427 3425 3 3386 3389 3427 3 3387 3573 3388 3 3387 3426 3573 3 3388 3429 3559 3 3388 3573 3429 3 3389 3428 3427 3 3389 3430 3428 3 3389 3547 3430 3 3390 3580 3614 3 3390 3623 3580 3 3390 3498 3623 3 3390 3614 3610 3 3390 3557 3498 3 3390 3610 3557 3 3391 3600 3506 3 3393 3632 3394 3 3393 3432 3547 3 3393 3435 3432 3 3393 3394 3435 3 3394 3437 3435 3 3395 3438 3397 3 3396 3439 3437 3 3396 3590 3398 3 3396 3398 3439 3 3397 3438 3440 3 3398 3401 3441 3 3398 3441 3439 3 3399 3406 3462 3 3399 3462 3491 3 3399 3491 3494 3 3399 3541 3406 3 3400 3442 3402 3 3400 3440 3442 3 3401 3403 3443 3 3401 3443 3441 3 3402 3445 3404 3 3402 3444 3445 3 3402 3442 3444 3 3404 3445 3405 3 3405 3446 3408 3 3405 3445 3446 3 3406 3531 3616 3 3406 3565 3531 3 3406 3541 3565 3 3407 3417 3448 3 3408 3449 3409 3 3408 3446 3449 3 3409 3410 3413 3 3409 3449 3410 3 3410 3486 3413 3 3410 3449 3472 3 3410 3472 3486 3 3412 3451 3447 3 3412 3447 3417 3 3413 3452 3414 3 3413 3486 3452 3 3414 3452 3415 3 3415 3452 3453 3 3415 3453 3416 3 3416 3453 3454 3 3417 3447 3448 3 3418 3456 3455 3 3421 3461 3457 3 3421 3423 3461 3 3422 3458 3462 3 3423 3496 3461 3 3423 3464 3496 3 3423 3424 3464 3 3424 3425 3464 3 3425 3465 3464 3 3425 3427 3465 3 3426 3616 3573 3 3427 3428 3465 3 3428 3466 3465 3 3428 3469 3466 3 3428 3430 3469 3 3429 3431 3559 3 3429 3467 3431 3 3429 3573 3467 3 3430 3547 3432 3 3430 3470 3469 3 3430 3432 3470 3 3431 3582 3559 3 3431 3467 3471 3 3432 3433 3470 3 3432 3435 3433 3 3433 3435 3510 3 3433 3510 3480 3 3433 3480 3436 3 3433 3436 3470 3 3434 3480 3510 3 3434 3510 3509 3 3434 3543 3480 3 3434 3544 3543 3 3434 3509 3544 3 3435 3437 3510 3 3436 3503 3470 3 3436 3535 3503 3 3436 3539 3535 3 3436 3480 3539 3 3437 3439 3510 3 3438 3474 3440 3 3438 3473 3474 3 3439 3441 3476 3 3439 3476 3509 3 3439 3509 3510 3 3440 3475 3442 3 3440 3474 3475 3 3441 3478 3476 3 3441 3443 3478 3 3442 3477 3444 3 3442 3475 3477 3 3444 3481 3445 3 3444 3479 3481 3 3444 3477 3479 3 3445 3481 3446 3 3446 3483 3449 3 3446 3482 3483 3 3446 3481 3482 3 3447 3485 3448 3 3447 3484 3485 3 3447 3451 3484 3 3448 3485 3620 3 3449 3483 3472 3 3450 3451 3519 3 3450 3484 3451 3 3450 3490 3484 3 3452 3488 3453 3 3452 3487 3488 3 3452 3486 3487 3 3453 3488 3454 3 3454 3524 3525 3 3454 3488 3524 3 3455 3493 3492 3 3455 3456 3493 3 3458 3491 3462 3 3463 3520 3550 3 3463 3523 3520 3 3463 3555 3523 3 3463 3594 3555 3 3463 3591 3594 3 3463 3550 3591 3 3465 3466 3501 3 3466 3469 3503 3 3466 3503 3502 3 3466 3502 3501 3 3467 3573 3468 3 3467 3468 3504 3 3467 3504 3471 3 3468 3573 3616 3 3468 3616 3495 3 3468 3495 3504 3 3469 3470 3503 3 3471 3505 3473 3 3471 3504 3505 3 3472 3483 3518 3 3472 3518 3550 3 3472 3520 3486 3 3472 3550 3520 3 3473 3508 3474 3 3473 3505 3537 3 3473 3537 3508 3 3477 3513 3479 3 3479 3513 3514 3 3479 3514 3481 3 3480 3543 3539 3 3481 3514 3482 3 3482 3514 3516 3 3482 3516 3483 3 3483 3516 3518 3 3484 3522 3485 3 3484 3490 3522 3 3485 3522 3620 3 3486 3520 3487 3 3487 3520 3523 3 3487 3523 3488 3 3488 3523 3524 3 3489 3578 3581 3 3489 3581 3584 3 3490 3552 3522 3 3490 3525 3552 3 3491 3492 3494 3 3495 3534 3504 3 3495 3616 3531 3 3495 3568 3534 3 3495 3531 3568 3 3497 3599 3565 3 3497 3565 3541 3 3497 3541 3595 3 3497 3606 3599 3 3497 3601 3606 3 3497 3595 3601 3 3498 3626 3623 3 3498 3625 3626 3 3498 3557 3528 3 3498 3528 3621 3 3498 3621 3625 3 3501 3502 3532 3 3502 3570 3532 3 3502 3535 3570 3 3502 3503 3535 3 3504 3534 3505 3 3505 3534 3537 3 3508 3537 3540 3 3511 3550 3518 3 3511 3518 3516 3 3511 3516 3548 3 3511 3591 3550 3 3511 3548 3586 3 3511 3586 3587 3 3511 3587 3591 3 3513 3593 3514 3 3514 3548 3516 3 3514 3593 3548 3 3522 3552 3553 3 3523 3555 3524 3 3524 3555 3525 3 3525 3555 3552 3 3526 3558 3556 3 3526 3530 3558 3 3528 3611 3608 3 3528 3608 3612 3 3528 3557 3611 3 3528 3612 3618 3 3528 3618 3621 3 3530 3563 3562 3 3530 3562 3558 3 3531 3565 3568 3 3532 3569 3566 3 3532 3570 3569 3 3533 3584 3589 3 3533 3589 3553 3 3533 3551 3592 3 3533 3552 3551 3 3533 3553 3552 3 3534 3538 3537 3 3534 3568 3538 3 3535 3574 3570 3 3535 3539 3574 3 3537 3538 3540 3 3538 3575 3540 3 3538 3605 3575 3 3538 3599 3605 3 3538 3568 3599 3 3539 3543 3576 3 3539 3576 3574 3 3540 3575 3577 3 3541 3560 3595 3 3543 3579 3576 3 3543 3544 3579 3 3544 3585 3579 3 3544 3629 3585 3 3548 3593 3586 3 3551 3552 3555 3 3551 3555 3594 3 3551 3594 3592 3 3556 3558 3561 3 3556 3561 3560 3 3557 3610 3607 3 3557 3607 3611 3 3558 3562 3561 3 3560 3596 3595 3 3560 3561 3596 3 3562 3563 3598 3 3563 3566 3598 3 3565 3599 3568 3 3566 3569 3604 3 3566 3604 3598 3 3569 3609 3604 3 3569 3572 3609 3 3569 3570 3572 3 3570 3574 3572 3 3572 3574 3613 3 3574 3576 3613 3 3575 3605 3614 3 3575 3614 3577 3 3576 3578 3613 3 3576 3579 3578 3 3577 3614 3580 3 3578 3579 3581 3 3579 3585 3581 3 3580 3623 3583 3 3581 3585 3589 3 3581 3589 3584 3 3583 3587 3586 3 3583 3626 3587 3 3583 3623 3626 3 3585 3629 3589 3 3587 3627 3591 3 3587 3626 3627 3 3588 3627 3628 3 3588 3591 3627 3 3588 3594 3591 3 3588 3592 3594 3 3595 3596 3601 3 3596 3602 3601 3 3598 3604 3608 3 3598 3608 3603 3 3599 3606 3605 3 3601 3602 3607 3 3601 3607 3606 3 3602 3611 3607 3 3602 3603 3611 3 3603 3608 3611 3 3604 3609 3608 3 3605 3606 3610 3 3605 3610 3614 3 3606 3607 3610 3 3608 3609 3612 3 3619 3625 3621 3 3619 3628 3625 3 3625 3628 3626 3 3626 3628 3627 
4833 1208 3 3634 3985 3637 3 3634 3637 3638 3 3634 3638 3664 3 3634 3689 3915 3 3634 3915 3985 3 3634 3662 3689 3 3634 3664 3662 3 3635 4105 4155 3 3635 4155 3639 3 3635 3639 3852 3 3635 3852 3663 3 3635 3663 4105 3 3636 3985 3660 3 3636 3660 3852 3 3636 3852 3639 3 3636 3639 3651 3 3636 3651 3637 3 3636 3637 3985 3 3637 3651 3638 3 3638 3651 3640 3 3638 3640 3664 3 3639 4155 3661 3 3639 3661 3651 3 3640 3775 3664 3 3640 4228 3775 3 3640 3645 4228 3 3640 3651 3645 3 3641 3919 3918 3 3641 3918 3981 3 3641 3955 3919 3 3641 3981 4020 3 3641 4021 3955 3 3641 4020 4021 3 3642 4005 4100 3 3642 4100 3889 3 3642 4147 4005 3 3642 3889 4162 3 3642 4162 4166 3 3642 4166 4147 3 3643 3669 3647 3 3643 3647 4155 3 3643 4155 4105 3 3643 4105 3667 3 3643 3667 3669 3 3644 3649 4152 3 3644 3668 3649 3 3644 3695 3668 3 3644 3698 3695 3 3644 3674 3698 3 3644 4152 3674 3 3645 3651 4113 3 3645 4113 3653 3 3645 3653 3649 3 3645 3649 4228 3 3646 4195 4235 3 3646 4159 4195 3 3646 4128 4159 3 3646 4226 4128 3 3646 4121 4226 3 3646 4235 4121 3 3647 3669 3671 3 3647 3650 3648 3 3647 3648 4155 3 3647 3671 3650 3 3648 3650 4123 3 3648 3914 4155 3 3648 4123 3914 3 3649 3668 4228 3 3649 3653 4152 3 3650 3671 3676 3 3650 3676 3654 3 3650 3654 4123 3 3651 3914 4113 3 3651 3661 3914 3 3652 4184 4095 3 3652 3704 4184 3 3652 4224 3704 3 3652 4227 4224 3 3652 4225 4227 3 3652 4095 4225 3 3653 4113 3656 3 3653 3656 3657 3 3653 3657 4152 3 3654 3676 3677 3 3654 3677 4206 3 3654 4206 4123 3 3655 3991 4028 3 3655 4032 3991 3 3655 4028 4068 3 3655 4222 4032 3 3655 4012 4222 3 3655 4068 4012 3 3656 4123 4206 3 3656 4113 4123 3 3656 4206 3658 3 3656 3658 3657 3 3657 3658 3678 3 3657 3678 3679 3 3657 3679 4152 3 3658 4206 3997 3 3658 3997 3682 3 3658 3682 3678 3 3659 3852 3660 3 3659 3663 3852 3 3659 3685 3663 3 3659 3686 3685 3 3659 3660 3686 3 3660 3687 3686 3 3660 3985 3687 3 3661 4155 3914 3 3662 3713 3689 3 3662 3664 3775 3 3662 3775 3962 3 3662 3962 3715 3 3662 3715 3713 3 3663 3998 4105 3 3663 3688 3998 3 3663 3685 3688 3 3665 4112 3703 3 3665 3703 3728 3 3665 3728 3787 3 3665 3787 3732 3 3665 3732 3706 3 3665 3706 4112 3 3666 3775 3668 3 3666 4133 3775 3 3666 3668 3695 3 3666 3695 4065 3 3666 4065 4133 3 3667 3691 3693 3 3667 3998 3691 3 3667 4105 3998 3 3667 3693 3694 3 3667 3694 3669 3 3668 3775 4228 3 3669 3697 3670 3 3669 3670 3671 3 3669 3694 3697 3 3670 3697 3767 3 3670 3767 3672 3 3670 3672 3671 3 3671 3672 3675 3 3671 3675 3676 3 3672 3767 3725 3 3672 3725 3675 3 3673 3711 3736 3 3673 3714 3711 3 3673 3741 3714 3 3673 3766 3741 3 3673 3763 3766 3 3673 3736 3763 3 3674 3700 3698 3 3674 4152 3679 3 3674 3679 3701 3 3674 3701 3700 3 3675 3725 3727 3 3675 3727 4177 3 3675 4177 3680 3 3675 3680 3676 3 3676 3680 3677 3 3677 3680 3703 3 3677 3703 4112 3 3677 4112 4206 3 3678 3682 3683 3 3678 3683 3679 3 3679 3683 3974 3 3679 3974 3701 3 3680 4177 3703 3 3681 3713 3715 3 3681 3739 3713 3 3681 3765 3739 3 3681 3715 4170 3 3681 4170 3802 3 3681 3802 3765 3 3682 3684 3705 3 3682 3997 3684 3 3682 3705 3683 3 3683 4230 3974 3 3683 3705 4230 3 3684 3997 4112 3 3684 4112 3707 3 3684 3707 3705 3 3685 3711 3688 3 3685 3686 3708 3 3685 3708 3711 3 3686 3687 3709 3 3686 3709 3708 3 3687 3985 3915 3 3687 3915 3710 3 3687 3710 3709 3 3688 3828 3998 3 3688 3714 3828 3 3688 3711 3714 3 3689 3712 3915 3 3689 3713 3712 3 3690 4000 3939 3 3690 3939 3941 3 3690 4043 4000 3 3690 3941 4196 3 3690 4002 4043 3 3690 4196 4002 3 3691 3998 3828 3 3691 3828 3717 3 3691 3717 3718 3 3691 3718 3693 3 3692 4022 4060 3 3692 4125 4022 3 3692 4056 4125 3 3692 4096 4056 3 3692 4060 4131 3 3692 4131 4096 3 3693 3721 3694 3 3693 3718 3721 3 3694 3722 3697 3 3694 3721 3722 3 3695 3698 3723 3 3695 3723 3696 3 3695 3696 4065 3 3696 3746 4065 3 3696 4239 3746 3 3696 3723 4239 3 3697 3722 3767 3 3698 3700 3723 3 3699 3724 3751 3 3699 3881 3724 3 3699 3816 3881 3 3699 3751 4148 3 3699 4148 3816 3 3700 3724 3723 3 3700 3701 3726 3 3700 3726 3724 3 3701 3974 3726 3 3702 3958 3959 3 3702 3984 3958 3 3702 4024 3984 3 3702 4062 4024 3 3702 3959 4151 3 3702 4151 4027 3 3702 4063 4062 3 3702 4027 4063 3 3703 4177 3728 3 3704 4224 4218 3 3704 4218 4215 3 3704 4215 4178 3 3704 4178 4219 3 3704 4219 4184 3 3705 4173 4230 3 3705 3730 4173 3 3705 3707 3730 3 3706 3707 4112 3 3706 3757 3707 3 3706 3732 3757 3 3707 3757 3730 3 3708 3737 3711 3 3708 3734 3737 3 3708 3709 3734 3 3709 3710 3734 3 3710 3915 3929 3 3710 3735 3734 3 3710 3929 3735 3 3711 3737 3736 3 3712 3764 3929 3 3712 3929 3915 3 3712 3713 3739 3 3712 3739 3764 3 3714 3741 3828 3 3715 4135 4170 3 3715 3962 4135 3 3716 3794 3830 3 3716 3793 3794 3 3716 3829 3793 3 3716 3830 3862 3 3716 3865 3829 3 3716 3862 3895 3 3716 3895 3865 3 3717 3743 3718 3 3717 3741 3743 3 3717 3828 3741 3 3718 3720 3721 3 3718 3869 3720 3 3718 3743 3869 3 3719 4099 4062 3 3719 4062 4063 3 3719 4132 4099 3 3719 4063 4067 3 3719 4067 4102 3 3719 4136 4132 3 3719 4102 4136 3 3720 3869 4236 3 3720 4236 3745 3 3720 3745 3721 3 3721 3745 3722 3 3722 3745 3747 3 3722 3747 3748 3 3722 3748 3767 3 3723 3881 4239 3 3723 3724 3881 3 3724 3726 3751 3 3725 3767 3749 3 3725 3749 3750 3 3725 3750 3727 3 3726 3974 3729 3 3726 3753 3751 3 3726 3729 3753 3 3727 3750 3897 3 3727 3897 4177 3 3728 4177 3897 3 3728 3897 3754 3 3728 3754 3787 3 3729 3974 4230 3 3729 3784 3753 3 3729 3755 3784 3 3729 4230 3755 3 3730 3757 3758 3 3730 3758 4173 3 3731 3909 3861 3 3731 3861 3893 3 3731 3944 3909 3 3731 3911 3944 3 3731 3893 3911 3 3732 3756 3757 3 3732 3788 3756 3 3732 3787 3788 3 3733 3785 3916 3 3733 3916 3952 3 3733 3982 3948 3 3733 3948 3785 3 3733 4023 3982 3 3733 3952 4023 3 3734 3735 4142 3 3734 4142 3761 3 3734 3761 3737 3 3735 3929 3762 3 3735 3762 4142 3 3736 3737 3744 3 3736 3744 3763 3 3737 3761 3744 3 3738 4133 4065 3 3738 4135 4133 3 3738 3773 4135 3 3738 4065 3746 3 3738 3774 3773 3 3738 3746 3774 3 3739 3765 3764 3 3740 3837 3838 3 3740 3872 3837 3 3740 3838 3899 3 3740 3899 3931 3 3740 3931 3901 3 3740 3901 3872 3 3741 3766 3768 3 3741 3768 3770 3 3741 3770 3743 3 3742 4119 3850 3 3742 4146 4183 3 3742 3850 4146 3 3742 4183 3932 3 3742 3932 4199 3 3742 4199 4119 3 3743 3770 3869 3 3744 3796 3763 3 3744 3793 3796 3 3744 3761 3793 3 3745 4236 3776 3 3745 3776 3747 3 3746 4239 3810 3 3746 3810 3774 3 3747 3776 4127 3 3747 4127 3748 3 3748 4127 3778 3 3748 3778 3749 3 3748 3749 3767 3 3749 3778 3780 3 3749 3780 3750 3 3750 3780 3781 3 3750 3781 3897 3 3751 3782 4148 3 3751 3753 3782 3 3752 4026 4024 3 3752 3986 4026 3 3752 4064 3986 3 3752 4097 4064 3 3752 4024 4061 3 3752 4098 4097 3 3752 4061 4098 3 3753 3784 3782 3 3754 3897 3783 3 3754 3783 3786 3 3754 3786 3787 3 3755 4230 4173 3 3755 4173 3789 3 3755 3789 3784 3 3756 3788 3790 3 3756 3790 3791 3 3756 3791 3757 3 3757 3791 3758 3 3758 3792 4173 3 3758 3791 3792 3 3759 4136 4102 3 3759 4102 3988 3 3759 3988 4138 3 3759 4169 4136 3 3759 4172 4169 3 3759 4138 4172 3 3760 4223 3848 3 3760 3848 3910 3 3760 3910 3946 3 3760 3946 3947 3 3760 3947 3987 3 3760 3987 4223 3 3761 3794 3793 3 3761 4142 3794 3 3762 3929 3764 3 3762 3795 4142 3 3762 3797 3795 3 3762 3764 3797 3 3763 3796 3800 3 3763 3800 3766 3 3764 3798 3797 3 3764 3765 3798 3 3765 3802 3801 3 3765 3801 3798 3 3766 3800 3799 3 3766 3799 3768 3 3768 3799 3805 3 3768 3805 3770 3 3769 4084 4049 3 3769 4049 4009 3 3769 4009 4013 3 3769 4013 4054 3 3769 4054 4226 3 3769 4226 4121 3 3769 4121 4084 3 3770 3805 3804 3 3770 3804 3806 3 3770 3806 3869 3 3771 4170 4135 3 3771 4135 3773 3 3771 3773 4160 3 3771 4160 3803 3 3771 3803 4170 3 3772 3802 3803 3 3772 3836 3802 3 3772 3803 3839 3 3772 3871 3836 3 3772 3900 3871 3 3772 3902 3900 3 3772 3873 3902 3 3772 3839 3873 3 3773 3774 3807 3 3773 3807 4160 3 3774 3810 3807 3 3775 4133 3962 3 3776 3814 4127 3 3776 3811 3814 3 3776 4236 3811 3 3777 4030 3990 3 3777 3990 3963 3 3777 3963 4203 3 3777 4203 3967 3 3777 3967 3992 3 3777 4031 4030 3 3777 3992 4031 3 3778 4127 3815 3 3778 3815 3817 3 3778 3817 3780 3 3779 3819 4221 3 3779 3821 3819 3 3779 3854 3821 3 3779 4221 4237 3 3779 4237 3886 3 3779 3886 3854 3 3780 4223 3781 3 3780 3817 4223 3 3781 3783 3897 3 3781 3819 3783 3 3781 4221 3819 3 3781 4223 4221 3 3782 3784 3820 3 3782 3820 3818 3 3782 3818 4148 3 3783 3819 3786 3 3784 3823 3820 3 3784 3789 3823 3 3785 3884 3853 3 3785 3853 3855 3 3785 3855 3916 3 3785 3948 3884 3 3786 3819 3821 3 3786 3822 3787 3 3786 3821 3822 3 3787 3822 3788 3 3788 3822 3824 3 3788 3824 3790 3 3789 3827 3823 3 3789 3792 3827 3 3789 4173 3792 3 3790 3825 3791 3 3790 3858 3825 3 3790 3824 3858 3 3791 3826 3792 3 3791 3825 3826 3 3792 3826 3827 3 3793 3829 3796 3 3794 4142 3795 3 3794 3795 3830 3 3795 3797 3831 3 3795 3831 3830 3 3796 3829 3832 3 3796 3832 3800 3 3797 3798 3833 3 3797 3833 3831 3 3798 3801 3834 3 3798 3834 3833 3 3799 3800 3835 3 3799 3835 3838 3 3799 3838 3805 3 3800 3832 3835 3 3801 3802 3836 3 3801 3836 3834 3 3802 4170 3803 3 3803 4160 3839 3 3804 3840 3806 3 3804 3837 3840 3 3804 3805 3837 3 3805 3838 3837 3 3806 3808 3869 3 3806 3842 3808 3 3806 3840 3842 3 3807 3843 3841 3 3807 3841 4160 3 3807 3810 3843 3 3808 4236 3869 3 3808 3844 4236 3 3808 3842 3844 3 3809 4044 4001 3 3809 4001 3971 3 3809 3971 4188 3 3809 4079 4044 3 3809 4188 4037 3 3809 4037 4077 3 3809 4077 4079 3 3810 3845 3843 3 3810 3812 3845 3 3810 4239 3812 3 3811 4236 3844 3 3811 3844 3846 3 3811 3846 3814 3 3812 4239 3881 3 3812 3881 3813 3 3812 3813 3861 3 3812 3861 3845 3 3813 3881 3816 3 3813 3816 3893 3 3813 3893 3861 3 3814 3846 3847 3 3814 3847 3815 3 3814 3815 4127 3 3815 3847 3848 3 3815 3848 3817 3 3816 4148 3849 3 3816 3849 3893 3 3817 3848 4223 3 3818 3851 4148 3 3818 3853 3851 3 3818 3820 3853 3 3820 3855 3853 3 3820 3823 3855 3 3821 3854 3822 3 3822 3854 3856 3 3822 3856 3824 3 3823 3917 3855 3 3823 3860 3917 3 3823 3827 3860 3 3824 3857 3858 3 3824 3856 3857 3 3825 4118 3826 3 3825 3890 4118 3 3825 3858 3890 3 3826 3859 3827 3 3826 4118 3859 3 3827 3859 3860 3 3829 3865 3864 3 3829 3864 3832 3 3830 3831 3863 3 3830 3863 3862 3 3831 3833 3866 3 3831 3866 3863 3 3832 3864 3867 3 3832 3867 3835 3 3833 3834 3868 3 3833 3868 3866 3 3834 3836 3870 3 3834 3870 3868 3 3835 3867 3899 3 3835 3899 3838 3 3836 3871 3870 3 3837 3872 3840 3 3839 4160 3841 3 3839 3841 3873 3 3840 3872 3903 3 3840 3903 3875 3 3840 3875 3842 3 3841 3874 3873 3 3841 3843 3874 3 3842 3875 3877 3 3842 3877 3844 3 3843 3845 3879 3 3843 3879 3876 3 3843 3876 3874 3 3844 3877 3878 3 3844 3878 3846 3 3845 3861 3879 3 3846 3878 3880 3 3846 3880 3847 3 3847 3880 3882 3 3847 3882 3848 3 3848 3882 3910 3 3849 3883 3893 3 3849 3851 3883 3 3849 4148 3851 3 3850 4083 4081 3 3850 4081 4080 3 3850 4080 4114 3 3850 4119 4083 3 3850 4114 4146 3 3851 3884 3883 3 3851 3853 3884 3 3854 3886 3966 3 3854 3966 3856 3 3855 3917 3916 3 3856 3887 3857 3 3856 3966 3887 3 3857 3888 3858 3 3857 3887 3888 3 3858 3888 3890 3 3859 3892 3860 3 3859 3891 3892 3 3859 4118 3891 3 3860 3892 3917 3 3861 3909 3879 3 3862 3863 3898 3 3862 3898 3924 3 3862 3924 3895 3 3863 3866 4025 3 3863 4025 3898 3 3864 3865 3894 3 3864 3894 3896 3 3864 3896 3867 3 3865 3895 3894 3 3866 3868 3928 3 3866 3928 3885 3 3866 3885 4025 3 3867 3896 4066 3 3867 4066 3899 3 3868 3870 3928 3 3870 3871 4106 3 3870 4106 3928 3 3871 3900 4106 3 3872 3901 3903 3 3873 3874 4017 3 3873 4017 3902 3 3874 3876 4238 3 3874 4238 4017 3 3875 3903 3904 3 3875 3904 3938 3 3875 3938 3877 3 3876 3939 4238 3 3876 3906 3939 3 3876 3879 3906 3 3877 3938 3907 3 3877 3907 3878 3 3878 3907 3908 3 3878 3908 3880 3 3879 3909 3906 3 3880 3943 3882 3 3880 3908 3943 3 3882 3943 3910 3 3883 3911 3893 3 3883 3913 3911 3 3883 3884 3913 3 3884 3948 3913 3 3885 4151 4025 3 3885 3928 3963 3 3885 3963 3990 3 3885 3990 4151 3 3886 3951 3966 3 3886 3950 3951 3 3886 4237 3950 3 3887 3918 3888 3 3887 3954 3918 3 3887 3966 3954 3 3888 3919 3890 3 3888 3918 3919 3 3889 4100 4098 3 3889 4098 4099 3 3889 4099 4132 3 3889 4132 4162 3 3890 3920 4118 3 3890 3919 3920 3 3891 3921 3892 3 3891 3920 3921 3 3891 4118 3920 3 3892 3922 3917 3 3892 3921 3922 3 3894 3926 3896 3 3894 3923 3926 3 3894 3895 3923 3 3895 3924 3923 3 3896 3930 4066 3 3896 3926 3930 3 3898 3958 3924 3 3898 4025 3959 3 3898 3959 3958 3 3899 4066 3931 3 3900 3902 3933 3 3900 3933 4106 3 3901 3936 3903 3 3901 3934 3936 3 3901 3964 3934 3 3901 3931 3964 3 3902 4017 3935 3 3902 3935 3933 3 3903 3936 3904 3 3904 3936 3970 3 3904 3970 3938 3 3905 4234 4225 3 3905 4194 4234 3 3905 4198 4194 3 3905 4139 4198 3 3905 4190 4139 3 3905 4095 4190 3 3905 4225 4095 3 3906 3941 3939 3 3906 3909 3941 3 3907 3940 3908 3 3907 3938 3940 3 3908 3942 3943 3 3908 3940 3942 3 3909 3944 3941 3 3910 3943 3945 3 3910 3945 3946 3 3911 3972 3944 3 3911 3953 3972 3 3911 3913 3953 3 3912 4150 4115 3 3912 4115 4082 3 3912 4082 4084 3 3912 4235 4150 3 3912 4121 4235 3 3912 4084 4121 3 3913 3948 3953 3 3914 4123 4113 3 3916 3922 3952 3 3916 3917 3922 3 3918 3954 3981 3 3919 3955 3920 3 3920 3955 3921 3 3921 3956 3922 3 3921 3983 3956 3 3921 3955 3983 3 3922 3956 3952 3 3923 3924 3957 3 3923 3957 3961 3 3923 3961 3926 3 3924 3958 3957 3 3925 3942 4003 3 3925 3943 3942 3 3925 3945 3943 3 3925 3973 3945 3 3925 4006 3973 3 3925 4003 4046 3 3925 4046 4006 3 3926 3961 3960 3 3926 3960 3930 3 3927 4202 4167 3 3927 4167 4168 3 3927 4168 4204 3 3927 4204 4209 3 3927 4208 4202 3 3927 4209 4208 3 3928 4106 4203 3 3928 4203 3963 3 3930 3960 3989 3 3930 3989 3965 3 3930 3965 4066 3 3931 4066 3965 3 3931 3965 3964 3 3932 4192 4199 3 3932 4183 4186 3 3932 4186 4189 3 3932 4189 4192 3 3933 3967 4106 3 3933 3968 3967 3 3933 3935 3968 3 3934 3964 3994 3 3934 3994 4165 3 3934 4165 3936 3 3935 3969 3968 3 3935 3937 3969 3 3935 4017 3937 3 3936 4165 3970 3 3937 4017 4238 3 3937 4153 3969 3 3937 3999 4153 3 3937 4238 3999 3 3938 3970 4188 3 3938 4188 3971 3 3938 3971 3940 3 3939 4000 4238 3 3940 3971 3942 3 3941 3944 4196 3 3942 3971 4001 3 3942 4001 4003 3 3944 3972 4196 3 3945 3973 3946 3 3946 3975 3947 3 3946 3973 3975 3 3947 3949 3987 3 3947 3976 3949 3 3947 3975 3976 3 3948 3982 3953 3 3949 3950 4237 3 3949 4237 3987 3 3949 3978 3950 3 3949 3976 3978 3 3950 3979 3951 3 3950 3978 3979 3 3951 3954 3966 3 3951 3980 3954 3 3951 3979 3980 3 3952 4018 4023 3 3952 3977 4018 3 3952 3956 3977 3 3953 4007 3972 3 3953 3982 4009 3 3953 4009 4007 3 3954 3980 3981 3 3955 4022 3983 3 3955 4021 4022 3 3956 3983 3977 3 3957 4026 3961 3 3957 3984 4026 3 3957 3958 3984 3 3959 4025 4151 3 3960 4028 3989 3 3960 3986 4028 3 3960 3961 3986 3 3961 4026 3986 3 3962 4133 4135 3 3964 3965 3993 3 3964 3993 3994 3 3965 3991 3993 3 3965 3989 3991 3 3967 4203 4106 3 3967 3968 3992 3 3968 3995 3992 3 3968 3969 3995 3 3969 4153 3995 3 3970 4165 4188 3 3972 4004 4196 3 3972 4007 4004 3 3973 4010 3975 3 3973 4008 4010 3 3973 4006 4008 3 3975 4010 3976 3 3976 4011 3978 3 3976 4010 4011 3 3977 3983 4125 3 3977 4125 4057 3 3977 4057 4018 3 3978 4014 3979 3 3978 4011 4014 3 3979 4015 3980 3 3979 4014 4015 3 3980 4019 3981 3 3980 4015 4019 3 3981 4019 4020 3 3982 4023 4013 3 3982 4013 4009 3 3983 4022 4125 3 3984 4024 4026 3 3986 4064 4028 3 3987 4221 4223 3 3987 4237 4221 3 3988 4102 4070 3 3988 4070 4071 3 3988 4107 4138 3 3988 4071 4107 3 3989 4028 3991 3 3990 4027 4151 3 3990 4029 4027 3 3990 4030 4029 3 3991 4032 3993 3 3992 4033 4031 3 3992 3995 4033 3 3993 4179 3994 3 3993 4032 4179 3 3994 4035 4165 3 3994 4179 4035 3 3995 4034 4033 3 3995 4036 4034 3 3995 4153 4036 3 3996 4186 4220 3 3996 4229 4186 3 3996 4104 4229 3 3996 4220 4216 3 3996 4163 4104 3 3996 4216 4163 3 3997 4206 4112 3 3999 4238 4000 3 3999 4038 4153 3 3999 4041 4038 3 3999 4000 4041 3 4000 4043 4041 3 4001 4044 4003 3 4002 4045 4043 3 4002 4196 4004 3 4002 4004 4045 3 4003 4044 4046 3 4004 4007 4047 3 4004 4047 4045 3 4005 4012 4068 3 4005 4068 4097 3 4005 4097 4100 3 4005 4147 4012 3 4006 4048 4008 3 4006 4046 4048 3 4007 4009 4049 3 4007 4049 4047 3 4008 4051 4010 3 4008 4050 4051 3 4008 4048 4050 3 4010 4051 4011 3 4011 4052 4014 3 4011 4051 4052 3 4012 4137 4222 3 4012 4171 4137 3 4012 4147 4171 3 4013 4023 4054 3 4014 4055 4015 3 4014 4052 4055 3 4015 4016 4019 3 4015 4055 4016 3 4016 4092 4019 3 4016 4055 4078 3 4016 4078 4092 3 4018 4057 4053 3 4018 4053 4023 3 4019 4058 4020 3 4019 4092 4058 3 4020 4058 4021 3 4021 4058 4059 3 4021 4059 4022 3 4022 4059 4060 3 4023 4053 4054 3 4024 4062 4061 3 4027 4067 4063 3 4027 4029 4067 3 4028 4064 4068 3 4029 4102 4067 3 4029 4070 4102 3 4029 4030 4070 3 4030 4031 4070 3 4031 4071 4070 3 4031 4033 4071 3 4032 4222 4179 3 4033 4034 4071 3 4034 4072 4071 3 4034 4075 4072 3 4034 4036 4075 3 4035 4037 4165 3 4035 4073 4037 3 4035 4179 4073 3 4036 4153 4038 3 4036 4076 4075 3 4036 4038 4076 3 4037 4188 4165 3 4037 4073 4077 3 4038 4039 4076 3 4038 4041 4039 3 4039 4041 4116 3 4039 4116 4086 3 4039 4086 4042 3 4039 4042 4076 3 4040 4086 4116 3 4040 4116 4115 3 4040 4149 4086 3 4040 4150 4149 3 4040 4115 4150 3 4041 4043 4116 3 4042 4109 4076 3 4042 4141 4109 3 4042 4145 4141 3 4042 4086 4145 3 4043 4045 4116 3 4044 4080 4046 3 4044 4079 4080 3 4045 4047 4082 3 4045 4082 4115 3 4045 4115 4116 3 4046 4081 4048 3 4046 4080 4081 3 4047 4084 4082 3 4047 4049 4084 3 4048 4083 4050 3 4048 4081 4083 3 4050 4087 4051 3 4050 4085 4087 3 4050 4083 4085 3 4051 4087 4052 3 4052 4089 4055 3 4052 4088 4089 3 4052 4087 4088 3 4053 4091 4054 3 4053 4090 4091 3 4053 4057 4090 3 4054 4091 4226 3 4055 4089 4078 3 4056 4057 4125 3 4056 4090 4057 3 4056 4096 4090 3 4058 4094 4059 3 4058 4093 4094 3 4058 4092 4093 3 4059 4094 4060 3 4060 4130 4131 3 4060 4094 4130 3 4061 4099 4098 3 4061 4062 4099 3 4064 4097 4068 3 4069 4126 4156 3 4069 4129 4126 3 4069 4161 4129 3 4069 4200 4161 3 4069 4197 4200 3 4069 4156 4197 3 4071 4072 4107 3 4072 4075 4109 3 4072 4109 4108 3 4072 4108 4107 3 4073 4179 4074 3 4073 4074 4110 3 4073 4110 4077 3 4074 4179 4222 3 4074 4222 4101 3 4074 4101 4110 3 4075 4076 4109 3 4077 4111 4079 3 4077 4110 4111 3 4078 4089 4124 3 4078 4124 4156 3 4078 4126 4092 3 4078 4156 4126 3 4079 4114 4080 3 4079 4111 4143 3 4079 4143 4114 3 4083 4119 4085 3 4085 4119 4120 3 4085 4120 4087 3 4086 4149 4145 3 4087 4120 4088 3 4088 4120 4122 3 4088 4122 4089 3 4089 4122 4124 3 4090 4128 4091 3 4090 4096 4128 3 4091 4128 4226 3 4092 4126 4093 3 4093 4126 4129 3 4093 4129 4094 3 4094 4129 4130 3 4095 4184 4187 3 4095 4187 4190 3 4096 4158 4128 3 4096 4131 4158 3 4097 4098 4100 3 4101 4140 4110 3 4101 4222 4137 3 4101 4174 4140 3 4101 4137 4174 3 4103 4205 4171 3 4103 4171 4147 3 4103 4147 4201 3 4103 4212 4205 3 4103 4207 4212 3 4103 4201 4207 3 4104 4232 4229 3 4104 4231 4232 3 4104 4163 4134 3 4104 4134 4227 3 4104 4227 4231 3 4107 4108 4138 3 4108 4176 4138 3 4108 4141 4176 3 4108 4109 4141 3 4110 4140 4111 3 4111 4140 4143 3 4114 4143 4146 3 4117 4156 4124 3 4117 4124 4122 3 4117 4122 4154 3 4117 4197 4156 3 4117 4154 4192 3 4117 4192 4193 3 4117 4193 4197 3 4119 4199 4120 3 4120 4154 4122 3 4120 4199 4154 3 4128 4158 4159 3 4129 4161 4130 3 4130 4161 4131 3 4131 4161 4158 3 4132 4164 4162 3 4132 4136 4164 3 4134 4217 4214 3 4134 4214 4218 3 4134 4163 4217 3 4134 4218 4224 3 4134 4224 4227 3 4136 4169 4168 3 4136 4168 4164 3 4137 4171 4174 3 4138 4175 4172 3 4138 4176 4175 3 4139 4190 4195 3 4139 4195 4159 3 4139 4157 4198 3 4139 4158 4157 3 4139 4159 4158 3 4140 4144 4143 3 4140 4174 4144 3 4141 4180 4176 3 4141 4145 4180 3 4143 4144 4146 3 4144 4181 4146 3 4144 4211 4181 3 4144 4205 4211 3 4144 4174 4205 3 4145 4149 4182 3 4145 4182 4180 3 4146 4181 4183 3 4147 4166 4201 3 4149 4185 4182 3 4149 4150 4185 3 4150 4191 4185 3 4150 4235 4191 3 4154 4199 4192 3 4157 4158 4161 3 4157 4161 4200 3 4157 4200 4198 3 4162 4164 4167 3 4162 4167 4166 3 4163 4216 4213 3 4163 4213 4217 3 4164 4168 4167 3 4166 4202 4201 3 4166 4167 4202 3 4168 4169 4204 3 4169 4172 4204 3 4171 4205 4174 3 4172 4175 4210 3 4172 4210 4204 3 4175 4215 4210 3 4175 4178 4215 3 4175 4176 4178 3 4176 4180 4178 3 4178 4180 4219 3 4180 4182 4219 3 4181 4211 4220 3 4181 4220 4183 3 4182 4184 4219 3 4182 4185 4184 3 4183 4220 4186 3 4184 4185 4187 3 4185 4191 4187 3 4186 4229 4189 3 4187 4191 4195 3 4187 4195 4190 3 4189 4193 4192 3 4189 4232 4193 3 4189 4229 4232 3 4191 4235 4195 3 4193 4233 4197 3 4193 4232 4233 3 4194 4233 4234 3 4194 4197 4233 3 4194 4200 4197 3 4194 4198 4200 3 4201 4202 4207 3 4202 4208 4207 3 4204 4210 4214 3 4204 4214 4209 3 4205 4212 4211 3 4207 4208 4213 3 4207 4213 4212 3 4208 4217 4213 3 4208 4209 4217 3 4209 4214 4217 3 4210 4215 4214 3 4211 4212 4216 3 4211 4216 4220 3 4212 4213 4216 3 4214 4215 4218 3 4225 4231 4227 3 4225 4234 4231 3 4231 4234 4232 3 4232 4234 4233 
4833 1208 3 4240 4591 4243 3 4240 4243 4244 3 4240 4244 4270 3 4240 4295 4521 3 4240 4521 4591 3 4240 4268 4295 3 4240 4270 4268 3 4241 4711 4761 3 4241 4761 4245 3 4241 4245 4458 3 4241 4458 4269 3 4241 4269 4711 3 4242 4591 4266 3 4242 4266 4458 3 4242 4458 4245 3 4242 4245 4257 3 4242 4257 4243 3 4242 4243 4591 3 4243 4257 4244 3 4244 4257 4246 3 4244 4246 4270 3 4245 4761 4267 3 4245 4267 4257 3 4246 4381 4270 3 4246 4834 4381 3 4246 4251 4834 3 4246 4257 4251 3 4247 4525 4524 3 4247 4524 4587 3 4247 4561 4525 3 4247 4587 4626 3 4247 4627 4561 3 4247 4626 4627 3 4248 4611 4706 3 4248 4706 4495 3 4248 4753 4611 3 4248 4495 4768 3 4248 4768 4772 3 4248 4772 4753 3 4249 4275 4253 3 4249 4253 4761 3 4249 4761 4711 3 4249 4711 4273 3 4249 4273 4275 3 4250 4255 4758 3 4250 4274 4255 3 4250 4301 4274 3 4250 4304 4301 3 4250 4280 4304 3 4250 4758 4280 3 4251 4257 4719 3 4251 4719 4259 3 4251 4259 4255 3 4251 4255 4834 3 4252 4801 4841 3 4252 4765 4801 3 4252 4734 4765 3 4252 4832 4734 3 4252 4727 4832 3 4252 4841 4727 3 4253 4275 4277 3 4253 4256 4254 3 4253 4254 4761 3 4253 4277 4256 3 4254 4256 4729 3 4254 4520 4761 3 4254 4729 4520 3 4255 4274 4834 3 4255 4259 4758 3 4256 4277 4282 3 4256 4282 4260 3 4256 4260 4729 3 4257 4520 4719 3 4257 4267 4520 3 4258 4790 4701 3 4258 4310 4790 3 4258 4830 4310 3 4258 4833 4830 3 4258 4831 4833 3 4258 4701 4831 3 4259 4719 4262 3 4259 4262 4263 3 4259 4263 4758 3 4260 4282 4283 3 4260 4283 4812 3 4260 4812 4729 3 4261 4597 4634 3 4261 4638 4597 3 4261 4634 4674 3 4261 4828 4638 3 4261 4618 4828 3 4261 4674 4618 3 4262 4729 4812 3 4262 4719 4729 3 4262 4812 4264 3 4262 4264 4263 3 4263 4264 4284 3 4263 4284 4285 3 4263 4285 4758 3 4264 4812 4603 3 4264 4603 4288 3 4264 4288 4284 3 4265 4458 4266 3 4265 4269 4458 3 4265 4291 4269 3 4265 4292 4291 3 4265 4266 4292 3 4266 4293 4292 3 4266 4591 4293 3 4267 4761 4520 3 4268 4319 4295 3 4268 4270 4381 3 4268 4381 4568 3 4268 4568 4321 3 4268 4321 4319 3 4269 4604 4711 3 4269 4294 4604 3 4269 4291 4294 3 4271 4718 4309 3 4271 4309 4334 3 4271 4334 4393 3 4271 4393 4338 3 4271 4338 4312 3 4271 4312 4718 3 4272 4381 4274 3 4272 4739 4381 3 4272 4274 4301 3 4272 4301 4671 3 4272 4671 4739 3 4273 4297 4299 3 4273 4604 4297 3 4273 4711 4604 3 4273 4299 4300 3 4273 4300 4275 3 4274 4381 4834 3 4275 4303 4276 3 4275 4276 4277 3 4275 4300 4303 3 4276 4303 4373 3 4276 4373 4278 3 4276 4278 4277 3 4277 4278 4281 3 4277 4281 4282 3 4278 4373 4331 3 4278 4331 4281 3 4279 4317 4342 3 4279 4320 4317 3 4279 4347 4320 3 4279 4372 4347 3 4279 4369 4372 3 4279 4342 4369 3 4280 4306 4304 3 4280 4758 4285 3 4280 4285 4307 3 4280 4307 4306 3 4281 4331 4333 3 4281 4333 4783 3 4281 4783 4286 3 4281 4286 4282 3 4282 4286 4283 3 4283 4286 4309 3 4283 4309 4718 3 4283 4718 4812 3 4284 4288 4289 3 4284 4289 4285 3 4285 4289 4580 3 4285 4580 4307 3 4286 4783 4309 3 4287 4319 4321 3 4287 4345 4319 3 4287 4371 4345 3 4287 4321 4776 3 4287 4776 4408 3 4287 4408 4371 3 4288 4290 4311 3 4288 4603 4290 3 4288 4311 4289 3 4289 4836 4580 3 4289 4311 4836 3 4290 4603 4718 3 4290 4718 4313 3 4290 4313 4311 3 4291 4317 4294 3 4291 4292 4314 3 4291 4314 4317 3 4292 4293 4315 3 4292 4315 4314 3 4293 4591 4521 3 4293 4521 4316 3 4293 4316 4315 3 4294 4434 4604 3 4294 4320 4434 3 4294 4317 4320 3 4295 4318 4521 3 4295 4319 4318 3 4296 4606 4545 3 4296 4545 4547 3 4296 4649 4606 3 4296 4547 4802 3 4296 4608 4649 3 4296 4802 4608 3 4297 4604 4434 3 4297 4434 4323 3 4297 4323 4324 3 4297 4324 4299 3 4298 4628 4666 3 4298 4731 4628 3 4298 4662 4731 3 4298 4702 4662 3 4298 4666 4737 3 4298 4737 4702 3 4299 4327 4300 3 4299 4324 4327 3 4300 4328 4303 3 4300 4327 4328 3 4301 4304 4329 3 4301 4329 4302 3 4301 4302 4671 3 4302 4352 4671 3 4302 4845 4352 3 4302 4329 4845 3 4303 4328 4373 3 4304 4306 4329 3 4305 4330 4357 3 4305 4487 4330 3 4305 4422 4487 3 4305 4357 4754 3 4305 4754 4422 3 4306 4330 4329 3 4306 4307 4332 3 4306 4332 4330 3 4307 4580 4332 3 4308 4564 4565 3 4308 4590 4564 3 4308 4630 4590 3 4308 4668 4630 3 4308 4565 4757 3 4308 4757 4633 3 4308 4669 4668 3 4308 4633 4669 3 4309 4783 4334 3 4310 4830 4824 3 4310 4824 4821 3 4310 4821 4784 3 4310 4784 4825 3 4310 4825 4790 3 4311 4779 4836 3 4311 4336 4779 3 4311 4313 4336 3 4312 4313 4718 3 4312 4363 4313 3 4312 4338 4363 3 4313 4363 4336 3 4314 4343 4317 3 4314 4340 4343 3 4314 4315 4340 3 4315 4316 4340 3 4316 4521 4535 3 4316 4341 4340 3 4316 4535 4341 3 4317 4343 4342 3 4318 4370 4535 3 4318 4535 4521 3 4318 4319 4345 3 4318 4345 4370 3 4320 4347 4434 3 4321 4741 4776 3 4321 4568 4741 3 4322 4400 4436 3 4322 4399 4400 3 4322 4435 4399 3 4322 4436 4468 3 4322 4471 4435 3 4322 4468 4501 3 4322 4501 4471 3 4323 4349 4324 3 4323 4347 4349 3 4323 4434 4347 3 4324 4326 4327 3 4324 4475 4326 3 4324 4349 4475 3 4325 4705 4668 3 4325 4668 4669 3 4325 4738 4705 3 4325 4669 4673 3 4325 4673 4708 3 4325 4742 4738 3 4325 4708 4742 3 4326 4475 4842 3 4326 4842 4351 3 4326 4351 4327 3 4327 4351 4328 3 4328 4351 4353 3 4328 4353 4354 3 4328 4354 4373 3 4329 4487 4845 3 4329 4330 4487 3 4330 4332 4357 3 4331 4373 4355 3 4331 4355 4356 3 4331 4356 4333 3 4332 4580 4335 3 4332 4359 4357 3 4332 4335 4359 3 4333 4356 4503 3 4333 4503 4783 3 4334 4783 4503 3 4334 4503 4360 3 4334 4360 4393 3 4335 4580 4836 3 4335 4390 4359 3 4335 4361 4390 3 4335 4836 4361 3 4336 4363 4364 3 4336 4364 4779 3 4337 4515 4467 3 4337 4467 4499 3 4337 4550 4515 3 4337 4517 4550 3 4337 4499 4517 3 4338 4362 4363 3 4338 4394 4362 3 4338 4393 4394 3 4339 4391 4522 3 4339 4522 4558 3 4339 4588 4554 3 4339 4554 4391 3 4339 4629 4588 3 4339 4558 4629 3 4340 4341 4748 3 4340 4748 4367 3 4340 4367 4343 3 4341 4535 4368 3 4341 4368 4748 3 4342 4343 4350 3 4342 4350 4369 3 4343 4367 4350 3 4344 4739 4671 3 4344 4741 4739 3 4344 4379 4741 3 4344 4671 4352 3 4344 4380 4379 3 4344 4352 4380 3 4345 4371 4370 3 4346 4443 4444 3 4346 4478 4443 3 4346 4444 4505 3 4346 4505 4537 3 4346 4537 4507 3 4346 4507 4478 3 4347 4372 4374 3 4347 4374 4376 3 4347 4376 4349 3 4348 4725 4456 3 4348 4752 4789 3 4348 4456 4752 3 4348 4789 4538 3 4348 4538 4805 3 4348 4805 4725 3 4349 4376 4475 3 4350 4402 4369 3 4350 4399 4402 3 4350 4367 4399 3 4351 4842 4382 3 4351 4382 4353 3 4352 4845 4416 3 4352 4416 4380 3 4353 4382 4733 3 4353 4733 4354 3 4354 4733 4384 3 4354 4384 4355 3 4354 4355 4373 3 4355 4384 4386 3 4355 4386 4356 3 4356 4386 4387 3 4356 4387 4503 3 4357 4388 4754 3 4357 4359 4388 3 4358 4632 4630 3 4358 4592 4632 3 4358 4670 4592 3 4358 4703 4670 3 4358 4630 4667 3 4358 4704 4703 3 4358 4667 4704 3 4359 4390 4388 3 4360 4503 4389 3 4360 4389 4392 3 4360 4392 4393 3 4361 4836 4779 3 4361 4779 4395 3 4361 4395 4390 3 4362 4394 4396 3 4362 4396 4397 3 4362 4397 4363 3 4363 4397 4364 3 4364 4398 4779 3 4364 4397 4398 3 4365 4742 4708 3 4365 4708 4594 3 4365 4594 4744 3 4365 4775 4742 3 4365 4778 4775 3 4365 4744 4778 3 4366 4829 4454 3 4366 4454 4516 3 4366 4516 4552 3 4366 4552 4553 3 4366 4553 4593 3 4366 4593 4829 3 4367 4400 4399 3 4367 4748 4400 3 4368 4535 4370 3 4368 4401 4748 3 4368 4403 4401 3 4368 4370 4403 3 4369 4402 4406 3 4369 4406 4372 3 4370 4404 4403 3 4370 4371 4404 3 4371 4408 4407 3 4371 4407 4404 3 4372 4406 4405 3 4372 4405 4374 3 4374 4405 4411 3 4374 4411 4376 3 4375 4690 4655 3 4375 4655 4615 3 4375 4615 4619 3 4375 4619 4660 3 4375 4660 4832 3 4375 4832 4727 3 4375 4727 4690 3 4376 4411 4410 3 4376 4410 4412 3 4376 4412 4475 3 4377 4776 4741 3 4377 4741 4379 3 4377 4379 4766 3 4377 4766 4409 3 4377 4409 4776 3 4378 4408 4409 3 4378 4442 4408 3 4378 4409 4445 3 4378 4477 4442 3 4378 4506 4477 3 4378 4508 4506 3 4378 4479 4508 3 4378 4445 4479 3 4379 4380 4413 3 4379 4413 4766 3 4380 4416 4413 3 4381 4739 4568 3 4382 4420 4733 3 4382 4417 4420 3 4382 4842 4417 3 4383 4636 4596 3 4383 4596 4569 3 4383 4569 4809 3 4383 4809 4573 3 4383 4573 4598 3 4383 4637 4636 3 4383 4598 4637 3 4384 4733 4421 3 4384 4421 4423 3 4384 4423 4386 3 4385 4425 4827 3 4385 4427 4425 3 4385 4460 4427 3 4385 4827 4843 3 4385 4843 4492 3 4385 4492 4460 3 4386 4829 4387 3 4386 4423 4829 3 4387 4389 4503 3 4387 4425 4389 3 4387 4827 4425 3 4387 4829 4827 3 4388 4390 4426 3 4388 4426 4424 3 4388 4424 4754 3 4389 4425 4392 3 4390 4429 4426 3 4390 4395 4429 3 4391 4490 4459 3 4391 4459 4461 3 4391 4461 4522 3 4391 4554 4490 3 4392 4425 4427 3 4392 4428 4393 3 4392 4427 4428 3 4393 4428 4394 3 4394 4428 4430 3 4394 4430 4396 3 4395 4433 4429 3 4395 4398 4433 3 4395 4779 4398 3 4396 4431 4397 3 4396 4464 4431 3 4396 4430 4464 3 4397 4432 4398 3 4397 4431 4432 3 4398 4432 4433 3 4399 4435 4402 3 4400 4748 4401 3 4400 4401 4436 3 4401 4403 4437 3 4401 4437 4436 3 4402 4435 4438 3 4402 4438 4406 3 4403 4404 4439 3 4403 4439 4437 3 4404 4407 4440 3 4404 4440 4439 3 4405 4406 4441 3 4405 4441 4444 3 4405 4444 4411 3 4406 4438 4441 3 4407 4408 4442 3 4407 4442 4440 3 4408 4776 4409 3 4409 4766 4445 3 4410 4446 4412 3 4410 4443 4446 3 4410 4411 4443 3 4411 4444 4443 3 4412 4414 4475 3 4412 4448 4414 3 4412 4446 4448 3 4413 4449 4447 3 4413 4447 4766 3 4413 4416 4449 3 4414 4842 4475 3 4414 4450 4842 3 4414 4448 4450 3 4415 4650 4607 3 4415 4607 4577 3 4415 4577 4794 3 4415 4685 4650 3 4415 4794 4643 3 4415 4643 4683 3 4415 4683 4685 3 4416 4451 4449 3 4416 4418 4451 3 4416 4845 4418 3 4417 4842 4450 3 4417 4450 4452 3 4417 4452 4420 3 4418 4845 4487 3 4418 4487 4419 3 4418 4419 4467 3 4418 4467 4451 3 4419 4487 4422 3 4419 4422 4499 3 4419 4499 4467 3 4420 4452 4453 3 4420 4453 4421 3 4420 4421 4733 3 4421 4453 4454 3 4421 4454 4423 3 4422 4754 4455 3 4422 4455 4499 3 4423 4454 4829 3 4424 4457 4754 3 4424 4459 4457 3 4424 4426 4459 3 4426 4461 4459 3 4426 4429 4461 3 4427 4460 4428 3 4428 4460 4462 3 4428 4462 4430 3 4429 4523 4461 3 4429 4466 4523 3 4429 4433 4466 3 4430 4463 4464 3 4430 4462 4463 3 4431 4724 4432 3 4431 4496 4724 3 4431 4464 4496 3 4432 4465 4433 3 4432 4724 4465 3 4433 4465 4466 3 4435 4471 4470 3 4435 4470 4438 3 4436 4437 4469 3 4436 4469 4468 3 4437 4439 4472 3 4437 4472 4469 3 4438 4470 4473 3 4438 4473 4441 3 4439 4440 4474 3 4439 4474 4472 3 4440 4442 4476 3 4440 4476 4474 3 4441 4473 4505 3 4441 4505 4444 3 4442 4477 4476 3 4443 4478 4446 3 4445 4766 4447 3 4445 4447 4479 3 4446 4478 4509 3 4446 4509 4481 3 4446 4481 4448 3 4447 4480 4479 3 4447 4449 4480 3 4448 4481 4483 3 4448 4483 4450 3 4449 4451 4485 3 4449 4485 4482 3 4449 4482 4480 3 4450 4483 4484 3 4450 4484 4452 3 4451 4467 4485 3 4452 4484 4486 3 4452 4486 4453 3 4453 4486 4488 3 4453 4488 4454 3 4454 4488 4516 3 4455 4489 4499 3 4455 4457 4489 3 4455 4754 4457 3 4456 4689 4687 3 4456 4687 4686 3 4456 4686 4720 3 4456 4725 4689 3 4456 4720 4752 3 4457 4490 4489 3 4457 4459 4490 3 4460 4492 4572 3 4460 4572 4462 3 4461 4523 4522 3 4462 4493 4463 3 4462 4572 4493 3 4463 4494 4464 3 4463 4493 4494 3 4464 4494 4496 3 4465 4498 4466 3 4465 4497 4498 3 4465 4724 4497 3 4466 4498 4523 3 4467 4515 4485 3 4468 4469 4504 3 4468 4504 4530 3 4468 4530 4501 3 4469 4472 4631 3 4469 4631 4504 3 4470 4471 4500 3 4470 4500 4502 3 4470 4502 4473 3 4471 4501 4500 3 4472 4474 4534 3 4472 4534 4491 3 4472 4491 4631 3 4473 4502 4672 3 4473 4672 4505 3 4474 4476 4534 3 4476 4477 4712 3 4476 4712 4534 3 4477 4506 4712 3 4478 4507 4509 3 4479 4480 4623 3 4479 4623 4508 3 4480 4482 4844 3 4480 4844 4623 3 4481 4509 4510 3 4481 4510 4544 3 4481 4544 4483 3 4482 4545 4844 3 4482 4512 4545 3 4482 4485 4512 3 4483 4544 4513 3 4483 4513 4484 3 4484 4513 4514 3 4484 4514 4486 3 4485 4515 4512 3 4486 4549 4488 3 4486 4514 4549 3 4488 4549 4516 3 4489 4517 4499 3 4489 4519 4517 3 4489 4490 4519 3 4490 4554 4519 3 4491 4757 4631 3 4491 4534 4569 3 4491 4569 4596 3 4491 4596 4757 3 4492 4557 4572 3 4492 4556 4557 3 4492 4843 4556 3 4493 4524 4494 3 4493 4560 4524 3 4493 4572 4560 3 4494 4525 4496 3 4494 4524 4525 3 4495 4706 4704 3 4495 4704 4705 3 4495 4705 4738 3 4495 4738 4768 3 4496 4526 4724 3 4496 4525 4526 3 4497 4527 4498 3 4497 4526 4527 3 4497 4724 4526 3 4498 4528 4523 3 4498 4527 4528 3 4500 4532 4502 3 4500 4529 4532 3 4500 4501 4529 3 4501 4530 4529 3 4502 4536 4672 3 4502 4532 4536 3 4504 4564 4530 3 4504 4631 4565 3 4504 4565 4564 3 4505 4672 4537 3 4506 4508 4539 3 4506 4539 4712 3 4507 4542 4509 3 4507 4540 4542 3 4507 4570 4540 3 4507 4537 4570 3 4508 4623 4541 3 4508 4541 4539 3 4509 4542 4510 3 4510 4542 4576 3 4510 4576 4544 3 4511 4840 4831 3 4511 4800 4840 3 4511 4804 4800 3 4511 4745 4804 3 4511 4796 4745 3 4511 4701 4796 3 4511 4831 4701 3 4512 4547 4545 3 4512 4515 4547 3 4513 4546 4514 3 4513 4544 4546 3 4514 4548 4549 3 4514 4546 4548 3 4515 4550 4547 3 4516 4549 4551 3 4516 4551 4552 3 4517 4578 4550 3 4517 4559 4578 3 4517 4519 4559 3 4518 4756 4721 3 4518 4721 4688 3 4518 4688 4690 3 4518 4841 4756 3 4518 4727 4841 3 4518 4690 4727 3 4519 4554 4559 3 4520 4729 4719 3 4522 4528 4558 3 4522 4523 4528 3 4524 4560 4587 3 4525 4561 4526 3 4526 4561 4527 3 4527 4562 4528 3 4527 4589 4562 3 4527 4561 4589 3 4528 4562 4558 3 4529 4530 4563 3 4529 4563 4567 3 4529 4567 4532 3 4530 4564 4563 3 4531 4548 4609 3 4531 4549 4548 3 4531 4551 4549 3 4531 4579 4551 3 4531 4612 4579 3 4531 4609 4652 3 4531 4652 4612 3 4532 4567 4566 3 4532 4566 4536 3 4533 4808 4773 3 4533 4773 4774 3 4533 4774 4810 3 4533 4810 4815 3 4533 4814 4808 3 4533 4815 4814 3 4534 4712 4809 3 4534 4809 4569 3 4536 4566 4595 3 4536 4595 4571 3 4536 4571 4672 3 4537 4672 4571 3 4537 4571 4570 3 4538 4798 4805 3 4538 4789 4792 3 4538 4792 4795 3 4538 4795 4798 3 4539 4573 4712 3 4539 4574 4573 3 4539 4541 4574 3 4540 4570 4600 3 4540 4600 4771 3 4540 4771 4542 3 4541 4575 4574 3 4541 4543 4575 3 4541 4623 4543 3 4542 4771 4576 3 4543 4623 4844 3 4543 4759 4575 3 4543 4605 4759 3 4543 4844 4605 3 4544 4576 4794 3 4544 4794 4577 3 4544 4577 4546 3 4545 4606 4844 3 4546 4577 4548 3 4547 4550 4802 3 4548 4577 4607 3 4548 4607 4609 3 4550 4578 4802 3 4551 4579 4552 3 4552 4581 4553 3 4552 4579 4581 3 4553 4555 4593 3 4553 4582 4555 3 4553 4581 4582 3 4554 4588 4559 3 4555 4556 4843 3 4555 4843 4593 3 4555 4584 4556 3 4555 4582 4584 3 4556 4585 4557 3 4556 4584 4585 3 4557 4560 4572 3 4557 4586 4560 3 4557 4585 4586 3 4558 4624 4629 3 4558 4583 4624 3 4558 4562 4583 3 4559 4613 4578 3 4559 4588 4615 3 4559 4615 4613 3 4560 4586 4587 3 4561 4628 4589 3 4561 4627 4628 3 4562 4589 4583 3 4563 4632 4567 3 4563 4590 4632 3 4563 4564 4590 3 4565 4631 4757 3 4566 4634 4595 3 4566 4592 4634 3 4566 4567 4592 3 4567 4632 4592 3 4568 4739 4741 3 4570 4571 4599 3 4570 4599 4600 3 4571 4597 4599 3 4571 4595 4597 3 4573 4809 4712 3 4573 4574 4598 3 4574 4601 4598 3 4574 4575 4601 3 4575 4759 4601 3 4576 4771 4794 3 4578 4610 4802 3 4578 4613 4610 3 4579 4616 4581 3 4579 4614 4616 3 4579 4612 4614 3 4581 4616 4582 3 4582 4617 4584 3 4582 4616 4617 3 4583 4589 4731 3 4583 4731 4663 3 4583 4663 4624 3 4584 4620 4585 3 4584 4617 4620 3 4585 4621 4586 3 4585 4620 4621 3 4586 4625 4587 3 4586 4621 4625 3 4587 4625 4626 3 4588 4629 4619 3 4588 4619 4615 3 4589 4628 4731 3 4590 4630 4632 3 4592 4670 4634 3 4593 4827 4829 3 4593 4843 4827 3 4594 4708 4676 3 4594 4676 4677 3 4594 4713 4744 3 4594 4677 4713 3 4595 4634 4597 3 4596 4633 4757 3 4596 4635 4633 3 4596 4636 4635 3 4597 4638 4599 3 4598 4639 4637 3 4598 4601 4639 3 4599 4785 4600 3 4599 4638 4785 3 4600 4641 4771 3 4600 4785 4641 3 4601 4640 4639 3 4601 4642 4640 3 4601 4759 4642 3 4602 4792 4826 3 4602 4835 4792 3 4602 4710 4835 3 4602 4826 4822 3 4602 4769 4710 3 4602 4822 4769 3 4603 4812 4718 3 4605 4844 4606 3 4605 4644 4759 3 4605 4647 4644 3 4605 4606 4647 3 4606 4649 4647 3 4607 4650 4609 3 4608 4651 4649 3 4608 4802 4610 3 4608 4610 4651 3 4609 4650 4652 3 4610 4613 4653 3 4610 4653 4651 3 4611 4618 4674 3 4611 4674 4703 3 4611 4703 4706 3 4611 4753 4618 3 4612 4654 4614 3 4612 4652 4654 3 4613 4615 4655 3 4613 4655 4653 3 4614 4657 4616 3 4614 4656 4657 3 4614 4654 4656 3 4616 4657 4617 3 4617 4658 4620 3 4617 4657 4658 3 4618 4743 4828 3 4618 4777 4743 3 4618 4753 4777 3 4619 4629 4660 3 4620 4661 4621 3 4620 4658 4661 3 4621 4622 4625 3 4621 4661 4622 3 4622 4698 4625 3 4622 4661 4684 3 4622 4684 4698 3 4624 4663 4659 3 4624 4659 4629 3 4625 4664 4626 3 4625 4698 4664 3 4626 4664 4627 3 4627 4664 4665 3 4627 4665 4628 3 4628 4665 4666 3 4629 4659 4660 3 4630 4668 4667 3 4633 4673 4669 3 4633 4635 4673 3 4634 4670 4674 3 4635 4708 4673 3 4635 4676 4708 3 4635 4636 4676 3 4636 4637 4676 3 4637 4677 4676 3 4637 4639 4677 3 4638 4828 4785 3 4639 4640 4677 3 4640 4678 4677 3 4640 4681 4678 3 4640 4642 4681 3 4641 4643 4771 3 4641 4679 4643 3 4641 4785 4679 3 4642 4759 4644 3 4642 4682 4681 3 4642 4644 4682 3 4643 4794 4771 3 4643 4679 4683 3 4644 4645 4682 3 4644 4647 4645 3 4645 4647 4722 3 4645 4722 4692 3 4645 4692 4648 3 4645 4648 4682 3 4646 4692 4722 3 4646 4722 4721 3 4646 4755 4692 3 4646 4756 4755 3 4646 4721 4756 3 4647 4649 4722 3 4648 4715 4682 3 4648 4747 4715 3 4648 4751 4747 3 4648 4692 4751 3 4649 4651 4722 3 4650 4686 4652 3 4650 4685 4686 3 4651 4653 4688 3 4651 4688 4721 3 4651 4721 4722 3 4652 4687 4654 3 4652 4686 4687 3 4653 4690 4688 3 4653 4655 4690 3 4654 4689 4656 3 4654 4687 4689 3 4656 4693 4657 3 4656 4691 4693 3 4656 4689 4691 3 4657 4693 4658 3 4658 4695 4661 3 4658 4694 4695 3 4658 4693 4694 3 4659 4697 4660 3 4659 4696 4697 3 4659 4663 4696 3 4660 4697 4832 3 4661 4695 4684 3 4662 4663 4731 3 4662 4696 4663 3 4662 4702 4696 3 4664 4700 4665 3 4664 4699 4700 3 4664 4698 4699 3 4665 4700 4666 3 4666 4736 4737 3 4666 4700 4736 3 4667 4705 4704 3 4667 4668 4705 3 4670 4703 4674 3 4675 4732 4762 3 4675 4735 4732 3 4675 4767 4735 3 4675 4806 4767 3 4675 4803 4806 3 4675 4762 4803 3 4677 4678 4713 3 4678 4681 4715 3 4678 4715 4714 3 4678 4714 4713 3 4679 4785 4680 3 4679 4680 4716 3 4679 4716 4683 3 4680 4785 4828 3 4680 4828 4707 3 4680 4707 4716 3 4681 4682 4715 3 4683 4717 4685 3 4683 4716 4717 3 4684 4695 4730 3 4684 4730 4762 3 4684 4732 4698 3 4684 4762 4732 3 4685 4720 4686 3 4685 4717 4749 3 4685 4749 4720 3 4689 4725 4691 3 4691 4725 4726 3 4691 4726 4693 3 4692 4755 4751 3 4693 4726 4694 3 4694 4726 4728 3 4694 4728 4695 3 4695 4728 4730 3 4696 4734 4697 3 4696 4702 4734 3 4697 4734 4832 3 4698 4732 4699 3 4699 4732 4735 3 4699 4735 4700 3 4700 4735 4736 3 4701 4790 4793 3 4701 4793 4796 3 4702 4764 4734 3 4702 4737 4764 3 4703 4704 4706 3 4707 4746 4716 3 4707 4828 4743 3 4707 4780 4746 3 4707 4743 4780 3 4709 4811 4777 3 4709 4777 4753 3 4709 4753 4807 3 4709 4818 4811 3 4709 4813 4818 3 4709 4807 4813 3 4710 4838 4835 3 4710 4837 4838 3 4710 4769 4740 3 4710 4740 4833 3 4710 4833 4837 3 4713 4714 4744 3 4714 4782 4744 3 4714 4747 4782 3 4714 4715 4747 3 4716 4746 4717 3 4717 4746 4749 3 4720 4749 4752 3 4723 4762 4730 3 4723 4730 4728 3 4723 4728 4760 3 4723 4803 4762 3 4723 4760 4798 3 4723 4798 4799 3 4723 4799 4803 3 4725 4805 4726 3 4726 4760 4728 3 4726 4805 4760 3 4734 4764 4765 3 4735 4767 4736 3 4736 4767 4737 3 4737 4767 4764 3 4738 4770 4768 3 4738 4742 4770 3 4740 4823 4820 3 4740 4820 4824 3 4740 4769 4823 3 4740 4824 4830 3 4740 4830 4833 3 4742 4775 4774 3 4742 4774 4770 3 4743 4777 4780 3 4744 4781 4778 3 4744 4782 4781 3 4745 4796 4801 3 4745 4801 4765 3 4745 4763 4804 3 4745 4764 4763 3 4745 4765 4764 3 4746 4750 4749 3 4746 4780 4750 3 4747 4786 4782 3 4747 4751 4786 3 4749 4750 4752 3 4750 4787 4752 3 4750 4817 4787 3 4750 4811 4817 3 4750 4780 4811 3 4751 4755 4788 3 4751 4788 4786 3 4752 4787 4789 3 4753 4772 4807 3 4755 4791 4788 3 4755 4756 4791 3 4756 4797 4791 3 4756 4841 4797 3 4760 4805 4798 3 4763 4764 4767 3 4763 4767 4806 3 4763 4806 4804 3 4768 4770 4773 3 4768 4773 4772 3 4769 4822 4819 3 4769 4819 4823 3 4770 4774 4773 3 4772 4808 4807 3 4772 4773 4808 3 4774 4775 4810 3 4775 4778 4810 3 4777 4811 4780 3 4778 4781 4816 3 4778 4816 4810 3 4781 4821 4816 3 4781 4784 4821 3 4781 4782 4784 3 4782 4786 4784 3 4784 4786 4825 3 4786 4788 4825 3 4787 4817 4826 3 4787 4826 4789 3 4788 4790 4825 3 4788 4791 4790 3 4789 4826 4792 3 4790 4791 4793 3 4791 4797 4793 3 4792 4835 4795 3 4793 4797 4801 3 4793 4801 4796 3 4795 4799 4798 3 4795 4838 4799 3 4795 4835 4838 3 4797 4841 4801 3 4799 4839 4803 3 4799 4838 4839 3 4800 4839 4840 3 4800 4803 4839 3 4800 4806 4803 3 4800 4804 4806 3 4807 4808 4813 3 4808 4814 4813 3 4810 4816 4820 3 4810 4820 4815 3 4811 4818 4817 3 4813 4814 4819 3 4813 4819 4818 3 4814 4823 4819 3 4814 4815 4823 3 4815 4820 4823 3 4816 4821 4820 3 4817 4818 4822 3 4817 4822 4826 3 4818 4819 4822 3 4820 4821 4824 3 4831 4837 4833 3 4831 4840 4837 3 4837 4840 4838 3 4838 4840 4839 
4817 1204 3 4846 5448 4848 3 4846 4879 5448 3 4846 4875 4874 3 4846 4874 4879 3 4846 4880 4875 3 4846 4848 4880 3 4847 5448 4878 3 4847 5418 5448 3 4847 4853 5418 3 4847 4849 4853 3 4847 5084 4849 3 4847 4878 5084 3 4848 4851 4882 3 4848 4850 4851 3 4848 5418 4850 3 4848 5448 5418 3 4848 4882 4880 3 4849 5084 4852 3 4849 4852 4856 3 4849 4856 4857 3 4849 4857 4853 3 4850 4854 5191 3 4850 5418 4854 3 4850 5191 4851 3 4851 4885 4883 3 4851 4883 4882 3 4851 5191 4885 3 4852 4884 5206 3 4852 5084 4884 3 4852 4887 4856 3 4852 5206 4887 3 4853 4854 5418 3 4853 4857 4858 3 4853 4858 4854 3 4854 4858 4859 3 4854 4859 5191 3 4855 4948 4919 3 4855 4919 4922 3 4855 4922 4924 3 4855 4924 4952 3 4855 4982 4948 3 4855 4952 4982 3 4856 5157 4857 3 4856 4887 5157 3 4857 4860 4858 3 4857 4864 4860 3 4857 5157 4864 3 4858 4860 4859 3 4859 4861 5191 3 4859 4867 4861 3 4859 4866 4867 3 4859 4860 4866 3 4860 4864 4865 3 4860 4865 4866 3 4861 5279 5191 3 4861 4867 4868 3 4861 4868 5279 3 4862 5314 5374 3 4862 5374 5287 3 4862 5287 5042 3 4862 5042 5325 3 4862 5325 5314 3 4863 5415 5092 3 4863 5333 5415 3 4863 5064 5333 3 4863 5092 5123 3 4863 5123 5097 3 4863 5097 5064 3 4864 5157 4895 3 4864 4895 4896 3 4864 4896 4865 3 4865 4869 4866 3 4865 4899 4869 3 4865 4896 4899 3 4866 4869 4867 3 4867 4869 4870 3 4867 4870 4868 3 4868 4892 5279 3 4868 4871 4892 3 4868 4870 4871 3 4869 4899 4872 3 4869 4872 4870 3 4870 4900 4871 3 4870 4872 4900 3 4871 4900 4903 3 4871 4903 5209 3 4871 5209 4892 3 4872 4899 4902 3 4872 5025 4900 3 4872 4902 5025 3 4873 5428 4878 3 4873 4904 5428 3 4873 5408 4904 3 4873 4879 5408 3 4873 4878 4879 3 4874 5408 4879 3 4874 4905 5408 3 4874 4906 4905 3 4874 4875 4906 3 4875 4880 4876 3 4875 4876 4906 3 4876 4880 4881 3 4876 4907 4906 3 4876 5110 4907 3 4876 4881 5110 3 4877 5428 4911 3 4877 5084 5428 3 4877 4884 5084 3 4877 4913 4884 3 4877 4911 4913 3 4878 5448 4879 3 4878 5428 5084 3 4880 4882 4881 3 4881 4912 5110 3 4881 4883 4912 3 4881 4882 4883 3 4883 4885 4886 3 4883 4914 4912 3 4883 4915 4914 3 4883 4886 4915 3 4884 4913 4943 3 4884 4943 5206 3 4885 5182 4886 3 4885 5191 5279 3 4885 5279 5182 3 4886 4889 4915 3 4886 5182 4889 3 4887 5206 5420 3 4887 5420 4891 3 4887 4891 5157 3 4888 5011 5071 3 4888 5406 5011 3 4888 5073 5406 3 4888 5134 5073 3 4888 5071 5130 3 4888 5130 5134 3 4889 4920 4917 3 4889 4917 4915 3 4889 4890 4919 3 4889 5182 4890 3 4889 4919 4920 3 4890 5182 4892 3 4890 4892 4893 3 4890 4893 4919 3 4891 5420 4996 3 4891 4895 5157 3 4891 4894 4895 3 4891 4921 4894 3 4891 4996 4921 3 4892 5182 5279 3 4892 5209 4893 3 4893 4922 4919 3 4893 5209 4922 3 4894 4921 4923 3 4894 4923 4925 3 4894 4925 4897 3 4894 4897 4895 3 4895 4897 4896 3 4896 4898 4899 3 4896 4897 4898 3 4897 4926 4898 3 4897 4925 4926 3 4898 4926 4927 3 4898 4927 4902 3 4898 4902 4899 3 4900 5025 4903 3 4901 5059 5445 3 4901 5040 5059 3 4901 5445 4999 3 4901 4999 5043 3 4901 5043 5040 3 4902 4930 5025 3 4902 4929 4930 3 4902 4927 4929 3 4903 4956 5209 3 4903 4928 4956 3 4903 4931 4928 3 4903 5025 4931 3 4904 5408 5407 3 4904 5407 4936 3 4904 4936 4908 3 4904 4908 5428 3 4905 4933 5408 3 4905 5419 4933 3 4905 4934 5419 3 4905 4906 4934 3 4906 4907 4934 3 4907 5110 4938 3 4907 4938 5375 3 4907 5375 4934 3 4908 4911 5428 3 4908 4937 4911 3 4908 4935 4937 3 4908 4936 4935 3 4909 5137 5106 3 4909 5106 5135 3 4909 5135 5164 3 4909 5164 5197 3 4909 5201 5137 3 4909 5197 5201 3 4910 5409 5325 3 4910 5412 5409 3 4910 5417 5412 3 4910 5325 5423 3 4910 5423 5422 3 4910 5422 5417 3 4911 4937 4913 3 4912 4914 4940 3 4912 4940 5228 3 4912 5228 5110 3 4913 4937 4939 3 4913 4939 4943 3 4914 4915 4941 3 4914 4941 4940 3 4915 4942 4941 3 4915 4917 4942 3 4916 5420 5206 3 4916 5206 4943 3 4916 4943 4977 3 4916 4977 4944 3 4916 4944 4996 3 4916 4996 5420 3 4917 4920 4945 3 4917 5445 4942 3 4917 4945 5445 3 4918 5143 5027 3 4918 5171 5143 3 4918 5207 5171 3 4918 5027 5205 3 4918 5205 5265 3 4918 5265 5079 3 4918 5079 5207 3 4919 4948 4920 3 4920 4948 4945 3 4921 4996 4947 3 4921 4947 4951 3 4921 4951 4923 3 4922 5209 4956 3 4922 4956 4924 3 4923 4954 4925 3 4923 4953 4954 3 4923 4951 4953 3 4924 4957 4952 3 4924 4956 4957 3 4925 4958 4926 3 4925 4954 4958 3 4926 4958 4959 3 4926 4959 4927 3 4927 4959 4929 3 4928 4931 4960 3 4928 4960 4955 3 4928 4955 4956 3 4929 4959 5162 3 4929 4962 4930 3 4929 4964 4962 3 4929 5162 4964 3 4930 4962 4963 3 4930 4963 4931 3 4930 4931 5025 3 4931 4963 4960 3 4932 4993 5273 3 4932 5273 5407 3 4932 5407 4933 3 4932 4933 4966 3 4932 4966 4993 3 4933 5407 5408 3 4933 5419 4966 3 4934 5165 5419 3 4934 5375 5165 3 4935 4936 4967 3 4935 4967 4969 3 4935 4969 4937 3 4936 5273 4967 3 4936 5407 5273 3 4937 4969 4970 3 4937 4970 4939 3 4938 5110 5228 3 4938 5228 5001 3 4938 5001 5375 3 4939 4973 4943 3 4939 4970 4973 3 4940 4971 5228 3 4940 4972 4971 3 4940 4941 4972 3 4941 5059 4972 3 4941 4942 5059 3 4942 5445 5059 3 4943 4973 4974 3 4943 4974 4977 3 4944 4947 4996 3 4944 4946 4947 3 4944 4978 4946 3 4944 4977 4978 3 4945 4948 4980 3 4945 5430 5445 3 4945 4980 5430 3 4946 4978 4979 3 4946 4979 4981 3 4946 4981 4947 3 4947 4981 4951 3 4948 4982 4980 3 4949 4964 5024 3 4949 4991 4964 3 4949 5026 4991 3 4949 5056 5026 3 4949 5055 5056 3 4949 5024 5055 3 4950 5088 5058 3 4950 5058 5090 3 4950 5090 5151 3 4950 5151 5150 3 4950 5150 5119 3 4950 5119 5088 3 4951 4983 4953 3 4951 4981 4983 3 4952 5015 4982 3 4952 4984 5015 3 4952 4957 4984 3 4953 4983 4985 3 4953 4985 4986 3 4953 4986 4954 3 4954 4986 4958 3 4955 4957 4956 3 4955 4988 4957 3 4955 4987 4988 3 4955 4960 4987 3 4957 4988 4984 3 4958 4986 5127 3 4958 5127 4959 3 4959 5127 5162 3 4960 5373 4987 3 4960 4991 5373 3 4960 4963 4991 3 4961 5043 4999 3 4961 5072 5043 3 4961 4999 5046 3 4961 5046 5105 3 4961 5105 5072 3 4962 4991 4963 3 4962 4964 4991 3 4964 5162 5024 3 4965 5180 5152 3 4965 5152 5122 3 4965 5122 5413 3 4965 5413 5186 3 4965 5221 5180 3 4965 5224 5221 3 4965 5186 5224 3 4966 4994 4993 3 4966 4995 4994 3 4966 5419 4995 3 4967 5085 4969 3 4967 4998 5085 3 4967 5273 4998 3 4968 5081 5142 3 4968 5047 5081 3 4968 5082 5047 3 4968 5142 5143 3 4968 5143 5112 3 4968 5112 5082 3 4969 5003 4970 3 4969 5085 5003 3 4970 5007 4973 3 4970 5005 5007 3 4970 5003 5005 3 4971 4972 5006 3 4971 5006 5004 3 4971 5004 5228 3 4972 5059 5008 3 4972 5008 5006 3 4973 5007 5009 3 4973 5009 4974 3 4974 5009 5010 3 4974 5010 4977 3 4975 5338 5300 3 4975 5300 5336 3 4975 5336 5411 3 4975 5369 5338 3 4975 5402 5369 3 4975 5411 5402 3 4976 5034 5065 3 4976 5063 5034 3 4976 5094 5063 3 4976 5065 5098 3 4976 5098 5235 3 4976 5235 5413 3 4976 5413 5094 3 4977 5012 4978 3 4977 5010 5012 3 4978 5012 5013 3 4978 5013 4979 3 4979 5302 4981 3 4979 5370 5302 3 4979 5013 5370 3 4980 4982 5014 3 4980 5014 5430 3 4981 5302 4983 3 4982 5015 5014 3 4983 5302 5017 3 4983 5017 4985 3 4984 4988 5018 3 4984 5018 5049 3 4984 5049 5015 3 4985 5047 4986 3 4985 5017 5047 3 4986 5020 5127 3 4986 5047 5020 3 4987 5021 4988 3 4987 5053 5021 3 4987 5373 5053 3 4988 5021 5018 3 4989 5052 5026 3 4989 5026 5056 3 4989 5056 5087 3 4989 5087 5117 3 4989 5117 5118 3 4989 5118 5083 3 4989 5083 5052 3 4990 5141 5169 3 4990 5154 5141 3 4990 5139 5078 3 4990 5078 5077 3 4990 5050 5154 3 4990 5077 5050 3 4990 5169 5139 3 4991 5026 5373 3 4992 4998 5273 3 4992 5273 4993 3 4992 5028 5062 3 4992 4993 5028 3 4992 5062 5415 3 4992 5415 4998 3 4993 4994 5028 3 4994 4995 5316 3 4994 5316 5028 3 4995 5419 5165 3 4995 5165 5029 3 4995 5029 5316 3 4997 5031 5030 3 4997 5030 5029 3 4997 5029 5165 3 4997 5165 5375 3 4997 5375 5031 3 4998 5333 5085 3 4998 5415 5333 3 4999 5445 5430 3 4999 5430 5046 3 5000 5054 5112 3 5000 5114 5054 3 5000 5145 5114 3 5000 5112 5171 3 5000 5171 5210 3 5000 5210 5145 3 5001 5228 5004 3 5001 5031 5375 3 5001 5034 5031 3 5001 5004 5034 3 5002 5003 5033 3 5002 5005 5003 3 5002 5035 5005 3 5002 5066 5035 3 5002 5033 5066 3 5003 5085 5033 3 5004 5036 5034 3 5004 5006 5036 3 5005 5035 5038 3 5005 5038 5007 3 5006 5037 5036 3 5006 5008 5037 3 5007 5038 5009 3 5008 5040 5037 3 5008 5059 5040 3 5009 5041 5010 3 5009 5039 5041 3 5009 5038 5039 3 5010 5011 5012 3 5010 5041 5011 3 5011 5041 5071 3 5011 5406 5012 3 5012 5406 5013 3 5013 5406 5370 3 5014 5015 5048 3 5014 5046 5430 3 5014 5075 5046 3 5014 5048 5075 3 5015 5049 5048 3 5016 5224 5225 3 5016 5245 5224 3 5016 5278 5245 3 5016 5280 5278 3 5016 5281 5280 3 5016 5247 5281 3 5016 5225 5247 3 5017 5081 5047 3 5017 5080 5081 3 5017 5032 5080 3 5017 5302 5032 3 5018 5050 5049 3 5018 5023 5050 3 5018 5021 5023 3 5019 5170 5381 3 5019 5381 5384 3 5019 5384 5449 3 5019 5449 5439 3 5019 5439 5170 3 5020 5022 5127 3 5020 5047 5051 3 5020 5051 5022 3 5021 5053 5023 3 5022 5162 5127 3 5022 5024 5162 3 5022 5044 5024 3 5022 5054 5044 3 5022 5051 5054 3 5023 5053 5083 3 5023 5154 5050 3 5023 5113 5154 3 5023 5083 5113 3 5024 5044 5055 3 5026 5052 5373 3 5027 5140 5168 3 5027 5142 5140 3 5027 5143 5142 3 5027 5168 5205 3 5028 5316 5058 3 5028 5058 5062 3 5029 5060 5316 3 5029 5030 5060 3 5030 5031 5045 3 5030 5121 5060 3 5030 5045 5121 3 5031 5034 5063 3 5031 5063 5045 3 5032 5302 5076 3 5032 5076 5107 3 5032 5107 5108 3 5032 5108 5080 3 5033 5064 5066 3 5033 5333 5064 3 5033 5085 5333 3 5034 5036 5065 3 5035 5066 5100 3 5035 5100 5068 3 5035 5068 5038 3 5036 5037 5067 3 5036 5067 5065 3 5037 5040 5069 3 5037 5069 5067 3 5038 5068 5039 3 5039 5068 5102 3 5039 5102 5071 3 5039 5071 5041 3 5040 5043 5070 3 5040 5070 5069 3 5042 5170 5325 3 5042 5144 5381 3 5042 5287 5144 3 5042 5381 5170 3 5043 5103 5070 3 5043 5072 5103 3 5044 5054 5114 3 5044 5086 5055 3 5044 5114 5086 3 5045 5122 5121 3 5045 5063 5094 3 5045 5094 5122 3 5046 5075 5105 3 5047 5082 5051 3 5048 5077 5078 3 5048 5049 5077 3 5048 5078 5075 3 5049 5050 5077 3 5051 5082 5054 3 5052 5053 5373 3 5052 5083 5053 3 5054 5082 5112 3 5055 5086 5056 3 5056 5086 5087 3 5057 5128 5102 3 5057 5102 5068 3 5057 5068 5100 3 5057 5100 5126 3 5057 5126 5156 3 5057 5156 5158 3 5057 5158 5128 3 5058 5316 5090 3 5058 5088 5062 3 5060 5121 5091 3 5060 5091 5090 3 5060 5090 5316 3 5061 5223 5371 3 5061 5410 5223 3 5061 5371 5310 3 5061 5310 5345 3 5061 5345 5266 3 5061 5266 5410 3 5062 5092 5415 3 5062 5124 5092 3 5062 5088 5124 3 5064 5097 5066 3 5065 5067 5098 3 5066 5097 5126 3 5066 5126 5100 3 5067 5099 5098 3 5067 5101 5099 3 5067 5069 5101 3 5069 5070 5101 3 5070 5129 5101 3 5070 5103 5129 3 5071 5102 5130 3 5072 5131 5103 3 5072 5416 5131 3 5072 5105 5416 3 5073 5370 5406 3 5073 5134 5135 3 5073 5135 5106 3 5073 5106 5370 3 5074 5275 5256 3 5074 5256 5257 3 5074 5257 5290 3 5074 5290 5328 3 5074 5324 5275 3 5074 5357 5324 3 5074 5328 5357 3 5075 5136 5105 3 5075 5139 5136 3 5075 5078 5139 3 5076 5302 5370 3 5076 5106 5107 3 5076 5370 5106 3 5079 5240 5207 3 5079 5269 5240 3 5079 5268 5269 3 5079 5298 5268 3 5079 5265 5298 3 5080 5108 5142 3 5080 5142 5081 3 5083 5118 5113 3 5086 5116 5087 3 5086 5115 5116 3 5086 5114 5115 3 5087 5116 5117 3 5088 5119 5124 3 5089 5199 5291 3 5089 5202 5199 3 5089 5204 5202 3 5089 5263 5204 3 5089 5295 5263 3 5089 5293 5295 3 5089 5291 5293 3 5090 5091 5151 3 5091 5120 5151 3 5091 5121 5120 3 5092 5124 5123 3 5093 5241 5365 3 5093 5242 5241 3 5093 5274 5242 3 5093 5303 5274 3 5093 5365 5301 3 5093 5301 5339 3 5093 5339 5303 3 5094 5413 5122 3 5095 5219 5215 3 5095 5215 5244 3 5095 5244 5276 3 5095 5288 5219 3 5095 5306 5288 3 5095 5307 5306 3 5095 5276 5307 3 5096 5289 5401 3 5096 5401 5232 3 5096 5232 5255 3 5096 5255 5285 3 5096 5285 5323 3 5096 5323 5289 3 5097 5123 5153 3 5097 5155 5126 3 5097 5153 5155 3 5098 5099 5125 3 5098 5125 5235 3 5099 5101 5260 3 5099 5260 5125 3 5101 5129 5260 3 5102 5128 5130 3 5103 5131 5129 3 5104 5141 5238 3 5104 5238 5172 3 5104 5172 5208 3 5104 5368 5187 3 5104 5187 5141 3 5104 5208 5368 3 5105 5136 5416 3 5106 5137 5107 3 5107 5137 5138 3 5107 5138 5108 3 5108 5140 5142 3 5108 5138 5140 3 5109 5129 5159 3 5109 5260 5129 3 5109 5111 5260 3 5109 5229 5111 3 5109 5230 5229 3 5109 5159 5230 3 5111 5188 5125 3 5111 5125 5260 3 5111 5226 5188 3 5111 5250 5226 3 5111 5229 5250 3 5112 5143 5171 3 5113 5238 5154 3 5113 5118 5147 3 5113 5147 5238 3 5114 5145 5115 3 5115 5145 5189 3 5115 5189 5173 3 5115 5173 5116 3 5116 5173 5174 3 5116 5174 5117 3 5117 5174 5146 3 5117 5146 5118 3 5118 5146 5147 3 5119 5148 5124 3 5119 5149 5148 3 5119 5150 5149 3 5120 5178 5151 3 5120 5121 5152 3 5120 5152 5179 3 5120 5179 5178 3 5121 5122 5152 3 5123 5124 5198 3 5123 5198 5153 3 5124 5148 5198 3 5125 5188 5235 3 5126 5246 5156 3 5126 5155 5246 3 5128 5158 5160 3 5128 5160 5130 3 5129 5131 5159 3 5130 5160 5161 3 5130 5161 5134 3 5131 5194 5159 3 5131 5416 5194 3 5132 5217 5220 3 5132 5244 5217 3 5132 5276 5244 3 5132 5308 5276 3 5132 5309 5308 3 5132 5277 5309 3 5132 5220 5277 3 5133 5194 5416 3 5133 5234 5194 3 5133 5237 5234 3 5133 5416 5166 3 5133 5166 5200 3 5133 5200 5237 3 5134 5161 5163 3 5134 5164 5135 3 5134 5163 5164 3 5136 5139 5166 3 5136 5166 5416 3 5137 5201 5167 3 5137 5167 5138 3 5138 5167 5140 3 5139 5239 5166 3 5139 5169 5239 3 5140 5167 5168 3 5141 5187 5169 3 5141 5154 5238 3 5144 5313 5424 3 5144 5312 5313 3 5144 5287 5312 3 5144 5424 5381 3 5145 5210 5189 3 5146 5176 5147 3 5146 5175 5176 3 5146 5174 5175 3 5147 5172 5238 3 5147 5176 5172 3 5148 5149 5214 3 5148 5214 5218 3 5148 5218 5181 3 5148 5181 5198 3 5149 5150 5177 3 5149 5177 5215 3 5149 5215 5214 3 5150 5151 5177 3 5151 5178 5177 3 5152 5180 5179 3 5153 5184 5155 3 5153 5185 5184 3 5153 5198 5185 3 5155 5184 5246 3 5156 5246 5183 3 5156 5183 5190 3 5156 5190 5158 3 5158 5192 5160 3 5158 5190 5192 3 5159 5233 5230 3 5159 5194 5233 3 5160 5193 5161 3 5160 5192 5193 3 5161 5195 5163 3 5161 5193 5195 3 5163 5196 5164 3 5163 5195 5196 3 5164 5196 5197 3 5166 5239 5200 3 5167 5202 5168 3 5167 5201 5202 3 5168 5204 5205 3 5168 5202 5204 3 5169 5203 5239 3 5169 5187 5203 3 5170 5439 5387 3 5170 5272 5325 3 5170 5387 5272 3 5171 5207 5210 3 5172 5176 5208 3 5173 5211 5174 3 5173 5189 5211 3 5174 5212 5175 3 5174 5211 5212 3 5175 5212 5274 3 5175 5274 5213 3 5175 5213 5176 3 5176 5213 5208 3 5177 5216 5215 3 5177 5178 5216 3 5178 5179 5216 3 5179 5217 5216 3 5179 5180 5217 3 5180 5221 5220 3 5180 5220 5217 3 5181 5185 5198 3 5181 5223 5185 3 5181 5371 5223 3 5181 5218 5371 3 5183 5251 5190 3 5183 5246 5227 3 5183 5227 5249 3 5183 5249 5251 3 5184 5185 5222 3 5184 5222 5227 3 5184 5227 5246 3 5185 5223 5222 3 5186 5188 5225 3 5186 5235 5188 3 5186 5413 5235 3 5186 5225 5224 3 5187 5368 5352 3 5187 5352 5203 3 5188 5226 5225 3 5189 5210 5241 3 5189 5241 5211 3 5190 5231 5192 3 5190 5254 5231 3 5190 5251 5254 3 5192 5231 5193 3 5193 5231 5232 3 5193 5232 5195 3 5194 5234 5233 3 5195 5232 5401 3 5195 5401 5196 3 5196 5401 5236 3 5196 5236 5197 3 5197 5199 5201 3 5197 5236 5199 3 5199 5202 5201 3 5199 5236 5291 3 5200 5239 5261 3 5200 5261 5259 3 5200 5259 5237 3 5203 5262 5261 3 5203 5261 5239 3 5203 5352 5262 3 5204 5263 5205 3 5205 5263 5265 3 5207 5240 5210 3 5208 5271 5368 3 5208 5270 5271 3 5208 5213 5270 3 5210 5240 5241 3 5211 5241 5242 3 5211 5242 5212 3 5212 5242 5274 3 5213 5274 5270 3 5214 5219 5218 3 5214 5215 5219 3 5215 5216 5244 3 5216 5217 5244 3 5218 5288 5371 3 5218 5219 5288 3 5220 5245 5277 3 5220 5221 5245 3 5221 5224 5245 3 5222 5223 5410 3 5222 5410 5227 3 5225 5226 5247 3 5226 5250 5247 3 5227 5410 5249 3 5229 5230 5253 3 5229 5253 5252 3 5229 5252 5250 3 5230 5233 5253 3 5231 5254 5255 3 5231 5255 5232 3 5233 5234 5256 3 5233 5256 5275 3 5233 5275 5253 3 5234 5257 5256 3 5234 5237 5257 3 5236 5258 5291 3 5236 5401 5258 3 5237 5259 5257 3 5240 5269 5365 3 5240 5365 5241 3 5243 5339 5369 3 5243 5340 5339 3 5243 5369 5403 3 5243 5403 5404 3 5243 5404 5378 3 5243 5378 5340 3 5245 5278 5277 3 5247 5250 5282 3 5247 5282 5281 3 5248 5320 5282 3 5248 5282 5252 3 5248 5252 5253 3 5248 5253 5286 3 5248 5286 5264 3 5248 5264 5320 3 5249 5410 5266 3 5249 5266 5283 3 5249 5283 5251 3 5250 5252 5282 3 5251 5283 5284 3 5251 5284 5254 3 5253 5275 5286 3 5254 5284 5285 3 5254 5285 5255 3 5257 5259 5290 3 5258 5401 5289 3 5258 5289 5327 3 5258 5327 5291 3 5259 5292 5290 3 5259 5261 5292 3 5261 5294 5292 3 5261 5262 5294 3 5262 5352 5297 3 5262 5297 5294 3 5263 5296 5265 3 5263 5295 5296 3 5264 5286 5324 3 5264 5405 5320 3 5264 5354 5405 3 5264 5324 5354 3 5265 5296 5298 3 5266 5319 5283 3 5266 5345 5317 3 5266 5317 5319 3 5267 5297 5352 3 5267 5352 5368 3 5267 5368 5271 3 5267 5271 5299 3 5267 5299 5297 3 5268 5298 5336 3 5268 5336 5300 3 5268 5300 5269 3 5269 5300 5301 3 5269 5301 5365 3 5270 5274 5304 3 5270 5304 5305 3 5270 5305 5271 3 5271 5305 5299 3 5272 5423 5325 3 5272 5387 5423 3 5274 5303 5304 3 5275 5324 5286 3 5276 5308 5307 3 5277 5278 5309 3 5278 5313 5309 3 5278 5280 5313 3 5280 5281 5315 3 5280 5315 5313 3 5281 5282 5318 3 5281 5318 5315 3 5282 5320 5318 3 5283 5319 5284 3 5284 5321 5285 3 5284 5319 5321 3 5285 5321 5323 3 5287 5308 5312 3 5287 5344 5308 3 5287 5374 5344 3 5288 5306 5311 3 5288 5311 5310 3 5288 5310 5371 3 5289 5323 5353 3 5289 5326 5327 3 5289 5353 5326 3 5290 5292 5328 3 5291 5329 5293 3 5291 5327 5329 3 5292 5330 5328 3 5292 5294 5330 3 5293 5329 5331 3 5293 5331 5295 3 5294 5297 5322 3 5294 5322 5330 3 5295 5331 5332 3 5295 5332 5296 3 5296 5332 5334 3 5296 5334 5298 3 5297 5299 5335 3 5297 5335 5322 3 5298 5334 5336 3 5299 5337 5335 3 5299 5305 5337 3 5300 5338 5301 3 5301 5338 5339 3 5303 5340 5304 3 5303 5339 5340 3 5304 5340 5378 3 5304 5378 5305 3 5305 5378 5337 3 5306 5341 5311 3 5306 5307 5341 3 5307 5308 5344 3 5307 5344 5341 3 5308 5309 5312 3 5309 5313 5312 3 5310 5342 5345 3 5310 5311 5342 3 5311 5372 5342 3 5311 5343 5372 3 5311 5341 5343 3 5313 5315 5424 3 5314 5343 5374 3 5314 5372 5343 3 5314 5377 5372 3 5314 5409 5377 3 5314 5325 5409 3 5315 5318 5424 3 5317 5345 5347 3 5317 5347 5348 3 5317 5348 5319 3 5318 5349 5424 3 5318 5320 5349 3 5319 5348 5350 3 5319 5350 5321 3 5320 5405 5349 3 5321 5350 5351 3 5321 5351 5323 3 5322 5362 5330 3 5322 5335 5364 3 5322 5364 5362 3 5323 5351 5353 3 5324 5357 5354 3 5326 5358 5327 3 5326 5353 5356 3 5326 5356 5358 3 5327 5358 5329 3 5328 5359 5357 3 5328 5330 5359 3 5329 5358 5360 3 5329 5360 5331 3 5330 5362 5359 3 5331 5363 5332 3 5331 5360 5363 3 5332 5346 5334 3 5332 5363 5346 3 5334 5346 5336 3 5335 5367 5364 3 5335 5337 5367 3 5336 5346 5411 3 5337 5378 5366 3 5337 5366 5367 3 5338 5369 5339 3 5341 5344 5343 3 5342 5376 5347 3 5342 5347 5345 3 5342 5372 5376 3 5343 5344 5374 3 5346 5363 5398 3 5346 5398 5411 3 5347 5379 5348 3 5347 5376 5379 3 5348 5382 5350 3 5348 5379 5382 3 5349 5405 5384 3 5349 5384 5381 3 5349 5381 5424 3 5350 5382 5351 3 5351 5386 5353 3 5351 5382 5386 3 5353 5388 5356 3 5353 5386 5388 3 5354 5357 5389 3 5354 5389 5449 3 5354 5449 5405 3 5355 5367 5366 3 5355 5366 5404 3 5355 5404 5446 3 5355 5446 5447 3 5355 5447 5399 3 5355 5399 5367 3 5356 5393 5358 3 5356 5390 5393 3 5356 5388 5390 3 5357 5392 5389 3 5357 5359 5392 3 5358 5393 5360 3 5359 5362 5394 3 5359 5394 5392 3 5360 5393 5395 3 5360 5395 5363 3 5361 5362 5364 3 5361 5394 5362 3 5361 5397 5394 3 5361 5399 5397 3 5361 5364 5399 3 5363 5395 5398 3 5364 5367 5399 3 5366 5378 5404 3 5369 5402 5403 3 5372 5377 5376 3 5376 5377 5380 3 5376 5380 5379 3 5377 5409 5380 3 5379 5380 5383 3 5379 5383 5382 3 5380 5412 5383 3 5380 5409 5412 3 5382 5383 5385 3 5382 5385 5386 3 5383 5412 5385 3 5384 5405 5449 3 5385 5388 5386 3 5385 5421 5388 3 5385 5412 5421 3 5387 5429 5423 3 5387 5435 5429 3 5387 5431 5435 3 5387 5439 5431 3 5388 5421 5390 3 5389 5427 5449 3 5389 5391 5427 3 5389 5392 5391 3 5390 5421 5425 3 5390 5425 5393 3 5391 5392 5394 3 5391 5394 5397 3 5391 5397 5436 3 5391 5436 5427 3 5393 5425 5395 3 5395 5432 5396 3 5395 5396 5398 3 5395 5425 5432 3 5396 5414 5398 3 5396 5437 5414 3 5396 5432 5437 3 5397 5399 5447 3 5397 5447 5442 3 5397 5442 5436 3 5398 5414 5411 3 5400 5402 5411 3 5400 5411 5414 3 5400 5444 5443 3 5400 5443 5402 3 5400 5414 5444 3 5402 5443 5403 3 5403 5443 5446 3 5403 5446 5404 3 5412 5417 5421 3 5414 5437 5438 3 5414 5438 5444 3 5417 5422 5426 3 5417 5426 5421 3 5421 5426 5425 3 5422 5433 5426 3 5422 5429 5433 3 5422 5423 5429 3 5425 5426 5432 3 5426 5433 5432 3 5427 5439 5449 3 5427 5431 5439 3 5427 5436 5431 3 5429 5434 5433 3 5429 5435 5434 3 5431 5436 5442 3 5431 5442 5435 3 5432 5433 5437 3 5433 5434 5438 3 5433 5438 5437 3 5434 5444 5438 3 5434 5441 5440 3 5434 5435 5441 3 5434 5440 5444 3 5435 5442 5441 3 5440 5441 5446 3 5440 5446 5443 3 5440 5443 5444 3 5441 5442 5447 3 5441 5447 5446 
4833 1208 3 5450 5801 5453 3 5450 5453 5454 3 5450 5454 5480 3 5450 5505 5731 3 5450 5731 5801 3 5450 5478 5505 3 5450 5480 5478 3 5451 5921 5971 3 5451 5971 5455 3 5451 5455 5668 3 5451 5668 5479 3 5451 5479 5921 3 5452 5801 5476 3 5452 5476 5668 3 5452 5668 5455 3 5452 5455 5467 3 5452 5467 5453 3 5452 5453 5801 3 5453 5467 5454 3 5454 5467 5456 3 5454 5456 5480 3 5455 5971 5477 3 5455 5477 5467 3 5456 5591 5480 3 5456 6044 5591 3 5456 5461 6044 3 5456 5467 5461 3 5457 5735 5734 3 5457 5734 5797 3 5457 5771 5735 3 5457 5797 5836 3 5457 5837 5771 3 5457 5836 5837 3 5458 5821 5916 3 5458 5916 5705 3 5458 5963 5821 3 5458 5705 5978 3 5458 5978 5982 3 5458 5982 5963 3 5459 5485 5463 3 5459 5463 5971 3 5459 5971 5921 3 5459 5921 5483 3 5459 5483 5485 3 5460 5465 5968 3 5460 5484 5465 3 5460 5511 5484 3 5460 5514 5511 3 5460 5490 5514 3 5460 5968 5490 3 5461 5467 5929 3 5461 5929 5469 3 5461 5469 5465 3 5461 5465 6044 3 5462 6011 6051 3 5462 5975 6011 3 5462 5944 5975 3 5462 6042 5944 3 5462 5937 6042 3 5462 6051 5937 3 5463 5485 5487 3 5463 5466 5464 3 5463 5464 5971 3 5463 5487 5466 3 5464 5466 5939 3 5464 5730 5971 3 5464 5939 5730 3 5465 5484 6044 3 5465 5469 5968 3 5466 5487 5492 3 5466 5492 5470 3 5466 5470 5939 3 5467 5730 5929 3 5467 5477 5730 3 5468 6000 5911 3 5468 5520 6000 3 5468 6040 5520 3 5468 6043 6040 3 5468 6041 6043 3 5468 5911 6041 3 5469 5929 5472 3 5469 5472 5473 3 5469 5473 5968 3 5470 5492 5493 3 5470 5493 6022 3 5470 6022 5939 3 5471 5807 5844 3 5471 5848 5807 3 5471 5844 5884 3 5471 6038 5848 3 5471 5828 6038 3 5471 5884 5828 3 5472 5939 6022 3 5472 5929 5939 3 5472 6022 5474 3 5472 5474 5473 3 5473 5474 5494 3 5473 5494 5495 3 5473 5495 5968 3 5474 6022 5813 3 5474 5813 5498 3 5474 5498 5494 3 5475 5668 5476 3 5475 5479 5668 3 5475 5501 5479 3 5475 5502 5501 3 5475 5476 5502 3 5476 5503 5502 3 5476 5801 5503 3 5477 5971 5730 3 5478 5529 5505 3 5478 5480 5591 3 5478 5591 5778 3 5478 5778 5531 3 5478 5531 5529 3 5479 5814 5921 3 5479 5504 5814 3 5479 5501 5504 3 5481 5928 5519 3 5481 5519 5544 3 5481 5544 5603 3 5481 5603 5548 3 5481 5548 5522 3 5481 5522 5928 3 5482 5591 5484 3 5482 5949 5591 3 5482 5484 5511 3 5482 5511 5881 3 5482 5881 5949 3 5483 5507 5509 3 5483 5814 5507 3 5483 5921 5814 3 5483 5509 5510 3 5483 5510 5485 3 5484 5591 6044 3 5485 5513 5486 3 5485 5486 5487 3 5485 5510 5513 3 5486 5513 5583 3 5486 5583 5488 3 5486 5488 5487 3 5487 5488 5491 3 5487 5491 5492 3 5488 5583 5541 3 5488 5541 5491 3 5489 5527 5552 3 5489 5530 5527 3 5489 5557 5530 3 5489 5582 5557 3 5489 5579 5582 3 5489 5552 5579 3 5490 5516 5514 3 5490 5968 5495 3 5490 5495 5517 3 5490 5517 5516 3 5491 5541 5543 3 5491 5543 5993 3 5491 5993 5496 3 5491 5496 5492 3 5492 5496 5493 3 5493 5496 5519 3 5493 5519 5928 3 5493 5928 6022 3 5494 5498 5499 3 5494 5499 5495 3 5495 5499 5790 3 5495 5790 5517 3 5496 5993 5519 3 5497 5529 5531 3 5497 5555 5529 3 5497 5581 5555 3 5497 5531 5986 3 5497 5986 5618 3 5497 5618 5581 3 5498 5500 5521 3 5498 5813 5500 3 5498 5521 5499 3 5499 6046 5790 3 5499 5521 6046 3 5500 5813 5928 3 5500 5928 5523 3 5500 5523 5521 3 5501 5527 5504 3 5501 5502 5524 3 5501 5524 5527 3 5502 5503 5525 3 5502 5525 5524 3 5503 5801 5731 3 5503 5731 5526 3 5503 5526 5525 3 5504 5644 5814 3 5504 5530 5644 3 5504 5527 5530 3 5505 5528 5731 3 5505 5529 5528 3 5506 5816 5755 3 5506 5755 5757 3 5506 5859 5816 3 5506 5757 6012 3 5506 5818 5859 3 5506 6012 5818 3 5507 5814 5644 3 5507 5644 5533 3 5507 5533 5534 3 5507 5534 5509 3 5508 5838 5876 3 5508 5941 5838 3 5508 5872 5941 3 5508 5912 5872 3 5508 5876 5947 3 5508 5947 5912 3 5509 5537 5510 3 5509 5534 5537 3 5510 5538 5513 3 5510 5537 5538 3 5511 5514 5539 3 5511 5539 5512 3 5511 5512 5881 3 5512 5562 5881 3 5512 6055 5562 3 5512 5539 6055 3 5513 5538 5583 3 5514 5516 5539 3 5515 5540 5567 3 5515 5697 5540 3 5515 5632 5697 3 5515 5567 5964 3 5515 5964 5632 3 5516 5540 5539 3 5516 5517 5542 3 5516 5542 5540 3 5517 5790 5542 3 5518 5774 5775 3 5518 5800 5774 3 5518 5840 5800 3 5518 5878 5840 3 5518 5775 5967 3 5518 5967 5843 3 5518 5879 5878 3 5518 5843 5879 3 5519 5993 5544 3 5520 6040 6034 3 5520 6034 6031 3 5520 6031 5994 3 5520 5994 6035 3 5520 6035 6000 3 5521 5989 6046 3 5521 5546 5989 3 5521 5523 5546 3 5522 5523 5928 3 5522 5573 5523 3 5522 5548 5573 3 5523 5573 5546 3 5524 5553 5527 3 5524 5550 5553 3 5524 5525 5550 3 5525 5526 5550 3 5526 5731 5745 3 5526 5551 5550 3 5526 5745 5551 3 5527 5553 5552 3 5528 5580 5745 3 5528 5745 5731 3 5528 5529 5555 3 5528 5555 5580 3 5530 5557 5644 3 5531 5951 5986 3 5531 5778 5951 3 5532 5610 5646 3 5532 5609 5610 3 5532 5645 5609 3 5532 5646 5678 3 5532 5681 5645 3 5532 5678 5711 3 5532 5711 5681 3 5533 5559 5534 3 5533 5557 5559 3 5533 5644 5557 3 5534 5536 5537 3 5534 5685 5536 3 5534 5559 5685 3 5535 5915 5878 3 5535 5878 5879 3 5535 5948 5915 3 5535 5879 5883 3 5535 5883 5918 3 5535 5952 5948 3 5535 5918 5952 3 5536 5685 6052 3 5536 6052 5561 3 5536 5561 5537 3 5537 5561 5538 3 5538 5561 5563 3 5538 5563 5564 3 5538 5564 5583 3 5539 5697 6055 3 5539 5540 5697 3 5540 5542 5567 3 5541 5583 5565 3 5541 5565 5566 3 5541 5566 5543 3 5542 5790 5545 3 5542 5569 5567 3 5542 5545 5569 3 5543 5566 5713 3 5543 5713 5993 3 5544 5993 5713 3 5544 5713 5570 3 5544 5570 5603 3 5545 5790 6046 3 5545 5600 5569 3 5545 5571 5600 3 5545 6046 5571 3 5546 5573 5574 3 5546 5574 5989 3 5547 5725 5677 3 5547 5677 5709 3 5547 5760 5725 3 5547 5727 5760 3 5547 5709 5727 3 5548 5572 5573 3 5548 5604 5572 3 5548 5603 5604 3 5549 5601 5732 3 5549 5732 5768 3 5549 5798 5764 3 5549 5764 5601 3 5549 5839 5798 3 5549 5768 5839 3 5550 5551 5958 3 5550 5958 5577 3 5550 5577 5553 3 5551 5745 5578 3 5551 5578 5958 3 5552 5553 5560 3 5552 5560 5579 3 5553 5577 5560 3 5554 5949 5881 3 5554 5951 5949 3 5554 5589 5951 3 5554 5881 5562 3 5554 5590 5589 3 5554 5562 5590 3 5555 5581 5580 3 5556 5653 5654 3 5556 5688 5653 3 5556 5654 5715 3 5556 5715 5747 3 5556 5747 5717 3 5556 5717 5688 3 5557 5582 5584 3 5557 5584 5586 3 5557 5586 5559 3 5558 5935 5666 3 5558 5962 5999 3 5558 5666 5962 3 5558 5999 5748 3 5558 5748 6015 3 5558 6015 5935 3 5559 5586 5685 3 5560 5612 5579 3 5560 5609 5612 3 5560 5577 5609 3 5561 6052 5592 3 5561 5592 5563 3 5562 6055 5626 3 5562 5626 5590 3 5563 5592 5943 3 5563 5943 5564 3 5564 5943 5594 3 5564 5594 5565 3 5564 5565 5583 3 5565 5594 5596 3 5565 5596 5566 3 5566 5596 5597 3 5566 5597 5713 3 5567 5598 5964 3 5567 5569 5598 3 5568 5842 5840 3 5568 5802 5842 3 5568 5880 5802 3 5568 5913 5880 3 5568 5840 5877 3 5568 5914 5913 3 5568 5877 5914 3 5569 5600 5598 3 5570 5713 5599 3 5570 5599 5602 3 5570 5602 5603 3 5571 6046 5989 3 5571 5989 5605 3 5571 5605 5600 3 5572 5604 5606 3 5572 5606 5607 3 5572 5607 5573 3 5573 5607 5574 3 5574 5608 5989 3 5574 5607 5608 3 5575 5952 5918 3 5575 5918 5804 3 5575 5804 5954 3 5575 5985 5952 3 5575 5988 5985 3 5575 5954 5988 3 5576 6039 5664 3 5576 5664 5726 3 5576 5726 5762 3 5576 5762 5763 3 5576 5763 5803 3 5576 5803 6039 3 5577 5610 5609 3 5577 5958 5610 3 5578 5745 5580 3 5578 5611 5958 3 5578 5613 5611 3 5578 5580 5613 3 5579 5612 5616 3 5579 5616 5582 3 5580 5614 5613 3 5580 5581 5614 3 5581 5618 5617 3 5581 5617 5614 3 5582 5616 5615 3 5582 5615 5584 3 5584 5615 5621 3 5584 5621 5586 3 5585 5900 5865 3 5585 5865 5825 3 5585 5825 5829 3 5585 5829 5870 3 5585 5870 6042 3 5585 6042 5937 3 5585 5937 5900 3 5586 5621 5620 3 5586 5620 5622 3 5586 5622 5685 3 5587 5986 5951 3 5587 5951 5589 3 5587 5589 5976 3 5587 5976 5619 3 5587 5619 5986 3 5588 5618 5619 3 5588 5652 5618 3 5588 5619 5655 3 5588 5687 5652 3 5588 5716 5687 3 5588 5718 5716 3 5588 5689 5718 3 5588 5655 5689 3 5589 5590 5623 3 5589 5623 5976 3 5590 5626 5623 3 5591 5949 5778 3 5592 5630 5943 3 5592 5627 5630 3 5592 6052 5627 3 5593 5846 5806 3 5593 5806 5779 3 5593 5779 6019 3 5593 6019 5783 3 5593 5783 5808 3 5593 5847 5846 3 5593 5808 5847 3 5594 5943 5631 3 5594 5631 5633 3 5594 5633 5596 3 5595 5635 6037 3 5595 5637 5635 3 5595 5670 5637 3 5595 6037 6053 3 5595 6053 5702 3 5595 5702 5670 3 5596 6039 5597 3 5596 5633 6039 3 5597 5599 5713 3 5597 5635 5599 3 5597 6037 5635 3 5597 6039 6037 3 5598 5600 5636 3 5598 5636 5634 3 5598 5634 5964 3 5599 5635 5602 3 5600 5639 5636 3 5600 5605 5639 3 5601 5700 5669 3 5601 5669 5671 3 5601 5671 5732 3 5601 5764 5700 3 5602 5635 5637 3 5602 5638 5603 3 5602 5637 5638 3 5603 5638 5604 3 5604 5638 5640 3 5604 5640 5606 3 5605 5643 5639 3 5605 5608 5643 3 5605 5989 5608 3 5606 5641 5607 3 5606 5674 5641 3 5606 5640 5674 3 5607 5642 5608 3 5607 5641 5642 3 5608 5642 5643 3 5609 5645 5612 3 5610 5958 5611 3 5610 5611 5646 3 5611 5613 5647 3 5611 5647 5646 3 5612 5645 5648 3 5612 5648 5616 3 5613 5614 5649 3 5613 5649 5647 3 5614 5617 5650 3 5614 5650 5649 3 5615 5616 5651 3 5615 5651 5654 3 5615 5654 5621 3 5616 5648 5651 3 5617 5618 5652 3 5617 5652 5650 3 5618 5986 5619 3 5619 5976 5655 3 5620 5656 5622 3 5620 5653 5656 3 5620 5621 5653 3 5621 5654 5653 3 5622 5624 5685 3 5622 5658 5624 3 5622 5656 5658 3 5623 5659 5657 3 5623 5657 5976 3 5623 5626 5659 3 5624 6052 5685 3 5624 5660 6052 3 5624 5658 5660 3 5625 5860 5817 3 5625 5817 5787 3 5625 5787 6004 3 5625 5895 5860 3 5625 6004 5853 3 5625 5853 5893 3 5625 5893 5895 3 5626 5661 5659 3 5626 5628 5661 3 5626 6055 5628 3 5627 6052 5660 3 5627 5660 5662 3 5627 5662 5630 3 5628 6055 5697 3 5628 5697 5629 3 5628 5629 5677 3 5628 5677 5661 3 5629 5697 5632 3 5629 5632 5709 3 5629 5709 5677 3 5630 5662 5663 3 5630 5663 5631 3 5630 5631 5943 3 5631 5663 5664 3 5631 5664 5633 3 5632 5964 5665 3 5632 5665 5709 3 5633 5664 6039 3 5634 5667 5964 3 5634 5669 5667 3 5634 5636 5669 3 5636 5671 5669 3 5636 5639 5671 3 5637 5670 5638 3 5638 5670 5672 3 5638 5672 5640 3 5639 5733 5671 3 5639 5676 5733 3 5639 5643 5676 3 5640 5673 5674 3 5640 5672 5673 3 5641 5934 5642 3 5641 5706 5934 3 5641 5674 5706 3 5642 5675 5643 3 5642 5934 5675 3 5643 5675 5676 3 5645 5681 5680 3 5645 5680 5648 3 5646 5647 5679 3 5646 5679 5678 3 5647 5649 5682 3 5647 5682 5679 3 5648 5680 5683 3 5648 5683 5651 3 5649 5650 5684 3 5649 5684 5682 3 5650 5652 5686 3 5650 5686 5684 3 5651 5683 5715 3 5651 5715 5654 3 5652 5687 5686 3 5653 5688 5656 3 5655 5976 5657 3 5655 5657 5689 3 5656 5688 5719 3 5656 5719 5691 3 5656 5691 5658 3 5657 5690 5689 3 5657 5659 5690 3 5658 5691 5693 3 5658 5693 5660 3 5659 5661 5695 3 5659 5695 5692 3 5659 5692 5690 3 5660 5693 5694 3 5660 5694 5662 3 5661 5677 5695 3 5662 5694 5696 3 5662 5696 5663 3 5663 5696 5698 3 5663 5698 5664 3 5664 5698 5726 3 5665 5699 5709 3 5665 5667 5699 3 5665 5964 5667 3 5666 5899 5897 3 5666 5897 5896 3 5666 5896 5930 3 5666 5935 5899 3 5666 5930 5962 3 5667 5700 5699 3 5667 5669 5700 3 5670 5702 5782 3 5670 5782 5672 3 5671 5733 5732 3 5672 5703 5673 3 5672 5782 5703 3 5673 5704 5674 3 5673 5703 5704 3 5674 5704 5706 3 5675 5708 5676 3 5675 5707 5708 3 5675 5934 5707 3 5676 5708 5733 3 5677 5725 5695 3 5678 5679 5714 3 5678 5714 5740 3 5678 5740 5711 3 5679 5682 5841 3 5679 5841 5714 3 5680 5681 5710 3 5680 5710 5712 3 5680 5712 5683 3 5681 5711 5710 3 5682 5684 5744 3 5682 5744 5701 3 5682 5701 5841 3 5683 5712 5882 3 5683 5882 5715 3 5684 5686 5744 3 5686 5687 5922 3 5686 5922 5744 3 5687 5716 5922 3 5688 5717 5719 3 5689 5690 5833 3 5689 5833 5718 3 5690 5692 6054 3 5690 6054 5833 3 5691 5719 5720 3 5691 5720 5754 3 5691 5754 5693 3 5692 5755 6054 3 5692 5722 5755 3 5692 5695 5722 3 5693 5754 5723 3 5693 5723 5694 3 5694 5723 5724 3 5694 5724 5696 3 5695 5725 5722 3 5696 5759 5698 3 5696 5724 5759 3 5698 5759 5726 3 5699 5727 5709 3 5699 5729 5727 3 5699 5700 5729 3 5700 5764 5729 3 5701 5967 5841 3 5701 5744 5779 3 5701 5779 5806 3 5701 5806 5967 3 5702 5767 5782 3 5702 5766 5767 3 5702 6053 5766 3 5703 5734 5704 3 5703 5770 5734 3 5703 5782 5770 3 5704 5735 5706 3 5704 5734 5735 3 5705 5916 5914 3 5705 5914 5915 3 5705 5915 5948 3 5705 5948 5978 3 5706 5736 5934 3 5706 5735 5736 3 5707 5737 5708 3 5707 5736 5737 3 5707 5934 5736 3 5708 5738 5733 3 5708 5737 5738 3 5710 5742 5712 3 5710 5739 5742 3 5710 5711 5739 3 5711 5740 5739 3 5712 5746 5882 3 5712 5742 5746 3 5714 5774 5740 3 5714 5841 5775 3 5714 5775 5774 3 5715 5882 5747 3 5716 5718 5749 3 5716 5749 5922 3 5717 5752 5719 3 5717 5750 5752 3 5717 5780 5750 3 5717 5747 5780 3 5718 5833 5751 3 5718 5751 5749 3 5719 5752 5720 3 5720 5752 5786 3 5720 5786 5754 3 5721 6050 6041 3 5721 6010 6050 3 5721 6014 6010 3 5721 5955 6014 3 5721 6006 5955 3 5721 5911 6006 3 5721 6041 5911 3 5722 5757 5755 3 5722 5725 5757 3 5723 5756 5724 3 5723 5754 5756 3 5724 5758 5759 3 5724 5756 5758 3 5725 5760 5757 3 5726 5759 5761 3 5726 5761 5762 3 5727 5788 5760 3 5727 5769 5788 3 5727 5729 5769 3 5728 5966 5931 3 5728 5931 5898 3 5728 5898 5900 3 5728 6051 5966 3 5728 5937 6051 3 5728 5900 5937 3 5729 5764 5769 3 5730 5939 5929 3 5732 5738 5768 3 5732 5733 5738 3 5734 5770 5797 3 5735 5771 5736 3 5736 5771 5737 3 5737 5772 5738 3 5737 5799 5772 3 5737 5771 5799 3 5738 5772 5768 3 5739 5740 5773 3 5739 5773 5777 3 5739 5777 5742 3 5740 5774 5773 3 5741 5758 5819 3 5741 5759 5758 3 5741 5761 5759 3 5741 5789 5761 3 5741 5822 5789 3 5741 5819 5862 3 5741 5862 5822 3 5742 5777 5776 3 5742 5776 5746 3 5743 6018 5983 3 5743 5983 5984 3 5743 5984 6020 3 5743 6020 6025 3 5743 6024 6018 3 5743 6025 6024 3 5744 5922 6019 3 5744 6019 5779 3 5746 5776 5805 3 5746 5805 5781 3 5746 5781 5882 3 5747 5882 5781 3 5747 5781 5780 3 5748 6008 6015 3 5748 5999 6002 3 5748 6002 6005 3 5748 6005 6008 3 5749 5783 5922 3 5749 5784 5783 3 5749 5751 5784 3 5750 5780 5810 3 5750 5810 5981 3 5750 5981 5752 3 5751 5785 5784 3 5751 5753 5785 3 5751 5833 5753 3 5752 5981 5786 3 5753 5833 6054 3 5753 5969 5785 3 5753 5815 5969 3 5753 6054 5815 3 5754 5786 6004 3 5754 6004 5787 3 5754 5787 5756 3 5755 5816 6054 3 5756 5787 5758 3 5757 5760 6012 3 5758 5787 5817 3 5758 5817 5819 3 5760 5788 6012 3 5761 5789 5762 3 5762 5791 5763 3 5762 5789 5791 3 5763 5765 5803 3 5763 5792 5765 3 5763 5791 5792 3 5764 5798 5769 3 5765 5766 6053 3 5765 6053 5803 3 5765 5794 5766 3 5765 5792 5794 3 5766 5795 5767 3 5766 5794 5795 3 5767 5770 5782 3 5767 5796 5770 3 5767 5795 5796 3 5768 5834 5839 3 5768 5793 5834 3 5768 5772 5793 3 5769 5823 5788 3 5769 5798 5825 3 5769 5825 5823 3 5770 5796 5797 3 5771 5838 5799 3 5771 5837 5838 3 5772 5799 5793 3 5773 5842 5777 3 5773 5800 5842 3 5773 5774 5800 3 5775 5841 5967 3 5776 5844 5805 3 5776 5802 5844 3 5776 5777 5802 3 5777 5842 5802 3 5778 5949 5951 3 5780 5781 5809 3 5780 5809 5810 3 5781 5807 5809 3 5781 5805 5807 3 5783 6019 5922 3 5783 5784 5808 3 5784 5811 5808 3 5784 5785 5811 3 5785 5969 5811 3 5786 5981 6004 3 5788 5820 6012 3 5788 5823 5820 3 5789 5826 5791 3 5789 5824 5826 3 5789 5822 5824 3 5791 5826 5792 3 5792 5827 5794 3 5792 5826 5827 3 5793 5799 5941 3 5793 5941 5873 3 5793 5873 5834 3 5794 5830 5795 3 5794 5827 5830 3 5795 5831 5796 3 5795 5830 5831 3 5796 5835 5797 3 5796 5831 5835 3 5797 5835 5836 3 5798 5839 5829 3 5798 5829 5825 3 5799 5838 5941 3 5800 5840 5842 3 5802 5880 5844 3 5803 6037 6039 3 5803 6053 6037 3 5804 5918 5886 3 5804 5886 5887 3 5804 5923 5954 3 5804 5887 5923 3 5805 5844 5807 3 5806 5843 5967 3 5806 5845 5843 3 5806 5846 5845 3 5807 5848 5809 3 5808 5849 5847 3 5808 5811 5849 3 5809 5995 5810 3 5809 5848 5995 3 5810 5851 5981 3 5810 5995 5851 3 5811 5850 5849 3 5811 5852 5850 3 5811 5969 5852 3 5812 6002 6036 3 5812 6045 6002 3 5812 5920 6045 3 5812 6036 6032 3 5812 5979 5920 3 5812 6032 5979 3 5813 6022 5928 3 5815 6054 5816 3 5815 5854 5969 3 5815 5857 5854 3 5815 5816 5857 3 5816 5859 5857 3 5817 5860 5819 3 5818 5861 5859 3 5818 6012 5820 3 5818 5820 5861 3 5819 5860 5862 3 5820 5823 5863 3 5820 5863 5861 3 5821 5828 5884 3 5821 5884 5913 3 5821 5913 5916 3 5821 5963 5828 3 5822 5864 5824 3 5822 5862 5864 3 5823 5825 5865 3 5823 5865 5863 3 5824 5867 5826 3 5824 5866 5867 3 5824 5864 5866 3 5826 5867 5827 3 5827 5868 5830 3 5827 5867 5868 3 5828 5953 6038 3 5828 5987 5953 3 5828 5963 5987 3 5829 5839 5870 3 5830 5871 5831 3 5830 5868 5871 3 5831 5832 5835 3 5831 5871 5832 3 5832 5908 5835 3 5832 5871 5894 3 5832 5894 5908 3 5834 5873 5869 3 5834 5869 5839 3 5835 5874 5836 3 5835 5908 5874 3 5836 5874 5837 3 5837 5874 5875 3 5837 5875 5838 3 5838 5875 5876 3 5839 5869 5870 3 5840 5878 5877 3 5843 5883 5879 3 5843 5845 5883 3 5844 5880 5884 3 5845 5918 5883 3 5845 5886 5918 3 5845 5846 5886 3 5846 5847 5886 3 5847 5887 5886 3 5847 5849 5887 3 5848 6038 5995 3 5849 5850 5887 3 5850 5888 5887 3 5850 5891 5888 3 5850 5852 5891 3 5851 5853 5981 3 5851 5889 5853 3 5851 5995 5889 3 5852 5969 5854 3 5852 5892 5891 3 5852 5854 5892 3 5853 6004 5981 3 5853 5889 5893 3 5854 5855 5892 3 5854 5857 5855 3 5855 5857 5932 3 5855 5932 5902 3 5855 5902 5858 3 5855 5858 5892 3 5856 5902 5932 3 5856 5932 5931 3 5856 5965 5902 3 5856 5966 5965 3 5856 5931 5966 3 5857 5859 5932 3 5858 5925 5892 3 5858 5957 5925 3 5858 5961 5957 3 5858 5902 5961 3 5859 5861 5932 3 5860 5896 5862 3 5860 5895 5896 3 5861 5863 5898 3 5861 5898 5931 3 5861 5931 5932 3 5862 5897 5864 3 5862 5896 5897 3 5863 5900 5898 3 5863 5865 5900 3 5864 5899 5866 3 5864 5897 5899 3 5866 5903 5867 3 5866 5901 5903 3 5866 5899 5901 3 5867 5903 5868 3 5868 5905 5871 3 5868 5904 5905 3 5868 5903 5904 3 5869 5907 5870 3 5869 5906 5907 3 5869 5873 5906 3 5870 5907 6042 3 5871 5905 5894 3 5872 5873 5941 3 5872 5906 5873 3 5872 5912 5906 3 5874 5910 5875 3 5874 5909 5910 3 5874 5908 5909 3 5875 5910 5876 3 5876 5946 5947 3 5876 5910 5946 3 5877 5915 5914 3 5877 5878 5915 3 5880 5913 5884 3 5885 5942 5972 3 5885 5945 5942 3 5885 5977 5945 3 5885 6016 5977 3 5885 6013 6016 3 5885 5972 6013 3 5887 5888 5923 3 5888 5891 5925 3 5888 5925 5924 3 5888 5924 5923 3 5889 5995 5890 3 5889 5890 5926 3 5889 5926 5893 3 5890 5995 6038 3 5890 6038 5917 3 5890 5917 5926 3 5891 5892 5925 3 5893 5927 5895 3 5893 5926 5927 3 5894 5905 5940 3 5894 5940 5972 3 5894 5942 5908 3 5894 5972 5942 3 5895 5930 5896 3 5895 5927 5959 3 5895 5959 5930 3 5899 5935 5901 3 5901 5935 5936 3 5901 5936 5903 3 5902 5965 5961 3 5903 5936 5904 3 5904 5936 5938 3 5904 5938 5905 3 5905 5938 5940 3 5906 5944 5907 3 5906 5912 5944 3 5907 5944 6042 3 5908 5942 5909 3 5909 5942 5945 3 5909 5945 5910 3 5910 5945 5946 3 5911 6000 6003 3 5911 6003 6006 3 5912 5974 5944 3 5912 5947 5974 3 5913 5914 5916 3 5917 5956 5926 3 5917 6038 5953 3 5917 5990 5956 3 5917 5953 5990 3 5919 6021 5987 3 5919 5987 5963 3 5919 5963 6017 3 5919 6028 6021 3 5919 6023 6028 3 5919 6017 6023 3 5920 6048 6045 3 5920 6047 6048 3 5920 5979 5950 3 5920 5950 6043 3 5920 6043 6047 3 5923 5924 5954 3 5924 5992 5954 3 5924 5957 5992 3 5924 5925 5957 3 5926 5956 5927 3 5927 5956 5959 3 5930 5959 5962 3 5933 5972 5940 3 5933 5940 5938 3 5933 5938 5970 3 5933 6013 5972 3 5933 5970 6008 3 5933 6008 6009 3 5933 6009 6013 3 5935 6015 5936 3 5936 5970 5938 3 5936 6015 5970 3 5944 5974 5975 3 5945 5977 5946 3 5946 5977 5947 3 5947 5977 5974 3 5948 5980 5978 3 5948 5952 5980 3 5950 6033 6030 3 5950 6030 6034 3 5950 5979 6033 3 5950 6034 6040 3 5950 6040 6043 3 5952 5985 5984 3 5952 5984 5980 3 5953 5987 5990 3 5954 5991 5988 3 5954 5992 5991 3 5955 6006 6011 3 5955 6011 5975 3 5955 5973 6014 3 5955 5974 5973 3 5955 5975 5974 3 5956 5960 5959 3 5956 5990 5960 3 5957 5996 5992 3 5957 5961 5996 3 5959 5960 5962 3 5960 5997 5962 3 5960 6027 5997 3 5960 6021 6027 3 5960 5990 6021 3 5961 5965 5998 3 5961 5998 5996 3 5962 5997 5999 3 5963 5982 6017 3 5965 6001 5998 3 5965 5966 6001 3 5966 6007 6001 3 5966 6051 6007 3 5970 6015 6008 3 5973 5974 5977 3 5973 5977 6016 3 5973 6016 6014 3 5978 5980 5983 3 5978 5983 5982 3 5979 6032 6029 3 5979 6029 6033 3 5980 5984 5983 3 5982 6018 6017 3 5982 5983 6018 3 5984 5985 6020 3 5985 5988 6020 3 5987 6021 5990 3 5988 5991 6026 3 5988 6026 6020 3 5991 6031 6026 3 5991 5994 6031 3 5991 5992 5994 3 5992 5996 5994 3 5994 5996 6035 3 5996 5998 6035 3 5997 6027 6036 3 5997 6036 5999 3 5998 6000 6035 3 5998 6001 6000 3 5999 6036 6002 3 6000 6001 6003 3 6001 6007 6003 3 6002 6045 6005 3 6003 6007 6011 3 6003 6011 6006 3 6005 6009 6008 3 6005 6048 6009 3 6005 6045 6048 3 6007 6051 6011 3 6009 6049 6013 3 6009 6048 6049 3 6010 6049 6050 3 6010 6013 6049 3 6010 6016 6013 3 6010 6014 6016 3 6017 6018 6023 3 6018 6024 6023 3 6020 6026 6030 3 6020 6030 6025 3 6021 6028 6027 3 6023 6024 6029 3 6023 6029 6028 3 6024 6033 6029 3 6024 6025 6033 3 6025 6030 6033 3 6026 6031 6030 3 6027 6028 6032 3 6027 6032 6036 3 6028 6029 6032 3 6030 6031 6034 3 6041 6047 6043 3 6041 6050 6047 3 6047 6050 6048 3 6048 6050 6049 
4833 1208 3 6056 6407 6059 3 6056 6059 6060 3 6056 6060 6086 3 6056 6111 6337 3 6056 6337 6407 3 6056 6084 6111 3 6056 6086 6084 3 6057 6527 6577 3 6057 6577 6061 3 6057 6061 6274 3 6057 6274 6085 3 6057 6085 6527 3 6058 6407 6082 3 6058 6082 6274 3 6058 6274 6061 3 6058 6061 6073 3 6058 6073 6059 3 6058 6059 6407 3 6059 6073 6060 3 6060 6073 6062 3 6060 6062 6086 3 6061 6577 6083 3 6061 6083 6073 3 6062 6197 6086 3 6062 6650 6197 3 6062 6067 6650 3 6062 6073 6067 3 6063 6341 6340 3 6063 6340 6403 3 6063 6377 6341 3 6063 6403 6442 3 6063 6443 6377 3 6063 6442 6443 3 6064 6427 6522 3 6064 6522 6311 3 6064 6569 6427 3 6064 6311 6584 3 6064 6584 6588 3 6064 6588 6569 3 6065 6091 6069 3 6065 6069 6577 3 6065 6577 6527 3 6065 6527 6089 3 6065 6089 6091 3 6066 6071 6574 3 6066 6090 6071 3 6066 6117 6090 3 6066 6120 6117 3 6066 6096 6120 3 6066 6574 6096 3 6067 6073 6535 3 6067 6535 6075 3 6067 6075 6071 3 6067 6071 6650 3 6068 6617 6657 3 6068 6581 6617 3 6068 6550 6581 3 6068 6648 6550 3 6068 6543 6648 3 6068 6657 6543 3 6069 6091 6093 3 6069 6072 6070 3 6069 6070 6577 3 6069 6093 6072 3 6070 6072 6545 3 6070 6336 6577 3 6070 6545 6336 3 6071 6090 6650 3 6071 6075 6574 3 6072 6093 6098 3 6072 6098 6076 3 6072 6076 6545 3 6073 6336 6535 3 6073 6083 6336 3 6074 6606 6517 3 6074 6126 6606 3 6074 6646 6126 3 6074 6649 6646 3 6074 6647 6649 3 6074 6517 6647 3 6075 6535 6078 3 6075 6078 6079 3 6075 6079 6574 3 6076 6098 6099 3 6076 6099 6628 3 6076 6628 6545 3 6077 6413 6450 3 6077 6454 6413 3 6077 6450 6490 3 6077 6644 6454 3 6077 6434 6644 3 6077 6490 6434 3 6078 6545 6628 3 6078 6535 6545 3 6078 6628 6080 3 6078 6080 6079 3 6079 6080 6100 3 6079 6100 6101 3 6079 6101 6574 3 6080 6628 6419 3 6080 6419 6104 3 6080 6104 6100 3 6081 6274 6082 3 6081 6085 6274 3 6081 6107 6085 3 6081 6108 6107 3 6081 6082 6108 3 6082 6109 6108 3 6082 6407 6109 3 6083 6577 6336 3 6084 6135 6111 3 6084 6086 6197 3 6084 6197 6384 3 6084 6384 6137 3 6084 6137 6135 3 6085 6420 6527 3 6085 6110 6420 3 6085 6107 6110 3 6087 6534 6125 3 6087 6125 6150 3 6087 6150 6209 3 6087 6209 6154 3 6087 6154 6128 3 6087 6128 6534 3 6088 6197 6090 3 6088 6555 6197 3 6088 6090 6117 3 6088 6117 6487 3 6088 6487 6555 3 6089 6113 6115 3 6089 6420 6113 3 6089 6527 6420 3 6089 6115 6116 3 6089 6116 6091 3 6090 6197 6650 3 6091 6119 6092 3 6091 6092 6093 3 6091 6116 6119 3 6092 6119 6189 3 6092 6189 6094 3 6092 6094 6093 3 6093 6094 6097 3 6093 6097 6098 3 6094 6189 6147 3 6094 6147 6097 3 6095 6133 6158 3 6095 6136 6133 3 6095 6163 6136 3 6095 6188 6163 3 6095 6185 6188 3 6095 6158 6185 3 6096 6122 6120 3 6096 6574 6101 3 6096 6101 6123 3 6096 6123 6122 3 6097 6147 6149 3 6097 6149 6599 3 6097 6599 6102 3 6097 6102 6098 3 6098 6102 6099 3 6099 6102 6125 3 6099 6125 6534 3 6099 6534 6628 3 6100 6104 6105 3 6100 6105 6101 3 6101 6105 6396 3 6101 6396 6123 3 6102 6599 6125 3 6103 6135 6137 3 6103 6161 6135 3 6103 6187 6161 3 6103 6137 6592 3 6103 6592 6224 3 6103 6224 6187 3 6104 6106 6127 3 6104 6419 6106 3 6104 6127 6105 3 6105 6652 6396 3 6105 6127 6652 3 6106 6419 6534 3 6106 6534 6129 3 6106 6129 6127 3 6107 6133 6110 3 6107 6108 6130 3 6107 6130 6133 3 6108 6109 6131 3 6108 6131 6130 3 6109 6407 6337 3 6109 6337 6132 3 6109 6132 6131 3 6110 6250 6420 3 6110 6136 6250 3 6110 6133 6136 3 6111 6134 6337 3 6111 6135 6134 3 6112 6422 6361 3 6112 6361 6363 3 6112 6465 6422 3 6112 6363 6618 3 6112 6424 6465 3 6112 6618 6424 3 6113 6420 6250 3 6113 6250 6139 3 6113 6139 6140 3 6113 6140 6115 3 6114 6444 6482 3 6114 6547 6444 3 6114 6478 6547 3 6114 6518 6478 3 6114 6482 6553 3 6114 6553 6518 3 6115 6143 6116 3 6115 6140 6143 3 6116 6144 6119 3 6116 6143 6144 3 6117 6120 6145 3 6117 6145 6118 3 6117 6118 6487 3 6118 6168 6487 3 6118 6661 6168 3 6118 6145 6661 3 6119 6144 6189 3 6120 6122 6145 3 6121 6146 6173 3 6121 6303 6146 3 6121 6238 6303 3 6121 6173 6570 3 6121 6570 6238 3 6122 6146 6145 3 6122 6123 6148 3 6122 6148 6146 3 6123 6396 6148 3 6124 6380 6381 3 6124 6406 6380 3 6124 6446 6406 3 6124 6484 6446 3 6124 6381 6573 3 6124 6573 6449 3 6124 6485 6484 3 6124 6449 6485 3 6125 6599 6150 3 6126 6646 6640 3 6126 6640 6637 3 6126 6637 6600 3 6126 6600 6641 3 6126 6641 6606 3 6127 6595 6652 3 6127 6152 6595 3 6127 6129 6152 3 6128 6129 6534 3 6128 6179 6129 3 6128 6154 6179 3 6129 6179 6152 3 6130 6159 6133 3 6130 6156 6159 3 6130 6131 6156 3 6131 6132 6156 3 6132 6337 6351 3 6132 6157 6156 3 6132 6351 6157 3 6133 6159 6158 3 6134 6186 6351 3 6134 6351 6337 3 6134 6135 6161 3 6134 6161 6186 3 6136 6163 6250 3 6137 6557 6592 3 6137 6384 6557 3 6138 6216 6252 3 6138 6215 6216 3 6138 6251 6215 3 6138 6252 6284 3 6138 6287 6251 3 6138 6284 6317 3 6138 6317 6287 3 6139 6165 6140 3 6139 6163 6165 3 6139 6250 6163 3 6140 6142 6143 3 6140 6291 6142 3 6140 6165 6291 3 6141 6521 6484 3 6141 6484 6485 3 6141 6554 6521 3 6141 6485 6489 3 6141 6489 6524 3 6141 6558 6554 3 6141 6524 6558 3 6142 6291 6658 3 6142 6658 6167 3 6142 6167 6143 3 6143 6167 6144 3 6144 6167 6169 3 6144 6169 6170 3 6144 6170 6189 3 6145 6303 6661 3 6145 6146 6303 3 6146 6148 6173 3 6147 6189 6171 3 6147 6171 6172 3 6147 6172 6149 3 6148 6396 6151 3 6148 6175 6173 3 6148 6151 6175 3 6149 6172 6319 3 6149 6319 6599 3 6150 6599 6319 3 6150 6319 6176 3 6150 6176 6209 3 6151 6396 6652 3 6151 6206 6175 3 6151 6177 6206 3 6151 6652 6177 3 6152 6179 6180 3 6152 6180 6595 3 6153 6331 6283 3 6153 6283 6315 3 6153 6366 6331 3 6153 6333 6366 3 6153 6315 6333 3 6154 6178 6179 3 6154 6210 6178 3 6154 6209 6210 3 6155 6207 6338 3 6155 6338 6374 3 6155 6404 6370 3 6155 6370 6207 3 6155 6445 6404 3 6155 6374 6445 3 6156 6157 6564 3 6156 6564 6183 3 6156 6183 6159 3 6157 6351 6184 3 6157 6184 6564 3 6158 6159 6166 3 6158 6166 6185 3 6159 6183 6166 3 6160 6555 6487 3 6160 6557 6555 3 6160 6195 6557 3 6160 6487 6168 3 6160 6196 6195 3 6160 6168 6196 3 6161 6187 6186 3 6162 6259 6260 3 6162 6294 6259 3 6162 6260 6321 3 6162 6321 6353 3 6162 6353 6323 3 6162 6323 6294 3 6163 6188 6190 3 6163 6190 6192 3 6163 6192 6165 3 6164 6541 6272 3 6164 6568 6605 3 6164 6272 6568 3 6164 6605 6354 3 6164 6354 6621 3 6164 6621 6541 3 6165 6192 6291 3 6166 6218 6185 3 6166 6215 6218 3 6166 6183 6215 3 6167 6658 6198 3 6167 6198 6169 3 6168 6661 6232 3 6168 6232 6196 3 6169 6198 6549 3 6169 6549 6170 3 6170 6549 6200 3 6170 6200 6171 3 6170 6171 6189 3 6171 6200 6202 3 6171 6202 6172 3 6172 6202 6203 3 6172 6203 6319 3 6173 6204 6570 3 6173 6175 6204 3 6174 6448 6446 3 6174 6408 6448 3 6174 6486 6408 3 6174 6519 6486 3 6174 6446 6483 3 6174 6520 6519 3 6174 6483 6520 3 6175 6206 6204 3 6176 6319 6205 3 6176 6205 6208 3 6176 6208 6209 3 6177 6652 6595 3 6177 6595 6211 3 6177 6211 6206 3 6178 6210 6212 3 6178 6212 6213 3 6178 6213 6179 3 6179 6213 6180 3 6180 6214 6595 3 6180 6213 6214 3 6181 6558 6524 3 6181 6524 6410 3 6181 6410 6560 3 6181 6591 6558 3 6181 6594 6591 3 6181 6560 6594 3 6182 6645 6270 3 6182 6270 6332 3 6182 6332 6368 3 6182 6368 6369 3 6182 6369 6409 3 6182 6409 6645 3 6183 6216 6215 3 6183 6564 6216 3 6184 6351 6186 3 6184 6217 6564 3 6184 6219 6217 3 6184 6186 6219 3 6185 6218 6222 3 6185 6222 6188 3 6186 6220 6219 3 6186 6187 6220 3 6187 6224 6223 3 6187 6223 6220 3 6188 6222 6221 3 6188 6221 6190 3 6190 6221 6227 3 6190 6227 6192 3 6191 6506 6471 3 6191 6471 6431 3 6191 6431 6435 3 6191 6435 6476 3 6191 6476 6648 3 6191 6648 6543 3 6191 6543 6506 3 6192 6227 6226 3 6192 6226 6228 3 6192 6228 6291 3 6193 6592 6557 3 6193 6557 6195 3 6193 6195 6582 3 6193 6582 6225 3 6193 6225 6592 3 6194 6224 6225 3 6194 6258 6224 3 6194 6225 6261 3 6194 6293 6258 3 6194 6322 6293 3 6194 6324 6322 3 6194 6295 6324 3 6194 6261 6295 3 6195 6196 6229 3 6195 6229 6582 3 6196 6232 6229 3 6197 6555 6384 3 6198 6236 6549 3 6198 6233 6236 3 6198 6658 6233 3 6199 6452 6412 3 6199 6412 6385 3 6199 6385 6625 3 6199 6625 6389 3 6199 6389 6414 3 6199 6453 6452 3 6199 6414 6453 3 6200 6549 6237 3 6200 6237 6239 3 6200 6239 6202 3 6201 6241 6643 3 6201 6243 6241 3 6201 6276 6243 3 6201 6643 6659 3 6201 6659 6308 3 6201 6308 6276 3 6202 6645 6203 3 6202 6239 6645 3 6203 6205 6319 3 6203 6241 6205 3 6203 6643 6241 3 6203 6645 6643 3 6204 6206 6242 3 6204 6242 6240 3 6204 6240 6570 3 6205 6241 6208 3 6206 6245 6242 3 6206 6211 6245 3 6207 6306 6275 3 6207 6275 6277 3 6207 6277 6338 3 6207 6370 6306 3 6208 6241 6243 3 6208 6244 6209 3 6208 6243 6244 3 6209 6244 6210 3 6210 6244 6246 3 6210 6246 6212 3 6211 6249 6245 3 6211 6214 6249 3 6211 6595 6214 3 6212 6247 6213 3 6212 6280 6247 3 6212 6246 6280 3 6213 6248 6214 3 6213 6247 6248 3 6214 6248 6249 3 6215 6251 6218 3 6216 6564 6217 3 6216 6217 6252 3 6217 6219 6253 3 6217 6253 6252 3 6218 6251 6254 3 6218 6254 6222 3 6219 6220 6255 3 6219 6255 6253 3 6220 6223 6256 3 6220 6256 6255 3 6221 6222 6257 3 6221 6257 6260 3 6221 6260 6227 3 6222 6254 6257 3 6223 6224 6258 3 6223 6258 6256 3 6224 6592 6225 3 6225 6582 6261 3 6226 6262 6228 3 6226 6259 6262 3 6226 6227 6259 3 6227 6260 6259 3 6228 6230 6291 3 6228 6264 6230 3 6228 6262 6264 3 6229 6265 6263 3 6229 6263 6582 3 6229 6232 6265 3 6230 6658 6291 3 6230 6266 6658 3 6230 6264 6266 3 6231 6466 6423 3 6231 6423 6393 3 6231 6393 6610 3 6231 6501 6466 3 6231 6610 6459 3 6231 6459 6499 3 6231 6499 6501 3 6232 6267 6265 3 6232 6234 6267 3 6232 6661 6234 3 6233 6658 6266 3 6233 6266 6268 3 6233 6268 6236 3 6234 6661 6303 3 6234 6303 6235 3 6234 6235 6283 3 6234 6283 6267 3 6235 6303 6238 3 6235 6238 6315 3 6235 6315 6283 3 6236 6268 6269 3 6236 6269 6237 3 6236 6237 6549 3 6237 6269 6270 3 6237 6270 6239 3 6238 6570 6271 3 6238 6271 6315 3 6239 6270 6645 3 6240 6273 6570 3 6240 6275 6273 3 6240 6242 6275 3 6242 6277 6275 3 6242 6245 6277 3 6243 6276 6244 3 6244 6276 6278 3 6244 6278 6246 3 6245 6339 6277 3 6245 6282 6339 3 6245 6249 6282 3 6246 6279 6280 3 6246 6278 6279 3 6247 6540 6248 3 6247 6312 6540 3 6247 6280 6312 3 6248 6281 6249 3 6248 6540 6281 3 6249 6281 6282 3 6251 6287 6286 3 6251 6286 6254 3 6252 6253 6285 3 6252 6285 6284 3 6253 6255 6288 3 6253 6288 6285 3 6254 6286 6289 3 6254 6289 6257 3 6255 6256 6290 3 6255 6290 6288 3 6256 6258 6292 3 6256 6292 6290 3 6257 6289 6321 3 6257 6321 6260 3 6258 6293 6292 3 6259 6294 6262 3 6261 6582 6263 3 6261 6263 6295 3 6262 6294 6325 3 6262 6325 6297 3 6262 6297 6264 3 6263 6296 6295 3 6263 6265 6296 3 6264 6297 6299 3 6264 6299 6266 3 6265 6267 6301 3 6265 6301 6298 3 6265 6298 6296 3 6266 6299 6300 3 6266 6300 6268 3 6267 6283 6301 3 6268 6300 6302 3 6268 6302 6269 3 6269 6302 6304 3 6269 6304 6270 3 6270 6304 6332 3 6271 6305 6315 3 6271 6273 6305 3 6271 6570 6273 3 6272 6505 6503 3 6272 6503 6502 3 6272 6502 6536 3 6272 6541 6505 3 6272 6536 6568 3 6273 6306 6305 3 6273 6275 6306 3 6276 6308 6388 3 6276 6388 6278 3 6277 6339 6338 3 6278 6309 6279 3 6278 6388 6309 3 6279 6310 6280 3 6279 6309 6310 3 6280 6310 6312 3 6281 6314 6282 3 6281 6313 6314 3 6281 6540 6313 3 6282 6314 6339 3 6283 6331 6301 3 6284 6285 6320 3 6284 6320 6346 3 6284 6346 6317 3 6285 6288 6447 3 6285 6447 6320 3 6286 6287 6316 3 6286 6316 6318 3 6286 6318 6289 3 6287 6317 6316 3 6288 6290 6350 3 6288 6350 6307 3 6288 6307 6447 3 6289 6318 6488 3 6289 6488 6321 3 6290 6292 6350 3 6292 6293 6528 3 6292 6528 6350 3 6293 6322 6528 3 6294 6323 6325 3 6295 6296 6439 3 6295 6439 6324 3 6296 6298 6660 3 6296 6660 6439 3 6297 6325 6326 3 6297 6326 6360 3 6297 6360 6299 3 6298 6361 6660 3 6298 6328 6361 3 6298 6301 6328 3 6299 6360 6329 3 6299 6329 6300 3 6300 6329 6330 3 6300 6330 6302 3 6301 6331 6328 3 6302 6365 6304 3 6302 6330 6365 3 6304 6365 6332 3 6305 6333 6315 3 6305 6335 6333 3 6305 6306 6335 3 6306 6370 6335 3 6307 6573 6447 3 6307 6350 6385 3 6307 6385 6412 3 6307 6412 6573 3 6308 6373 6388 3 6308 6372 6373 3 6308 6659 6372 3 6309 6340 6310 3 6309 6376 6340 3 6309 6388 6376 3 6310 6341 6312 3 6310 6340 6341 3 6311 6522 6520 3 6311 6520 6521 3 6311 6521 6554 3 6311 6554 6584 3 6312 6342 6540 3 6312 6341 6342 3 6313 6343 6314 3 6313 6342 6343 3 6313 6540 6342 3 6314 6344 6339 3 6314 6343 6344 3 6316 6348 6318 3 6316 6345 6348 3 6316 6317 6345 3 6317 6346 6345 3 6318 6352 6488 3 6318 6348 6352 3 6320 6380 6346 3 6320 6447 6381 3 6320 6381 6380 3 6321 6488 6353 3 6322 6324 6355 3 6322 6355 6528 3 6323 6358 6325 3 6323 6356 6358 3 6323 6386 6356 3 6323 6353 6386 3 6324 6439 6357 3 6324 6357 6355 3 6325 6358 6326 3 6326 6358 6392 3 6326 6392 6360 3 6327 6656 6647 3 6327 6616 6656 3 6327 6620 6616 3 6327 6561 6620 3 6327 6612 6561 3 6327 6517 6612 3 6327 6647 6517 3 6328 6363 6361 3 6328 6331 6363 3 6329 6362 6330 3 6329 6360 6362 3 6330 6364 6365 3 6330 6362 6364 3 6331 6366 6363 3 6332 6365 6367 3 6332 6367 6368 3 6333 6394 6366 3 6333 6375 6394 3 6333 6335 6375 3 6334 6572 6537 3 6334 6537 6504 3 6334 6504 6506 3 6334 6657 6572 3 6334 6543 6657 3 6334 6506 6543 3 6335 6370 6375 3 6336 6545 6535 3 6338 6344 6374 3 6338 6339 6344 3 6340 6376 6403 3 6341 6377 6342 3 6342 6377 6343 3 6343 6378 6344 3 6343 6405 6378 3 6343 6377 6405 3 6344 6378 6374 3 6345 6346 6379 3 6345 6379 6383 3 6345 6383 6348 3 6346 6380 6379 3 6347 6364 6425 3 6347 6365 6364 3 6347 6367 6365 3 6347 6395 6367 3 6347 6428 6395 3 6347 6425 6468 3 6347 6468 6428 3 6348 6383 6382 3 6348 6382 6352 3 6349 6624 6589 3 6349 6589 6590 3 6349 6590 6626 3 6349 6626 6631 3 6349 6630 6624 3 6349 6631 6630 3 6350 6528 6625 3 6350 6625 6385 3 6352 6382 6411 3 6352 6411 6387 3 6352 6387 6488 3 6353 6488 6387 3 6353 6387 6386 3 6354 6614 6621 3 6354 6605 6608 3 6354 6608 6611 3 6354 6611 6614 3 6355 6389 6528 3 6355 6390 6389 3 6355 6357 6390 3 6356 6386 6416 3 6356 6416 6587 3 6356 6587 6358 3 6357 6391 6390 3 6357 6359 6391 3 6357 6439 6359 3 6358 6587 6392 3 6359 6439 6660 3 6359 6575 6391 3 6359 6421 6575 3 6359 6660 6421 3 6360 6392 6610 3 6360 6610 6393 3 6360 6393 6362 3 6361 6422 6660 3 6362 6393 6364 3 6363 6366 6618 3 6364 6393 6423 3 6364 6423 6425 3 6366 6394 6618 3 6367 6395 6368 3 6368 6397 6369 3 6368 6395 6397 3 6369 6371 6409 3 6369 6398 6371 3 6369 6397 6398 3 6370 6404 6375 3 6371 6372 6659 3 6371 6659 6409 3 6371 6400 6372 3 6371 6398 6400 3 6372 6401 6373 3 6372 6400 6401 3 6373 6376 6388 3 6373 6402 6376 3 6373 6401 6402 3 6374 6440 6445 3 6374 6399 6440 3 6374 6378 6399 3 6375 6429 6394 3 6375 6404 6431 3 6375 6431 6429 3 6376 6402 6403 3 6377 6444 6405 3 6377 6443 6444 3 6378 6405 6399 3 6379 6448 6383 3 6379 6406 6448 3 6379 6380 6406 3 6381 6447 6573 3 6382 6450 6411 3 6382 6408 6450 3 6382 6383 6408 3 6383 6448 6408 3 6384 6555 6557 3 6386 6387 6415 3 6386 6415 6416 3 6387 6413 6415 3 6387 6411 6413 3 6389 6625 6528 3 6389 6390 6414 3 6390 6417 6414 3 6390 6391 6417 3 6391 6575 6417 3 6392 6587 6610 3 6394 6426 6618 3 6394 6429 6426 3 6395 6432 6397 3 6395 6430 6432 3 6395 6428 6430 3 6397 6432 6398 3 6398 6433 6400 3 6398 6432 6433 3 6399 6405 6547 3 6399 6547 6479 3 6399 6479 6440 3 6400 6436 6401 3 6400 6433 6436 3 6401 6437 6402 3 6401 6436 6437 3 6402 6441 6403 3 6402 6437 6441 3 6403 6441 6442 3 6404 6445 6435 3 6404 6435 6431 3 6405 6444 6547 3 6406 6446 6448 3 6408 6486 6450 3 6409 6643 6645 3 6409 6659 6643 3 6410 6524 6492 3 6410 6492 6493 3 6410 6529 6560 3 6410 6493 6529 3 6411 6450 6413 3 6412 6449 6573 3 6412 6451 6449 3 6412 6452 6451 3 6413 6454 6415 3 6414 6455 6453 3 6414 6417 6455 3 6415 6601 6416 3 6415 6454 6601 3 6416 6457 6587 3 6416 6601 6457 3 6417 6456 6455 3 6417 6458 6456 3 6417 6575 6458 3 6418 6608 6642 3 6418 6651 6608 3 6418 6526 6651 3 6418 6642 6638 3 6418 6585 6526 3 6418 6638 6585 3 6419 6628 6534 3 6421 6660 6422 3 6421 6460 6575 3 6421 6463 6460 3 6421 6422 6463 3 6422 6465 6463 3 6423 6466 6425 3 6424 6467 6465 3 6424 6618 6426 3 6424 6426 6467 3 6425 6466 6468 3 6426 6429 6469 3 6426 6469 6467 3 6427 6434 6490 3 6427 6490 6519 3 6427 6519 6522 3 6427 6569 6434 3 6428 6470 6430 3 6428 6468 6470 3 6429 6431 6471 3 6429 6471 6469 3 6430 6473 6432 3 6430 6472 6473 3 6430 6470 6472 3 6432 6473 6433 3 6433 6474 6436 3 6433 6473 6474 3 6434 6559 6644 3 6434 6593 6559 3 6434 6569 6593 3 6435 6445 6476 3 6436 6477 6437 3 6436 6474 6477 3 6437 6438 6441 3 6437 6477 6438 3 6438 6514 6441 3 6438 6477 6500 3 6438 6500 6514 3 6440 6479 6475 3 6440 6475 6445 3 6441 6480 6442 3 6441 6514 6480 3 6442 6480 6443 3 6443 6480 6481 3 6443 6481 6444 3 6444 6481 6482 3 6445 6475 6476 3 6446 6484 6483 3 6449 6489 6485 3 6449 6451 6489 3 6450 6486 6490 3 6451 6524 6489 3 6451 6492 6524 3 6451 6452 6492 3 6452 6453 6492 3 6453 6493 6492 3 6453 6455 6493 3 6454 6644 6601 3 6455 6456 6493 3 6456 6494 6493 3 6456 6497 6494 3 6456 6458 6497 3 6457 6459 6587 3 6457 6495 6459 3 6457 6601 6495 3 6458 6575 6460 3 6458 6498 6497 3 6458 6460 6498 3 6459 6610 6587 3 6459 6495 6499 3 6460 6461 6498 3 6460 6463 6461 3 6461 6463 6538 3 6461 6538 6508 3 6461 6508 6464 3 6461 6464 6498 3 6462 6508 6538 3 6462 6538 6537 3 6462 6571 6508 3 6462 6572 6571 3 6462 6537 6572 3 6463 6465 6538 3 6464 6531 6498 3 6464 6563 6531 3 6464 6567 6563 3 6464 6508 6567 3 6465 6467 6538 3 6466 6502 6468 3 6466 6501 6502 3 6467 6469 6504 3 6467 6504 6537 3 6467 6537 6538 3 6468 6503 6470 3 6468 6502 6503 3 6469 6506 6504 3 6469 6471 6506 3 6470 6505 6472 3 6470 6503 6505 3 6472 6509 6473 3 6472 6507 6509 3 6472 6505 6507 3 6473 6509 6474 3 6474 6511 6477 3 6474 6510 6511 3 6474 6509 6510 3 6475 6513 6476 3 6475 6512 6513 3 6475 6479 6512 3 6476 6513 6648 3 6477 6511 6500 3 6478 6479 6547 3 6478 6512 6479 3 6478 6518 6512 3 6480 6516 6481 3 6480 6515 6516 3 6480 6514 6515 3 6481 6516 6482 3 6482 6552 6553 3 6482 6516 6552 3 6483 6521 6520 3 6483 6484 6521 3 6486 6519 6490 3 6491 6548 6578 3 6491 6551 6548 3 6491 6583 6551 3 6491 6622 6583 3 6491 6619 6622 3 6491 6578 6619 3 6493 6494 6529 3 6494 6497 6531 3 6494 6531 6530 3 6494 6530 6529 3 6495 6601 6496 3 6495 6496 6532 3 6495 6532 6499 3 6496 6601 6644 3 6496 6644 6523 3 6496 6523 6532 3 6497 6498 6531 3 6499 6533 6501 3 6499 6532 6533 3 6500 6511 6546 3 6500 6546 6578 3 6500 6548 6514 3 6500 6578 6548 3 6501 6536 6502 3 6501 6533 6565 3 6501 6565 6536 3 6505 6541 6507 3 6507 6541 6542 3 6507 6542 6509 3 6508 6571 6567 3 6509 6542 6510 3 6510 6542 6544 3 6510 6544 6511 3 6511 6544 6546 3 6512 6550 6513 3 6512 6518 6550 3 6513 6550 6648 3 6514 6548 6515 3 6515 6548 6551 3 6515 6551 6516 3 6516 6551 6552 3 6517 6606 6609 3 6517 6609 6612 3 6518 6580 6550 3 6518 6553 6580 3 6519 6520 6522 3 6523 6562 6532 3 6523 6644 6559 3 6523 6596 6562 3 6523 6559 6596 3 6525 6627 6593 3 6525 6593 6569 3 6525 6569 6623 3 6525 6634 6627 3 6525 6629 6634 3 6525 6623 6629 3 6526 6654 6651 3 6526 6653 6654 3 6526 6585 6556 3 6526 6556 6649 3 6526 6649 6653 3 6529 6530 6560 3 6530 6598 6560 3 6530 6563 6598 3 6530 6531 6563 3 6532 6562 6533 3 6533 6562 6565 3 6536 6565 6568 3 6539 6578 6546 3 6539 6546 6544 3 6539 6544 6576 3 6539 6619 6578 3 6539 6576 6614 3 6539 6614 6615 3 6539 6615 6619 3 6541 6621 6542 3 6542 6576 6544 3 6542 6621 6576 3 6550 6580 6581 3 6551 6583 6552 3 6552 6583 6553 3 6553 6583 6580 3 6554 6586 6584 3 6554 6558 6586 3 6556 6639 6636 3 6556 6636 6640 3 6556 6585 6639 3 6556 6640 6646 3 6556 6646 6649 3 6558 6591 6590 3 6558 6590 6586 3 6559 6593 6596 3 6560 6597 6594 3 6560 6598 6597 3 6561 6612 6617 3 6561 6617 6581 3 6561 6579 6620 3 6561 6580 6579 3 6561 6581 6580 3 6562 6566 6565 3 6562 6596 6566 3 6563 6602 6598 3 6563 6567 6602 3 6565 6566 6568 3 6566 6603 6568 3 6566 6633 6603 3 6566 6627 6633 3 6566 6596 6627 3 6567 6571 6604 3 6567 6604 6602 3 6568 6603 6605 3 6569 6588 6623 3 6571 6607 6604 3 6571 6572 6607 3 6572 6613 6607 3 6572 6657 6613 3 6576 6621 6614 3 6579 6580 6583 3 6579 6583 6622 3 6579 6622 6620 3 6584 6586 6589 3 6584 6589 6588 3 6585 6638 6635 3 6585 6635 6639 3 6586 6590 6589 3 6588 6624 6623 3 6588 6589 6624 3 6590 6591 6626 3 6591 6594 6626 3 6593 6627 6596 3 6594 6597 6632 3 6594 6632 6626 3 6597 6637 6632 3 6597 6600 6637 3 6597 6598 6600 3 6598 6602 6600 3 6600 6602 6641 3 6602 6604 6641 3 6603 6633 6642 3 6603 6642 6605 3 6604 6606 6641 3 6604 6607 6606 3 6605 6642 6608 3 6606 6607 6609 3 6607 6613 6609 3 6608 6651 6611 3 6609 6613 6617 3 6609 6617 6612 3 6611 6615 6614 3 6611 6654 6615 3 6611 6651 6654 3 6613 6657 6617 3 6615 6655 6619 3 6615 6654 6655 3 6616 6655 6656 3 6616 6619 6655 3 6616 6622 6619 3 6616 6620 6622 3 6623 6624 6629 3 6624 6630 6629 3 6626 6632 6636 3 6626 6636 6631 3 6627 6634 6633 3 6629 6630 6635 3 6629 6635 6634 3 6630 6639 6635 3 6630 6631 6639 3 6631 6636 6639 3 6632 6637 6636 3 6633 6634 6638 3 6633 6638 6642 3 6634 6635 6638 3 6636 6637 6640 3 6647 6653 6649 3 6647 6656 6653 3 6653 6656 6654 3 6654 6656 6655 
4833 1208 3 6662 7013 6665 3 6662 6665 6666 3 6662 6666 6692 3 6662 6717 6943 3 6662 6943 7013 3 6662 6690 6717 3 6662 6692 6690 3 6663 7133 7183 3 6663 7183 6667 3 6663 6667 6880 3 6663 6880 6691 3 6663 6691 7133 3 6664 7013 6688 3 6664 6688 6880 3 6664 6880 6667 3 6664 6667 6679 3 6664 6679 6665 3 6664 6665 7013 3 6665 6679 6666 3 6666 6679 6668 3 6666 6668 6692 3 6667 7183 6689 3 6667 6689 6679 3 6668 6803 6692 3 6668 7256 6803 3 6668 6673 7256 3 6668 6679 6673 3 6669 6947 6946 3 6669 6946 7009 3 6669 6983 6947 3 6669 7009 7048 3 6669 7049 6983 3 6669 7048 7049 3 6670 7033 7128 3 6670 7128 6917 3 6670 7175 7033 3 6670 6917 7190 3 6670 7190 7194 3 6670 7194 7175 3 6671 6697 6675 3 6671 6675 7183 3 6671 7183 7133 3 6671 7133 6695 3 6671 6695 6697 3 6672 6677 7180 3 6672 6696 6677 3 6672 6723 6696 3 6672 6726 6723 3 6672 6702 6726 3 6672 7180 6702 3 6673 6679 7141 3 6673 7141 6681 3 6673 6681 6677 3 6673 6677 7256 3 6674 7223 7263 3 6674 7187 7223 3 6674 7156 7187 3 6674 7254 7156 3 6674 7149 7254 3 6674 7263 7149 3 6675 6697 6699 3 6675 6678 6676 3 6675 6676 7183 3 6675 6699 6678 3 6676 6678 7151 3 6676 6942 7183 3 6676 7151 6942 3 6677 6696 7256 3 6677 6681 7180 3 6678 6699 6704 3 6678 6704 6682 3 6678 6682 7151 3 6679 6942 7141 3 6679 6689 6942 3 6680 7212 7123 3 6680 6732 7212 3 6680 7252 6732 3 6680 7255 7252 3 6680 7253 7255 3 6680 7123 7253 3 6681 7141 6684 3 6681 6684 6685 3 6681 6685 7180 3 6682 6704 6705 3 6682 6705 7234 3 6682 7234 7151 3 6683 7019 7056 3 6683 7060 7019 3 6683 7056 7096 3 6683 7250 7060 3 6683 7040 7250 3 6683 7096 7040 3 6684 7151 7234 3 6684 7141 7151 3 6684 7234 6686 3 6684 6686 6685 3 6685 6686 6706 3 6685 6706 6707 3 6685 6707 7180 3 6686 7234 7025 3 6686 7025 6710 3 6686 6710 6706 3 6687 6880 6688 3 6687 6691 6880 3 6687 6713 6691 3 6687 6714 6713 3 6687 6688 6714 3 6688 6715 6714 3 6688 7013 6715 3 6689 7183 6942 3 6690 6741 6717 3 6690 6692 6803 3 6690 6803 6990 3 6690 6990 6743 3 6690 6743 6741 3 6691 7026 7133 3 6691 6716 7026 3 6691 6713 6716 3 6693 7140 6731 3 6693 6731 6756 3 6693 6756 6815 3 6693 6815 6760 3 6693 6760 6734 3 6693 6734 7140 3 6694 6803 6696 3 6694 7161 6803 3 6694 6696 6723 3 6694 6723 7093 3 6694 7093 7161 3 6695 6719 6721 3 6695 7026 6719 3 6695 7133 7026 3 6695 6721 6722 3 6695 6722 6697 3 6696 6803 7256 3 6697 6725 6698 3 6697 6698 6699 3 6697 6722 6725 3 6698 6725 6795 3 6698 6795 6700 3 6698 6700 6699 3 6699 6700 6703 3 6699 6703 6704 3 6700 6795 6753 3 6700 6753 6703 3 6701 6739 6764 3 6701 6742 6739 3 6701 6769 6742 3 6701 6794 6769 3 6701 6791 6794 3 6701 6764 6791 3 6702 6728 6726 3 6702 7180 6707 3 6702 6707 6729 3 6702 6729 6728 3 6703 6753 6755 3 6703 6755 7205 3 6703 7205 6708 3 6703 6708 6704 3 6704 6708 6705 3 6705 6708 6731 3 6705 6731 7140 3 6705 7140 7234 3 6706 6710 6711 3 6706 6711 6707 3 6707 6711 7002 3 6707 7002 6729 3 6708 7205 6731 3 6709 6741 6743 3 6709 6767 6741 3 6709 6793 6767 3 6709 6743 7198 3 6709 7198 6830 3 6709 6830 6793 3 6710 6712 6733 3 6710 7025 6712 3 6710 6733 6711 3 6711 7258 7002 3 6711 6733 7258 3 6712 7025 7140 3 6712 7140 6735 3 6712 6735 6733 3 6713 6739 6716 3 6713 6714 6736 3 6713 6736 6739 3 6714 6715 6737 3 6714 6737 6736 3 6715 7013 6943 3 6715 6943 6738 3 6715 6738 6737 3 6716 6856 7026 3 6716 6742 6856 3 6716 6739 6742 3 6717 6740 6943 3 6717 6741 6740 3 6718 7028 6967 3 6718 6967 6969 3 6718 7071 7028 3 6718 6969 7224 3 6718 7030 7071 3 6718 7224 7030 3 6719 7026 6856 3 6719 6856 6745 3 6719 6745 6746 3 6719 6746 6721 3 6720 7050 7088 3 6720 7153 7050 3 6720 7084 7153 3 6720 7124 7084 3 6720 7088 7159 3 6720 7159 7124 3 6721 6749 6722 3 6721 6746 6749 3 6722 6750 6725 3 6722 6749 6750 3 6723 6726 6751 3 6723 6751 6724 3 6723 6724 7093 3 6724 6774 7093 3 6724 7267 6774 3 6724 6751 7267 3 6725 6750 6795 3 6726 6728 6751 3 6727 6752 6779 3 6727 6909 6752 3 6727 6844 6909 3 6727 6779 7176 3 6727 7176 6844 3 6728 6752 6751 3 6728 6729 6754 3 6728 6754 6752 3 6729 7002 6754 3 6730 6986 6987 3 6730 7012 6986 3 6730 7052 7012 3 6730 7090 7052 3 6730 6987 7179 3 6730 7179 7055 3 6730 7091 7090 3 6730 7055 7091 3 6731 7205 6756 3 6732 7252 7246 3 6732 7246 7243 3 6732 7243 7206 3 6732 7206 7247 3 6732 7247 7212 3 6733 7201 7258 3 6733 6758 7201 3 6733 6735 6758 3 6734 6735 7140 3 6734 6785 6735 3 6734 6760 6785 3 6735 6785 6758 3 6736 6765 6739 3 6736 6762 6765 3 6736 6737 6762 3 6737 6738 6762 3 6738 6943 6957 3 6738 6763 6762 3 6738 6957 6763 3 6739 6765 6764 3 6740 6792 6957 3 6740 6957 6943 3 6740 6741 6767 3 6740 6767 6792 3 6742 6769 6856 3 6743 7163 7198 3 6743 6990 7163 3 6744 6822 6858 3 6744 6821 6822 3 6744 6857 6821 3 6744 6858 6890 3 6744 6893 6857 3 6744 6890 6923 3 6744 6923 6893 3 6745 6771 6746 3 6745 6769 6771 3 6745 6856 6769 3 6746 6748 6749 3 6746 6897 6748 3 6746 6771 6897 3 6747 7127 7090 3 6747 7090 7091 3 6747 7160 7127 3 6747 7091 7095 3 6747 7095 7130 3 6747 7164 7160 3 6747 7130 7164 3 6748 6897 7264 3 6748 7264 6773 3 6748 6773 6749 3 6749 6773 6750 3 6750 6773 6775 3 6750 6775 6776 3 6750 6776 6795 3 6751 6909 7267 3 6751 6752 6909 3 6752 6754 6779 3 6753 6795 6777 3 6753 6777 6778 3 6753 6778 6755 3 6754 7002 6757 3 6754 6781 6779 3 6754 6757 6781 3 6755 6778 6925 3 6755 6925 7205 3 6756 7205 6925 3 6756 6925 6782 3 6756 6782 6815 3 6757 7002 7258 3 6757 6812 6781 3 6757 6783 6812 3 6757 7258 6783 3 6758 6785 6786 3 6758 6786 7201 3 6759 6937 6889 3 6759 6889 6921 3 6759 6972 6937 3 6759 6939 6972 3 6759 6921 6939 3 6760 6784 6785 3 6760 6816 6784 3 6760 6815 6816 3 6761 6813 6944 3 6761 6944 6980 3 6761 7010 6976 3 6761 6976 6813 3 6761 7051 7010 3 6761 6980 7051 3 6762 6763 7170 3 6762 7170 6789 3 6762 6789 6765 3 6763 6957 6790 3 6763 6790 7170 3 6764 6765 6772 3 6764 6772 6791 3 6765 6789 6772 3 6766 7161 7093 3 6766 7163 7161 3 6766 6801 7163 3 6766 7093 6774 3 6766 6802 6801 3 6766 6774 6802 3 6767 6793 6792 3 6768 6865 6866 3 6768 6900 6865 3 6768 6866 6927 3 6768 6927 6959 3 6768 6959 6929 3 6768 6929 6900 3 6769 6794 6796 3 6769 6796 6798 3 6769 6798 6771 3 6770 7147 6878 3 6770 7174 7211 3 6770 6878 7174 3 6770 7211 6960 3 6770 6960 7227 3 6770 7227 7147 3 6771 6798 6897 3 6772 6824 6791 3 6772 6821 6824 3 6772 6789 6821 3 6773 7264 6804 3 6773 6804 6775 3 6774 7267 6838 3 6774 6838 6802 3 6775 6804 7155 3 6775 7155 6776 3 6776 7155 6806 3 6776 6806 6777 3 6776 6777 6795 3 6777 6806 6808 3 6777 6808 6778 3 6778 6808 6809 3 6778 6809 6925 3 6779 6810 7176 3 6779 6781 6810 3 6780 7054 7052 3 6780 7014 7054 3 6780 7092 7014 3 6780 7125 7092 3 6780 7052 7089 3 6780 7126 7125 3 6780 7089 7126 3 6781 6812 6810 3 6782 6925 6811 3 6782 6811 6814 3 6782 6814 6815 3 6783 7258 7201 3 6783 7201 6817 3 6783 6817 6812 3 6784 6816 6818 3 6784 6818 6819 3 6784 6819 6785 3 6785 6819 6786 3 6786 6820 7201 3 6786 6819 6820 3 6787 7164 7130 3 6787 7130 7016 3 6787 7016 7166 3 6787 7197 7164 3 6787 7200 7197 3 6787 7166 7200 3 6788 7251 6876 3 6788 6876 6938 3 6788 6938 6974 3 6788 6974 6975 3 6788 6975 7015 3 6788 7015 7251 3 6789 6822 6821 3 6789 7170 6822 3 6790 6957 6792 3 6790 6823 7170 3 6790 6825 6823 3 6790 6792 6825 3 6791 6824 6828 3 6791 6828 6794 3 6792 6826 6825 3 6792 6793 6826 3 6793 6830 6829 3 6793 6829 6826 3 6794 6828 6827 3 6794 6827 6796 3 6796 6827 6833 3 6796 6833 6798 3 6797 7112 7077 3 6797 7077 7037 3 6797 7037 7041 3 6797 7041 7082 3 6797 7082 7254 3 6797 7254 7149 3 6797 7149 7112 3 6798 6833 6832 3 6798 6832 6834 3 6798 6834 6897 3 6799 7198 7163 3 6799 7163 6801 3 6799 6801 7188 3 6799 7188 6831 3 6799 6831 7198 3 6800 6830 6831 3 6800 6864 6830 3 6800 6831 6867 3 6800 6899 6864 3 6800 6928 6899 3 6800 6930 6928 3 6800 6901 6930 3 6800 6867 6901 3 6801 6802 6835 3 6801 6835 7188 3 6802 6838 6835 3 6803 7161 6990 3 6804 6842 7155 3 6804 6839 6842 3 6804 7264 6839 3 6805 7058 7018 3 6805 7018 6991 3 6805 6991 7231 3 6805 7231 6995 3 6805 6995 7020 3 6805 7059 7058 3 6805 7020 7059 3 6806 7155 6843 3 6806 6843 6845 3 6806 6845 6808 3 6807 6847 7249 3 6807 6849 6847 3 6807 6882 6849 3 6807 7249 7265 3 6807 7265 6914 3 6807 6914 6882 3 6808 7251 6809 3 6808 6845 7251 3 6809 6811 6925 3 6809 6847 6811 3 6809 7249 6847 3 6809 7251 7249 3 6810 6812 6848 3 6810 6848 6846 3 6810 6846 7176 3 6811 6847 6814 3 6812 6851 6848 3 6812 6817 6851 3 6813 6912 6881 3 6813 6881 6883 3 6813 6883 6944 3 6813 6976 6912 3 6814 6847 6849 3 6814 6850 6815 3 6814 6849 6850 3 6815 6850 6816 3 6816 6850 6852 3 6816 6852 6818 3 6817 6855 6851 3 6817 6820 6855 3 6817 7201 6820 3 6818 6853 6819 3 6818 6886 6853 3 6818 6852 6886 3 6819 6854 6820 3 6819 6853 6854 3 6820 6854 6855 3 6821 6857 6824 3 6822 7170 6823 3 6822 6823 6858 3 6823 6825 6859 3 6823 6859 6858 3 6824 6857 6860 3 6824 6860 6828 3 6825 6826 6861 3 6825 6861 6859 3 6826 6829 6862 3 6826 6862 6861 3 6827 6828 6863 3 6827 6863 6866 3 6827 6866 6833 3 6828 6860 6863 3 6829 6830 6864 3 6829 6864 6862 3 6830 7198 6831 3 6831 7188 6867 3 6832 6868 6834 3 6832 6865 6868 3 6832 6833 6865 3 6833 6866 6865 3 6834 6836 6897 3 6834 6870 6836 3 6834 6868 6870 3 6835 6871 6869 3 6835 6869 7188 3 6835 6838 6871 3 6836 7264 6897 3 6836 6872 7264 3 6836 6870 6872 3 6837 7072 7029 3 6837 7029 6999 3 6837 6999 7216 3 6837 7107 7072 3 6837 7216 7065 3 6837 7065 7105 3 6837 7105 7107 3 6838 6873 6871 3 6838 6840 6873 3 6838 7267 6840 3 6839 7264 6872 3 6839 6872 6874 3 6839 6874 6842 3 6840 7267 6909 3 6840 6909 6841 3 6840 6841 6889 3 6840 6889 6873 3 6841 6909 6844 3 6841 6844 6921 3 6841 6921 6889 3 6842 6874 6875 3 6842 6875 6843 3 6842 6843 7155 3 6843 6875 6876 3 6843 6876 6845 3 6844 7176 6877 3 6844 6877 6921 3 6845 6876 7251 3 6846 6879 7176 3 6846 6881 6879 3 6846 6848 6881 3 6848 6883 6881 3 6848 6851 6883 3 6849 6882 6850 3 6850 6882 6884 3 6850 6884 6852 3 6851 6945 6883 3 6851 6888 6945 3 6851 6855 6888 3 6852 6885 6886 3 6852 6884 6885 3 6853 7146 6854 3 6853 6918 7146 3 6853 6886 6918 3 6854 6887 6855 3 6854 7146 6887 3 6855 6887 6888 3 6857 6893 6892 3 6857 6892 6860 3 6858 6859 6891 3 6858 6891 6890 3 6859 6861 6894 3 6859 6894 6891 3 6860 6892 6895 3 6860 6895 6863 3 6861 6862 6896 3 6861 6896 6894 3 6862 6864 6898 3 6862 6898 6896 3 6863 6895 6927 3 6863 6927 6866 3 6864 6899 6898 3 6865 6900 6868 3 6867 7188 6869 3 6867 6869 6901 3 6868 6900 6931 3 6868 6931 6903 3 6868 6903 6870 3 6869 6902 6901 3 6869 6871 6902 3 6870 6903 6905 3 6870 6905 6872 3 6871 6873 6907 3 6871 6907 6904 3 6871 6904 6902 3 6872 6905 6906 3 6872 6906 6874 3 6873 6889 6907 3 6874 6906 6908 3 6874 6908 6875 3 6875 6908 6910 3 6875 6910 6876 3 6876 6910 6938 3 6877 6911 6921 3 6877 6879 6911 3 6877 7176 6879 3 6878 7111 7109 3 6878 7109 7108 3 6878 7108 7142 3 6878 7147 7111 3 6878 7142 7174 3 6879 6912 6911 3 6879 6881 6912 3 6882 6914 6994 3 6882 6994 6884 3 6883 6945 6944 3 6884 6915 6885 3 6884 6994 6915 3 6885 6916 6886 3 6885 6915 6916 3 6886 6916 6918 3 6887 6920 6888 3 6887 6919 6920 3 6887 7146 6919 3 6888 6920 6945 3 6889 6937 6907 3 6890 6891 6926 3 6890 6926 6952 3 6890 6952 6923 3 6891 6894 7053 3 6891 7053 6926 3 6892 6893 6922 3 6892 6922 6924 3 6892 6924 6895 3 6893 6923 6922 3 6894 6896 6956 3 6894 6956 6913 3 6894 6913 7053 3 6895 6924 7094 3 6895 7094 6927 3 6896 6898 6956 3 6898 6899 7134 3 6898 7134 6956 3 6899 6928 7134 3 6900 6929 6931 3 6901 6902 7045 3 6901 7045 6930 3 6902 6904 7266 3 6902 7266 7045 3 6903 6931 6932 3 6903 6932 6966 3 6903 6966 6905 3 6904 6967 7266 3 6904 6934 6967 3 6904 6907 6934 3 6905 6966 6935 3 6905 6935 6906 3 6906 6935 6936 3 6906 6936 6908 3 6907 6937 6934 3 6908 6971 6910 3 6908 6936 6971 3 6910 6971 6938 3 6911 6939 6921 3 6911 6941 6939 3 6911 6912 6941 3 6912 6976 6941 3 6913 7179 7053 3 6913 6956 6991 3 6913 6991 7018 3 6913 7018 7179 3 6914 6979 6994 3 6914 6978 6979 3 6914 7265 6978 3 6915 6946 6916 3 6915 6982 6946 3 6915 6994 6982 3 6916 6947 6918 3 6916 6946 6947 3 6917 7128 7126 3 6917 7126 7127 3 6917 7127 7160 3 6917 7160 7190 3 6918 6948 7146 3 6918 6947 6948 3 6919 6949 6920 3 6919 6948 6949 3 6919 7146 6948 3 6920 6950 6945 3 6920 6949 6950 3 6922 6954 6924 3 6922 6951 6954 3 6922 6923 6951 3 6923 6952 6951 3 6924 6958 7094 3 6924 6954 6958 3 6926 6986 6952 3 6926 7053 6987 3 6926 6987 6986 3 6927 7094 6959 3 6928 6930 6961 3 6928 6961 7134 3 6929 6964 6931 3 6929 6962 6964 3 6929 6992 6962 3 6929 6959 6992 3 6930 7045 6963 3 6930 6963 6961 3 6931 6964 6932 3 6932 6964 6998 3 6932 6998 6966 3 6933 7262 7253 3 6933 7222 7262 3 6933 7226 7222 3 6933 7167 7226 3 6933 7218 7167 3 6933 7123 7218 3 6933 7253 7123 3 6934 6969 6967 3 6934 6937 6969 3 6935 6968 6936 3 6935 6966 6968 3 6936 6970 6971 3 6936 6968 6970 3 6937 6972 6969 3 6938 6971 6973 3 6938 6973 6974 3 6939 7000 6972 3 6939 6981 7000 3 6939 6941 6981 3 6940 7178 7143 3 6940 7143 7110 3 6940 7110 7112 3 6940 7263 7178 3 6940 7149 7263 3 6940 7112 7149 3 6941 6976 6981 3 6942 7151 7141 3 6944 6950 6980 3 6944 6945 6950 3 6946 6982 7009 3 6947 6983 6948 3 6948 6983 6949 3 6949 6984 6950 3 6949 7011 6984 3 6949 6983 7011 3 6950 6984 6980 3 6951 6952 6985 3 6951 6985 6989 3 6951 6989 6954 3 6952 6986 6985 3 6953 6970 7031 3 6953 6971 6970 3 6953 6973 6971 3 6953 7001 6973 3 6953 7034 7001 3 6953 7031 7074 3 6953 7074 7034 3 6954 6989 6988 3 6954 6988 6958 3 6955 7230 7195 3 6955 7195 7196 3 6955 7196 7232 3 6955 7232 7237 3 6955 7236 7230 3 6955 7237 7236 3 6956 7134 7231 3 6956 7231 6991 3 6958 6988 7017 3 6958 7017 6993 3 6958 6993 7094 3 6959 7094 6993 3 6959 6993 6992 3 6960 7220 7227 3 6960 7211 7214 3 6960 7214 7217 3 6960 7217 7220 3 6961 6995 7134 3 6961 6996 6995 3 6961 6963 6996 3 6962 6992 7022 3 6962 7022 7193 3 6962 7193 6964 3 6963 6997 6996 3 6963 6965 6997 3 6963 7045 6965 3 6964 7193 6998 3 6965 7045 7266 3 6965 7181 6997 3 6965 7027 7181 3 6965 7266 7027 3 6966 6998 7216 3 6966 7216 6999 3 6966 6999 6968 3 6967 7028 7266 3 6968 6999 6970 3 6969 6972 7224 3 6970 6999 7029 3 6970 7029 7031 3 6972 7000 7224 3 6973 7001 6974 3 6974 7003 6975 3 6974 7001 7003 3 6975 6977 7015 3 6975 7004 6977 3 6975 7003 7004 3 6976 7010 6981 3 6977 6978 7265 3 6977 7265 7015 3 6977 7006 6978 3 6977 7004 7006 3 6978 7007 6979 3 6978 7006 7007 3 6979 6982 6994 3 6979 7008 6982 3 6979 7007 7008 3 6980 7046 7051 3 6980 7005 7046 3 6980 6984 7005 3 6981 7035 7000 3 6981 7010 7037 3 6981 7037 7035 3 6982 7008 7009 3 6983 7050 7011 3 6983 7049 7050 3 6984 7011 7005 3 6985 7054 6989 3 6985 7012 7054 3 6985 6986 7012 3 6987 7053 7179 3 6988 7056 7017 3 6988 7014 7056 3 6988 6989 7014 3 6989 7054 7014 3 6990 7161 7163 3 6992 6993 7021 3 6992 7021 7022 3 6993 7019 7021 3 6993 7017 7019 3 6995 7231 7134 3 6995 6996 7020 3 6996 7023 7020 3 6996 6997 7023 3 6997 7181 7023 3 6998 7193 7216 3 7000 7032 7224 3 7000 7035 7032 3 7001 7038 7003 3 7001 7036 7038 3 7001 7034 7036 3 7003 7038 7004 3 7004 7039 7006 3 7004 7038 7039 3 7005 7011 7153 3 7005 7153 7085 3 7005 7085 7046 3 7006 7042 7007 3 7006 7039 7042 3 7007 7043 7008 3 7007 7042 7043 3 7008 7047 7009 3 7008 7043 7047 3 7009 7047 7048 3 7010 7051 7041 3 7010 7041 7037 3 7011 7050 7153 3 7012 7052 7054 3 7014 7092 7056 3 7015 7249 7251 3 7015 7265 7249 3 7016 7130 7098 3 7016 7098 7099 3 7016 7135 7166 3 7016 7099 7135 3 7017 7056 7019 3 7018 7055 7179 3 7018 7057 7055 3 7018 7058 7057 3 7019 7060 7021 3 7020 7061 7059 3 7020 7023 7061 3 7021 7207 7022 3 7021 7060 7207 3 7022 7063 7193 3 7022 7207 7063 3 7023 7062 7061 3 7023 7064 7062 3 7023 7181 7064 3 7024 7214 7248 3 7024 7257 7214 3 7024 7132 7257 3 7024 7248 7244 3 7024 7191 7132 3 7024 7244 7191 3 7025 7234 7140 3 7027 7266 7028 3 7027 7066 7181 3 7027 7069 7066 3 7027 7028 7069 3 7028 7071 7069 3 7029 7072 7031 3 7030 7073 7071 3 7030 7224 7032 3 7030 7032 7073 3 7031 7072 7074 3 7032 7035 7075 3 7032 7075 7073 3 7033 7040 7096 3 7033 7096 7125 3 7033 7125 7128 3 7033 7175 7040 3 7034 7076 7036 3 7034 7074 7076 3 7035 7037 7077 3 7035 7077 7075 3 7036 7079 7038 3 7036 7078 7079 3 7036 7076 7078 3 7038 7079 7039 3 7039 7080 7042 3 7039 7079 7080 3 7040 7165 7250 3 7040 7199 7165 3 7040 7175 7199 3 7041 7051 7082 3 7042 7083 7043 3 7042 7080 7083 3 7043 7044 7047 3 7043 7083 7044 3 7044 7120 7047 3 7044 7083 7106 3 7044 7106 7120 3 7046 7085 7081 3 7046 7081 7051 3 7047 7086 7048 3 7047 7120 7086 3 7048 7086 7049 3 7049 7086 7087 3 7049 7087 7050 3 7050 7087 7088 3 7051 7081 7082 3 7052 7090 7089 3 7055 7095 7091 3 7055 7057 7095 3 7056 7092 7096 3 7057 7130 7095 3 7057 7098 7130 3 7057 7058 7098 3 7058 7059 7098 3 7059 7099 7098 3 7059 7061 7099 3 7060 7250 7207 3 7061 7062 7099 3 7062 7100 7099 3 7062 7103 7100 3 7062 7064 7103 3 7063 7065 7193 3 7063 7101 7065 3 7063 7207 7101 3 7064 7181 7066 3 7064 7104 7103 3 7064 7066 7104 3 7065 7216 7193 3 7065 7101 7105 3 7066 7067 7104 3 7066 7069 7067 3 7067 7069 7144 3 7067 7144 7114 3 7067 7114 7070 3 7067 7070 7104 3 7068 7114 7144 3 7068 7144 7143 3 7068 7177 7114 3 7068 7178 7177 3 7068 7143 7178 3 7069 7071 7144 3 7070 7137 7104 3 7070 7169 7137 3 7070 7173 7169 3 7070 7114 7173 3 7071 7073 7144 3 7072 7108 7074 3 7072 7107 7108 3 7073 7075 7110 3 7073 7110 7143 3 7073 7143 7144 3 7074 7109 7076 3 7074 7108 7109 3 7075 7112 7110 3 7075 7077 7112 3 7076 7111 7078 3 7076 7109 7111 3 7078 7115 7079 3 7078 7113 7115 3 7078 7111 7113 3 7079 7115 7080 3 7080 7117 7083 3 7080 7116 7117 3 7080 7115 7116 3 7081 7119 7082 3 7081 7118 7119 3 7081 7085 7118 3 7082 7119 7254 3 7083 7117 7106 3 7084 7085 7153 3 7084 7118 7085 3 7084 7124 7118 3 7086 7122 7087 3 7086 7121 7122 3 7086 7120 7121 3 7087 7122 7088 3 7088 7158 7159 3 7088 7122 7158 3 7089 7127 7126 3 7089 7090 7127 3 7092 7125 7096 3 7097 7154 7184 3 7097 7157 7154 3 7097 7189 7157 3 7097 7228 7189 3 7097 7225 7228 3 7097 7184 7225 3 7099 7100 7135 3 7100 7103 7137 3 7100 7137 7136 3 7100 7136 7135 3 7101 7207 7102 3 7101 7102 7138 3 7101 7138 7105 3 7102 7207 7250 3 7102 7250 7129 3 7102 7129 7138 3 7103 7104 7137 3 7105 7139 7107 3 7105 7138 7139 3 7106 7117 7152 3 7106 7152 7184 3 7106 7154 7120 3 7106 7184 7154 3 7107 7142 7108 3 7107 7139 7171 3 7107 7171 7142 3 7111 7147 7113 3 7113 7147 7148 3 7113 7148 7115 3 7114 7177 7173 3 7115 7148 7116 3 7116 7148 7150 3 7116 7150 7117 3 7117 7150 7152 3 7118 7156 7119 3 7118 7124 7156 3 7119 7156 7254 3 7120 7154 7121 3 7121 7154 7157 3 7121 7157 7122 3 7122 7157 7158 3 7123 7212 7215 3 7123 7215 7218 3 7124 7186 7156 3 7124 7159 7186 3 7125 7126 7128 3 7129 7168 7138 3 7129 7250 7165 3 7129 7202 7168 3 7129 7165 7202 3 7131 7233 7199 3 7131 7199 7175 3 7131 7175 7229 3 7131 7240 7233 3 7131 7235 7240 3 7131 7229 7235 3 7132 7260 7257 3 7132 7259 7260 3 7132 7191 7162 3 7132 7162 7255 3 7132 7255 7259 3 7135 7136 7166 3 7136 7204 7166 3 7136 7169 7204 3 7136 7137 7169 3 7138 7168 7139 3 7139 7168 7171 3 7142 7171 7174 3 7145 7184 7152 3 7145 7152 7150 3 7145 7150 7182 3 7145 7225 7184 3 7145 7182 7220 3 7145 7220 7221 3 7145 7221 7225 3 7147 7227 7148 3 7148 7182 7150 3 7148 7227 7182 3 7156 7186 7187 3 7157 7189 7158 3 7158 7189 7159 3 7159 7189 7186 3 7160 7192 7190 3 7160 7164 7192 3 7162 7245 7242 3 7162 7242 7246 3 7162 7191 7245 3 7162 7246 7252 3 7162 7252 7255 3 7164 7197 7196 3 7164 7196 7192 3 7165 7199 7202 3 7166 7203 7200 3 7166 7204 7203 3 7167 7218 7223 3 7167 7223 7187 3 7167 7185 7226 3 7167 7186 7185 3 7167 7187 7186 3 7168 7172 7171 3 7168 7202 7172 3 7169 7208 7204 3 7169 7173 7208 3 7171 7172 7174 3 7172 7209 7174 3 7172 7239 7209 3 7172 7233 7239 3 7172 7202 7233 3 7173 7177 7210 3 7173 7210 7208 3 7174 7209 7211 3 7175 7194 7229 3 7177 7213 7210 3 7177 7178 7213 3 7178 7219 7213 3 7178 7263 7219 3 7182 7227 7220 3 7185 7186 7189 3 7185 7189 7228 3 7185 7228 7226 3 7190 7192 7195 3 7190 7195 7194 3 7191 7244 7241 3 7191 7241 7245 3 7192 7196 7195 3 7194 7230 7229 3 7194 7195 7230 3 7196 7197 7232 3 7197 7200 7232 3 7199 7233 7202 3 7200 7203 7238 3 7200 7238 7232 3 7203 7243 7238 3 7203 7206 7243 3 7203 7204 7206 3 7204 7208 7206 3 7206 7208 7247 3 7208 7210 7247 3 7209 7239 7248 3 7209 7248 7211 3 7210 7212 7247 3 7210 7213 7212 3 7211 7248 7214 3 7212 7213 7215 3 7213 7219 7215 3 7214 7257 7217 3 7215 7219 7223 3 7215 7223 7218 3 7217 7221 7220 3 7217 7260 7221 3 7217 7257 7260 3 7219 7263 7223 3 7221 7261 7225 3 7221 7260 7261 3 7222 7261 7262 3 7222 7225 7261 3 7222 7228 7225 3 7222 7226 7228 3 7229 7230 7235 3 7230 7236 7235 3 7232 7238 7242 3 7232 7242 7237 3 7233 7240 7239 3 7235 7236 7241 3 7235 7241 7240 3 7236 7245 7241 3 7236 7237 7245 3 7237 7242 7245 3 7238 7243 7242 3 7239 7240 7244 3 7239 7244 7248 3 7240 7241 7244 3 7242 7243 7246 3 7253 7259 7255 3 7253 7262 7259 3 7259 7262 7260 3 7260 7262 7261 
4833 1208 3 7268 7619 7271 3 7268 7271 7272 3 7268 7272 7298 3 7268 7323 7549 3 7268 7549 7619 3 7268 7296 7323 3 7268 7298 7296 3 7269 7739 7789 3 7269 7789 7273 3 7269 7273 7486 3 7269 7486 7297 3 7269 7297 7739 3 7270 7619 7294 3 7270 7294 7486 3 7270 7486 7273 3 7270 7273 7285 3 7270 7285 7271 3 7270 7271 7619 3 7271 7285 7272 3 7272 7285 7274 3 7272 7274 7298 3 7273 7789 7295 3 7273 7295 7285 3 7274 7409 7298 3 7274 7862 7409 3 7274 7279 7862 3 7274 7285 7279 3 7275 7553 7552 3 7275 7552 7615 3 7275 7589 7553 3 7275 7615 7654 3 7275 7655 7589 3 7275 7654 7655 3 7276 7639 7734 3 7276 7734 7523 3 7276 7781 7639 3 7276 7523 7796 3 7276 7796 7800 3 7276 7800 7781 3 7277 7303 7281 3 7277 7281 7789 3 7277 7789 7739 3 7277 7739 7301 3 7277 7301 7303 3 7278 7283 7786 3 7278 7302 7283 3 7278 7329 7302 3 7278 7332 7329 3 7278 7308 7332 3 7278 7786 7308 3 7279 7285 7747 3 7279 7747 7287 3 7279 7287 7283 3 7279 7283 7862 3 7280 7829 7869 3 7280 7793 7829 3 7280 7762 7793 3 7280 7860 7762 3 7280 7755 7860 3 7280 7869 7755 3 7281 7303 7305 3 7281 7284 7282 3 7281 7282 7789 3 7281 7305 7284 3 7282 7284 7757 3 7282 7548 7789 3 7282 7757 7548 3 7283 7302 7862 3 7283 7287 7786 3 7284 7305 7310 3 7284 7310 7288 3 7284 7288 7757 3 7285 7548 7747 3 7285 7295 7548 3 7286 7818 7729 3 7286 7338 7818 3 7286 7858 7338 3 7286 7861 7858 3 7286 7859 7861 3 7286 7729 7859 3 7287 7747 7290 3 7287 7290 7291 3 7287 7291 7786 3 7288 7310 7311 3 7288 7311 7840 3 7288 7840 7757 3 7289 7625 7662 3 7289 7666 7625 3 7289 7662 7702 3 7289 7856 7666 3 7289 7646 7856 3 7289 7702 7646 3 7290 7757 7840 3 7290 7747 7757 3 7290 7840 7292 3 7290 7292 7291 3 7291 7292 7312 3 7291 7312 7313 3 7291 7313 7786 3 7292 7840 7631 3 7292 7631 7316 3 7292 7316 7312 3 7293 7486 7294 3 7293 7297 7486 3 7293 7319 7297 3 7293 7320 7319 3 7293 7294 7320 3 7294 7321 7320 3 7294 7619 7321 3 7295 7789 7548 3 7296 7347 7323 3 7296 7298 7409 3 7296 7409 7596 3 7296 7596 7349 3 7296 7349 7347 3 7297 7632 7739 3 7297 7322 7632 3 7297 7319 7322 3 7299 7746 7337 3 7299 7337 7362 3 7299 7362 7421 3 7299 7421 7366 3 7299 7366 7340 3 7299 7340 7746 3 7300 7409 7302 3 7300 7767 7409 3 7300 7302 7329 3 7300 7329 7699 3 7300 7699 7767 3 7301 7325 7327 3 7301 7632 7325 3 7301 7739 7632 3 7301 7327 7328 3 7301 7328 7303 3 7302 7409 7862 3 7303 7331 7304 3 7303 7304 7305 3 7303 7328 7331 3 7304 7331 7401 3 7304 7401 7306 3 7304 7306 7305 3 7305 7306 7309 3 7305 7309 7310 3 7306 7401 7359 3 7306 7359 7309 3 7307 7345 7370 3 7307 7348 7345 3 7307 7375 7348 3 7307 7400 7375 3 7307 7397 7400 3 7307 7370 7397 3 7308 7334 7332 3 7308 7786 7313 3 7308 7313 7335 3 7308 7335 7334 3 7309 7359 7361 3 7309 7361 7811 3 7309 7811 7314 3 7309 7314 7310 3 7310 7314 7311 3 7311 7314 7337 3 7311 7337 7746 3 7311 7746 7840 3 7312 7316 7317 3 7312 7317 7313 3 7313 7317 7608 3 7313 7608 7335 3 7314 7811 7337 3 7315 7347 7349 3 7315 7373 7347 3 7315 7399 7373 3 7315 7349 7804 3 7315 7804 7436 3 7315 7436 7399 3 7316 7318 7339 3 7316 7631 7318 3 7316 7339 7317 3 7317 7864 7608 3 7317 7339 7864 3 7318 7631 7746 3 7318 7746 7341 3 7318 7341 7339 3 7319 7345 7322 3 7319 7320 7342 3 7319 7342 7345 3 7320 7321 7343 3 7320 7343 7342 3 7321 7619 7549 3 7321 7549 7344 3 7321 7344 7343 3 7322 7462 7632 3 7322 7348 7462 3 7322 7345 7348 3 7323 7346 7549 3 7323 7347 7346 3 7324 7634 7573 3 7324 7573 7575 3 7324 7677 7634 3 7324 7575 7830 3 7324 7636 7677 3 7324 7830 7636 3 7325 7632 7462 3 7325 7462 7351 3 7325 7351 7352 3 7325 7352 7327 3 7326 7656 7694 3 7326 7759 7656 3 7326 7690 7759 3 7326 7730 7690 3 7326 7694 7765 3 7326 7765 7730 3 7327 7355 7328 3 7327 7352 7355 3 7328 7356 7331 3 7328 7355 7356 3 7329 7332 7357 3 7329 7357 7330 3 7329 7330 7699 3 7330 7380 7699 3 7330 7873 7380 3 7330 7357 7873 3 7331 7356 7401 3 7332 7334 7357 3 7333 7358 7385 3 7333 7515 7358 3 7333 7450 7515 3 7333 7385 7782 3 7333 7782 7450 3 7334 7358 7357 3 7334 7335 7360 3 7334 7360 7358 3 7335 7608 7360 3 7336 7592 7593 3 7336 7618 7592 3 7336 7658 7618 3 7336 7696 7658 3 7336 7593 7785 3 7336 7785 7661 3 7336 7697 7696 3 7336 7661 7697 3 7337 7811 7362 3 7338 7858 7852 3 7338 7852 7849 3 7338 7849 7812 3 7338 7812 7853 3 7338 7853 7818 3 7339 7807 7864 3 7339 7364 7807 3 7339 7341 7364 3 7340 7341 7746 3 7340 7391 7341 3 7340 7366 7391 3 7341 7391 7364 3 7342 7371 7345 3 7342 7368 7371 3 7342 7343 7368 3 7343 7344 7368 3 7344 7549 7563 3 7344 7369 7368 3 7344 7563 7369 3 7345 7371 7370 3 7346 7398 7563 3 7346 7563 7549 3 7346 7347 7373 3 7346 7373 7398 3 7348 7375 7462 3 7349 7769 7804 3 7349 7596 7769 3 7350 7428 7464 3 7350 7427 7428 3 7350 7463 7427 3 7350 7464 7496 3 7350 7499 7463 3 7350 7496 7529 3 7350 7529 7499 3 7351 7377 7352 3 7351 7375 7377 3 7351 7462 7375 3 7352 7354 7355 3 7352 7503 7354 3 7352 7377 7503 3 7353 7733 7696 3 7353 7696 7697 3 7353 7766 7733 3 7353 7697 7701 3 7353 7701 7736 3 7353 7770 7766 3 7353 7736 7770 3 7354 7503 7870 3 7354 7870 7379 3 7354 7379 7355 3 7355 7379 7356 3 7356 7379 7381 3 7356 7381 7382 3 7356 7382 7401 3 7357 7515 7873 3 7357 7358 7515 3 7358 7360 7385 3 7359 7401 7383 3 7359 7383 7384 3 7359 7384 7361 3 7360 7608 7363 3 7360 7387 7385 3 7360 7363 7387 3 7361 7384 7531 3 7361 7531 7811 3 7362 7811 7531 3 7362 7531 7388 3 7362 7388 7421 3 7363 7608 7864 3 7363 7418 7387 3 7363 7389 7418 3 7363 7864 7389 3 7364 7391 7392 3 7364 7392 7807 3 7365 7543 7495 3 7365 7495 7527 3 7365 7578 7543 3 7365 7545 7578 3 7365 7527 7545 3 7366 7390 7391 3 7366 7422 7390 3 7366 7421 7422 3 7367 7419 7550 3 7367 7550 7586 3 7367 7616 7582 3 7367 7582 7419 3 7367 7657 7616 3 7367 7586 7657 3 7368 7369 7776 3 7368 7776 7395 3 7368 7395 7371 3 7369 7563 7396 3 7369 7396 7776 3 7370 7371 7378 3 7370 7378 7397 3 7371 7395 7378 3 7372 7767 7699 3 7372 7769 7767 3 7372 7407 7769 3 7372 7699 7380 3 7372 7408 7407 3 7372 7380 7408 3 7373 7399 7398 3 7374 7471 7472 3 7374 7506 7471 3 7374 7472 7533 3 7374 7533 7565 3 7374 7565 7535 3 7374 7535 7506 3 7375 7400 7402 3 7375 7402 7404 3 7375 7404 7377 3 7376 7753 7484 3 7376 7780 7817 3 7376 7484 7780 3 7376 7817 7566 3 7376 7566 7833 3 7376 7833 7753 3 7377 7404 7503 3 7378 7430 7397 3 7378 7427 7430 3 7378 7395 7427 3 7379 7870 7410 3 7379 7410 7381 3 7380 7873 7444 3 7380 7444 7408 3 7381 7410 7761 3 7381 7761 7382 3 7382 7761 7412 3 7382 7412 7383 3 7382 7383 7401 3 7383 7412 7414 3 7383 7414 7384 3 7384 7414 7415 3 7384 7415 7531 3 7385 7416 7782 3 7385 7387 7416 3 7386 7660 7658 3 7386 7620 7660 3 7386 7698 7620 3 7386 7731 7698 3 7386 7658 7695 3 7386 7732 7731 3 7386 7695 7732 3 7387 7418 7416 3 7388 7531 7417 3 7388 7417 7420 3 7388 7420 7421 3 7389 7864 7807 3 7389 7807 7423 3 7389 7423 7418 3 7390 7422 7424 3 7390 7424 7425 3 7390 7425 7391 3 7391 7425 7392 3 7392 7426 7807 3 7392 7425 7426 3 7393 7770 7736 3 7393 7736 7622 3 7393 7622 7772 3 7393 7803 7770 3 7393 7806 7803 3 7393 7772 7806 3 7394 7857 7482 3 7394 7482 7544 3 7394 7544 7580 3 7394 7580 7581 3 7394 7581 7621 3 7394 7621 7857 3 7395 7428 7427 3 7395 7776 7428 3 7396 7563 7398 3 7396 7429 7776 3 7396 7431 7429 3 7396 7398 7431 3 7397 7430 7434 3 7397 7434 7400 3 7398 7432 7431 3 7398 7399 7432 3 7399 7436 7435 3 7399 7435 7432 3 7400 7434 7433 3 7400 7433 7402 3 7402 7433 7439 3 7402 7439 7404 3 7403 7718 7683 3 7403 7683 7643 3 7403 7643 7647 3 7403 7647 7688 3 7403 7688 7860 3 7403 7860 7755 3 7403 7755 7718 3 7404 7439 7438 3 7404 7438 7440 3 7404 7440 7503 3 7405 7804 7769 3 7405 7769 7407 3 7405 7407 7794 3 7405 7794 7437 3 7405 7437 7804 3 7406 7436 7437 3 7406 7470 7436 3 7406 7437 7473 3 7406 7505 7470 3 7406 7534 7505 3 7406 7536 7534 3 7406 7507 7536 3 7406 7473 7507 3 7407 7408 7441 3 7407 7441 7794 3 7408 7444 7441 3 7409 7767 7596 3 7410 7448 7761 3 7410 7445 7448 3 7410 7870 7445 3 7411 7664 7624 3 7411 7624 7597 3 7411 7597 7837 3 7411 7837 7601 3 7411 7601 7626 3 7411 7665 7664 3 7411 7626 7665 3 7412 7761 7449 3 7412 7449 7451 3 7412 7451 7414 3 7413 7453 7855 3 7413 7455 7453 3 7413 7488 7455 3 7413 7855 7871 3 7413 7871 7520 3 7413 7520 7488 3 7414 7857 7415 3 7414 7451 7857 3 7415 7417 7531 3 7415 7453 7417 3 7415 7855 7453 3 7415 7857 7855 3 7416 7418 7454 3 7416 7454 7452 3 7416 7452 7782 3 7417 7453 7420 3 7418 7457 7454 3 7418 7423 7457 3 7419 7518 7487 3 7419 7487 7489 3 7419 7489 7550 3 7419 7582 7518 3 7420 7453 7455 3 7420 7456 7421 3 7420 7455 7456 3 7421 7456 7422 3 7422 7456 7458 3 7422 7458 7424 3 7423 7461 7457 3 7423 7426 7461 3 7423 7807 7426 3 7424 7459 7425 3 7424 7492 7459 3 7424 7458 7492 3 7425 7460 7426 3 7425 7459 7460 3 7426 7460 7461 3 7427 7463 7430 3 7428 7776 7429 3 7428 7429 7464 3 7429 7431 7465 3 7429 7465 7464 3 7430 7463 7466 3 7430 7466 7434 3 7431 7432 7467 3 7431 7467 7465 3 7432 7435 7468 3 7432 7468 7467 3 7433 7434 7469 3 7433 7469 7472 3 7433 7472 7439 3 7434 7466 7469 3 7435 7436 7470 3 7435 7470 7468 3 7436 7804 7437 3 7437 7794 7473 3 7438 7474 7440 3 7438 7471 7474 3 7438 7439 7471 3 7439 7472 7471 3 7440 7442 7503 3 7440 7476 7442 3 7440 7474 7476 3 7441 7477 7475 3 7441 7475 7794 3 7441 7444 7477 3 7442 7870 7503 3 7442 7478 7870 3 7442 7476 7478 3 7443 7678 7635 3 7443 7635 7605 3 7443 7605 7822 3 7443 7713 7678 3 7443 7822 7671 3 7443 7671 7711 3 7443 7711 7713 3 7444 7479 7477 3 7444 7446 7479 3 7444 7873 7446 3 7445 7870 7478 3 7445 7478 7480 3 7445 7480 7448 3 7446 7873 7515 3 7446 7515 7447 3 7446 7447 7495 3 7446 7495 7479 3 7447 7515 7450 3 7447 7450 7527 3 7447 7527 7495 3 7448 7480 7481 3 7448 7481 7449 3 7448 7449 7761 3 7449 7481 7482 3 7449 7482 7451 3 7450 7782 7483 3 7450 7483 7527 3 7451 7482 7857 3 7452 7485 7782 3 7452 7487 7485 3 7452 7454 7487 3 7454 7489 7487 3 7454 7457 7489 3 7455 7488 7456 3 7456 7488 7490 3 7456 7490 7458 3 7457 7551 7489 3 7457 7494 7551 3 7457 7461 7494 3 7458 7491 7492 3 7458 7490 7491 3 7459 7752 7460 3 7459 7524 7752 3 7459 7492 7524 3 7460 7493 7461 3 7460 7752 7493 3 7461 7493 7494 3 7463 7499 7498 3 7463 7498 7466 3 7464 7465 7497 3 7464 7497 7496 3 7465 7467 7500 3 7465 7500 7497 3 7466 7498 7501 3 7466 7501 7469 3 7467 7468 7502 3 7467 7502 7500 3 7468 7470 7504 3 7468 7504 7502 3 7469 7501 7533 3 7469 7533 7472 3 7470 7505 7504 3 7471 7506 7474 3 7473 7794 7475 3 7473 7475 7507 3 7474 7506 7537 3 7474 7537 7509 3 7474 7509 7476 3 7475 7508 7507 3 7475 7477 7508 3 7476 7509 7511 3 7476 7511 7478 3 7477 7479 7513 3 7477 7513 7510 3 7477 7510 7508 3 7478 7511 7512 3 7478 7512 7480 3 7479 7495 7513 3 7480 7512 7514 3 7480 7514 7481 3 7481 7514 7516 3 7481 7516 7482 3 7482 7516 7544 3 7483 7517 7527 3 7483 7485 7517 3 7483 7782 7485 3 7484 7717 7715 3 7484 7715 7714 3 7484 7714 7748 3 7484 7753 7717 3 7484 7748 7780 3 7485 7518 7517 3 7485 7487 7518 3 7488 7520 7600 3 7488 7600 7490 3 7489 7551 7550 3 7490 7521 7491 3 7490 7600 7521 3 7491 7522 7492 3 7491 7521 7522 3 7492 7522 7524 3 7493 7526 7494 3 7493 7525 7526 3 7493 7752 7525 3 7494 7526 7551 3 7495 7543 7513 3 7496 7497 7532 3 7496 7532 7558 3 7496 7558 7529 3 7497 7500 7659 3 7497 7659 7532 3 7498 7499 7528 3 7498 7528 7530 3 7498 7530 7501 3 7499 7529 7528 3 7500 7502 7562 3 7500 7562 7519 3 7500 7519 7659 3 7501 7530 7700 3 7501 7700 7533 3 7502 7504 7562 3 7504 7505 7740 3 7504 7740 7562 3 7505 7534 7740 3 7506 7535 7537 3 7507 7508 7651 3 7507 7651 7536 3 7508 7510 7872 3 7508 7872 7651 3 7509 7537 7538 3 7509 7538 7572 3 7509 7572 7511 3 7510 7573 7872 3 7510 7540 7573 3 7510 7513 7540 3 7511 7572 7541 3 7511 7541 7512 3 7512 7541 7542 3 7512 7542 7514 3 7513 7543 7540 3 7514 7577 7516 3 7514 7542 7577 3 7516 7577 7544 3 7517 7545 7527 3 7517 7547 7545 3 7517 7518 7547 3 7518 7582 7547 3 7519 7785 7659 3 7519 7562 7597 3 7519 7597 7624 3 7519 7624 7785 3 7520 7585 7600 3 7520 7584 7585 3 7520 7871 7584 3 7521 7552 7522 3 7521 7588 7552 3 7521 7600 7588 3 7522 7553 7524 3 7522 7552 7553 3 7523 7734 7732 3 7523 7732 7733 3 7523 7733 7766 3 7523 7766 7796 3 7524 7554 7752 3 7524 7553 7554 3 7525 7555 7526 3 7525 7554 7555 3 7525 7752 7554 3 7526 7556 7551 3 7526 7555 7556 3 7528 7560 7530 3 7528 7557 7560 3 7528 7529 7557 3 7529 7558 7557 3 7530 7564 7700 3 7530 7560 7564 3 7532 7592 7558 3 7532 7659 7593 3 7532 7593 7592 3 7533 7700 7565 3 7534 7536 7567 3 7534 7567 7740 3 7535 7570 7537 3 7535 7568 7570 3 7535 7598 7568 3 7535 7565 7598 3 7536 7651 7569 3 7536 7569 7567 3 7537 7570 7538 3 7538 7570 7604 3 7538 7604 7572 3 7539 7868 7859 3 7539 7828 7868 3 7539 7832 7828 3 7539 7773 7832 3 7539 7824 7773 3 7539 7729 7824 3 7539 7859 7729 3 7540 7575 7573 3 7540 7543 7575 3 7541 7574 7542 3 7541 7572 7574 3 7542 7576 7577 3 7542 7574 7576 3 7543 7578 7575 3 7544 7577 7579 3 7544 7579 7580 3 7545 7606 7578 3 7545 7587 7606 3 7545 7547 7587 3 7546 7784 7749 3 7546 7749 7716 3 7546 7716 7718 3 7546 7869 7784 3 7546 7755 7869 3 7546 7718 7755 3 7547 7582 7587 3 7548 7757 7747 3 7550 7556 7586 3 7550 7551 7556 3 7552 7588 7615 3 7553 7589 7554 3 7554 7589 7555 3 7555 7590 7556 3 7555 7617 7590 3 7555 7589 7617 3 7556 7590 7586 3 7557 7558 7591 3 7557 7591 7595 3 7557 7595 7560 3 7558 7592 7591 3 7559 7576 7637 3 7559 7577 7576 3 7559 7579 7577 3 7559 7607 7579 3 7559 7640 7607 3 7559 7637 7680 3 7559 7680 7640 3 7560 7595 7594 3 7560 7594 7564 3 7561 7836 7801 3 7561 7801 7802 3 7561 7802 7838 3 7561 7838 7843 3 7561 7842 7836 3 7561 7843 7842 3 7562 7740 7837 3 7562 7837 7597 3 7564 7594 7623 3 7564 7623 7599 3 7564 7599 7700 3 7565 7700 7599 3 7565 7599 7598 3 7566 7826 7833 3 7566 7817 7820 3 7566 7820 7823 3 7566 7823 7826 3 7567 7601 7740 3 7567 7602 7601 3 7567 7569 7602 3 7568 7598 7628 3 7568 7628 7799 3 7568 7799 7570 3 7569 7603 7602 3 7569 7571 7603 3 7569 7651 7571 3 7570 7799 7604 3 7571 7651 7872 3 7571 7787 7603 3 7571 7633 7787 3 7571 7872 7633 3 7572 7604 7822 3 7572 7822 7605 3 7572 7605 7574 3 7573 7634 7872 3 7574 7605 7576 3 7575 7578 7830 3 7576 7605 7635 3 7576 7635 7637 3 7578 7606 7830 3 7579 7607 7580 3 7580 7609 7581 3 7580 7607 7609 3 7581 7583 7621 3 7581 7610 7583 3 7581 7609 7610 3 7582 7616 7587 3 7583 7584 7871 3 7583 7871 7621 3 7583 7612 7584 3 7583 7610 7612 3 7584 7613 7585 3 7584 7612 7613 3 7585 7588 7600 3 7585 7614 7588 3 7585 7613 7614 3 7586 7652 7657 3 7586 7611 7652 3 7586 7590 7611 3 7587 7641 7606 3 7587 7616 7643 3 7587 7643 7641 3 7588 7614 7615 3 7589 7656 7617 3 7589 7655 7656 3 7590 7617 7611 3 7591 7660 7595 3 7591 7618 7660 3 7591 7592 7618 3 7593 7659 7785 3 7594 7662 7623 3 7594 7620 7662 3 7594 7595 7620 3 7595 7660 7620 3 7596 7767 7769 3 7598 7599 7627 3 7598 7627 7628 3 7599 7625 7627 3 7599 7623 7625 3 7601 7837 7740 3 7601 7602 7626 3 7602 7629 7626 3 7602 7603 7629 3 7603 7787 7629 3 7604 7799 7822 3 7606 7638 7830 3 7606 7641 7638 3 7607 7644 7609 3 7607 7642 7644 3 7607 7640 7642 3 7609 7644 7610 3 7610 7645 7612 3 7610 7644 7645 3 7611 7617 7759 3 7611 7759 7691 3 7611 7691 7652 3 7612 7648 7613 3 7612 7645 7648 3 7613 7649 7614 3 7613 7648 7649 3 7614 7653 7615 3 7614 7649 7653 3 7615 7653 7654 3 7616 7657 7647 3 7616 7647 7643 3 7617 7656 7759 3 7618 7658 7660 3 7620 7698 7662 3 7621 7855 7857 3 7621 7871 7855 3 7622 7736 7704 3 7622 7704 7705 3 7622 7741 7772 3 7622 7705 7741 3 7623 7662 7625 3 7624 7661 7785 3 7624 7663 7661 3 7624 7664 7663 3 7625 7666 7627 3 7626 7667 7665 3 7626 7629 7667 3 7627 7813 7628 3 7627 7666 7813 3 7628 7669 7799 3 7628 7813 7669 3 7629 7668 7667 3 7629 7670 7668 3 7629 7787 7670 3 7630 7820 7854 3 7630 7863 7820 3 7630 7738 7863 3 7630 7854 7850 3 7630 7797 7738 3 7630 7850 7797 3 7631 7840 7746 3 7633 7872 7634 3 7633 7672 7787 3 7633 7675 7672 3 7633 7634 7675 3 7634 7677 7675 3 7635 7678 7637 3 7636 7679 7677 3 7636 7830 7638 3 7636 7638 7679 3 7637 7678 7680 3 7638 7641 7681 3 7638 7681 7679 3 7639 7646 7702 3 7639 7702 7731 3 7639 7731 7734 3 7639 7781 7646 3 7640 7682 7642 3 7640 7680 7682 3 7641 7643 7683 3 7641 7683 7681 3 7642 7685 7644 3 7642 7684 7685 3 7642 7682 7684 3 7644 7685 7645 3 7645 7686 7648 3 7645 7685 7686 3 7646 7771 7856 3 7646 7805 7771 3 7646 7781 7805 3 7647 7657 7688 3 7648 7689 7649 3 7648 7686 7689 3 7649 7650 7653 3 7649 7689 7650 3 7650 7726 7653 3 7650 7689 7712 3 7650 7712 7726 3 7652 7691 7687 3 7652 7687 7657 3 7653 7692 7654 3 7653 7726 7692 3 7654 7692 7655 3 7655 7692 7693 3 7655 7693 7656 3 7656 7693 7694 3 7657 7687 7688 3 7658 7696 7695 3 7661 7701 7697 3 7661 7663 7701 3 7662 7698 7702 3 7663 7736 7701 3 7663 7704 7736 3 7663 7664 7704 3 7664 7665 7704 3 7665 7705 7704 3 7665 7667 7705 3 7666 7856 7813 3 7667 7668 7705 3 7668 7706 7705 3 7668 7709 7706 3 7668 7670 7709 3 7669 7671 7799 3 7669 7707 7671 3 7669 7813 7707 3 7670 7787 7672 3 7670 7710 7709 3 7670 7672 7710 3 7671 7822 7799 3 7671 7707 7711 3 7672 7673 7710 3 7672 7675 7673 3 7673 7675 7750 3 7673 7750 7720 3 7673 7720 7676 3 7673 7676 7710 3 7674 7720 7750 3 7674 7750 7749 3 7674 7783 7720 3 7674 7784 7783 3 7674 7749 7784 3 7675 7677 7750 3 7676 7743 7710 3 7676 7775 7743 3 7676 7779 7775 3 7676 7720 7779 3 7677 7679 7750 3 7678 7714 7680 3 7678 7713 7714 3 7679 7681 7716 3 7679 7716 7749 3 7679 7749 7750 3 7680 7715 7682 3 7680 7714 7715 3 7681 7718 7716 3 7681 7683 7718 3 7682 7717 7684 3 7682 7715 7717 3 7684 7721 7685 3 7684 7719 7721 3 7684 7717 7719 3 7685 7721 7686 3 7686 7723 7689 3 7686 7722 7723 3 7686 7721 7722 3 7687 7725 7688 3 7687 7724 7725 3 7687 7691 7724 3 7688 7725 7860 3 7689 7723 7712 3 7690 7691 7759 3 7690 7724 7691 3 7690 7730 7724 3 7692 7728 7693 3 7692 7727 7728 3 7692 7726 7727 3 7693 7728 7694 3 7694 7764 7765 3 7694 7728 7764 3 7695 7733 7732 3 7695 7696 7733 3 7698 7731 7702 3 7703 7760 7790 3 7703 7763 7760 3 7703 7795 7763 3 7703 7834 7795 3 7703 7831 7834 3 7703 7790 7831 3 7705 7706 7741 3 7706 7709 7743 3 7706 7743 7742 3 7706 7742 7741 3 7707 7813 7708 3 7707 7708 7744 3 7707 7744 7711 3 7708 7813 7856 3 7708 7856 7735 3 7708 7735 7744 3 7709 7710 7743 3 7711 7745 7713 3 7711 7744 7745 3 7712 7723 7758 3 7712 7758 7790 3 7712 7760 7726 3 7712 7790 7760 3 7713 7748 7714 3 7713 7745 7777 3 7713 7777 7748 3 7717 7753 7719 3 7719 7753 7754 3 7719 7754 7721 3 7720 7783 7779 3 7721 7754 7722 3 7722 7754 7756 3 7722 7756 7723 3 7723 7756 7758 3 7724 7762 7725 3 7724 7730 7762 3 7725 7762 7860 3 7726 7760 7727 3 7727 7760 7763 3 7727 7763 7728 3 7728 7763 7764 3 7729 7818 7821 3 7729 7821 7824 3 7730 7792 7762 3 7730 7765 7792 3 7731 7732 7734 3 7735 7774 7744 3 7735 7856 7771 3 7735 7808 7774 3 7735 7771 7808 3 7737 7839 7805 3 7737 7805 7781 3 7737 7781 7835 3 7737 7846 7839 3 7737 7841 7846 3 7737 7835 7841 3 7738 7866 7863 3 7738 7865 7866 3 7738 7797 7768 3 7738 7768 7861 3 7738 7861 7865 3 7741 7742 7772 3 7742 7810 7772 3 7742 7775 7810 3 7742 7743 7775 3 7744 7774 7745 3 7745 7774 7777 3 7748 7777 7780 3 7751 7790 7758 3 7751 7758 7756 3 7751 7756 7788 3 7751 7831 7790 3 7751 7788 7826 3 7751 7826 7827 3 7751 7827 7831 3 7753 7833 7754 3 7754 7788 7756 3 7754 7833 7788 3 7762 7792 7793 3 7763 7795 7764 3 7764 7795 7765 3 7765 7795 7792 3 7766 7798 7796 3 7766 7770 7798 3 7768 7851 7848 3 7768 7848 7852 3 7768 7797 7851 3 7768 7852 7858 3 7768 7858 7861 3 7770 7803 7802 3 7770 7802 7798 3 7771 7805 7808 3 7772 7809 7806 3 7772 7810 7809 3 7773 7824 7829 3 7773 7829 7793 3 7773 7791 7832 3 7773 7792 7791 3 7773 7793 7792 3 7774 7778 7777 3 7774 7808 7778 3 7775 7814 7810 3 7775 7779 7814 3 7777 7778 7780 3 7778 7815 7780 3 7778 7845 7815 3 7778 7839 7845 3 7778 7808 7839 3 7779 7783 7816 3 7779 7816 7814 3 7780 7815 7817 3 7781 7800 7835 3 7783 7819 7816 3 7783 7784 7819 3 7784 7825 7819 3 7784 7869 7825 3 7788 7833 7826 3 7791 7792 7795 3 7791 7795 7834 3 7791 7834 7832 3 7796 7798 7801 3 7796 7801 7800 3 7797 7850 7847 3 7797 7847 7851 3 7798 7802 7801 3 7800 7836 7835 3 7800 7801 7836 3 7802 7803 7838 3 7803 7806 7838 3 7805 7839 7808 3 7806 7809 7844 3 7806 7844 7838 3 7809 7849 7844 3 7809 7812 7849 3 7809 7810 7812 3 7810 7814 7812 3 7812 7814 7853 3 7814 7816 7853 3 7815 7845 7854 3 7815 7854 7817 3 7816 7818 7853 3 7816 7819 7818 3 7817 7854 7820 3 7818 7819 7821 3 7819 7825 7821 3 7820 7863 7823 3 7821 7825 7829 3 7821 7829 7824 3 7823 7827 7826 3 7823 7866 7827 3 7823 7863 7866 3 7825 7869 7829 3 7827 7867 7831 3 7827 7866 7867 3 7828 7867 7868 3 7828 7831 7867 3 7828 7834 7831 3 7828 7832 7834 3 7835 7836 7841 3 7836 7842 7841 3 7838 7844 7848 3 7838 7848 7843 3 7839 7846 7845 3 7841 7842 7847 3 7841 7847 7846 3 7842 7851 7847 3 7842 7843 7851 3 7843 7848 7851 3 7844 7849 7848 3 7845 7846 7850 3 7845 7850 7854 3 7846 7847 7850 3 7848 7849 7852 3 7859 7865 7861 3 7859 7868 7865 3 7865 7868 7866 3 7866 7868 7867 
4817 1204 3 7874 8476 7876 3 7874 7907 8476 3 7874 7903 7902 3 7874 7902 7907 3 7874 7908 7903 3 7874 7876 7908 3 7875 8476 7906 3 7875 8446 8476 3 7875 7881 8446 3 7875 7877 7881 3 7875 8112 7877 3 7875 7906 8112 3 7876 7879 7910 3 7876 7878 7879 3 7876 8446 7878 3 7876 8476 8446 3 7876 7910 7908 3 7877 8112 7880 3 7877 7880 7884 3 7877 7884 7885 3 7877 7885 7881 3 7878 7882 8219 3 7878 8446 7882 3 7878 8219 7879 3 7879 7913 7911 3 7879 7911 7910 3 7879 8219 7913 3 7880 7912 8234 3 7880 8112 7912 3 7880 7915 7884 3 7880 8234 7915 3 7881 7882 8446 3 7881 7885 7886 3 7881 7886 7882 3 7882 7886 7887 3 7882 7887 8219 3 7883 7976 7947 3 7883 7947 7950 3 7883 7950 7952 3 7883 7952 7980 3 7883 8010 7976 3 7883 7980 8010 3 7884 8185 7885 3 7884 7915 8185 3 7885 7888 7886 3 7885 7892 7888 3 7885 8185 7892 3 7886 7888 7887 3 7887 7889 8219 3 7887 7895 7889 3 7887 7894 7895 3 7887 7888 7894 3 7888 7892 7893 3 7888 7893 7894 3 7889 8307 8219 3 7889 7895 7896 3 7889 7896 8307 3 7890 8342 8402 3 7890 8402 8315 3 7890 8315 8070 3 7890 8070 8353 3 7890 8353 8342 3 7891 8443 8120 3 7891 8361 8443 3 7891 8092 8361 3 7891 8120 8151 3 7891 8151 8125 3 7891 8125 8092 3 7892 8185 7923 3 7892 7923 7924 3 7892 7924 7893 3 7893 7897 7894 3 7893 7927 7897 3 7893 7924 7927 3 7894 7897 7895 3 7895 7897 7898 3 7895 7898 7896 3 7896 7920 8307 3 7896 7899 7920 3 7896 7898 7899 3 7897 7927 7900 3 7897 7900 7898 3 7898 7928 7899 3 7898 7900 7928 3 7899 7928 7931 3 7899 7931 8237 3 7899 8237 7920 3 7900 7927 7930 3 7900 8053 7928 3 7900 7930 8053 3 7901 8456 7906 3 7901 7932 8456 3 7901 8436 7932 3 7901 7907 8436 3 7901 7906 7907 3 7902 8436 7907 3 7902 7933 8436 3 7902 7934 7933 3 7902 7903 7934 3 7903 7908 7904 3 7903 7904 7934 3 7904 7908 7909 3 7904 7935 7934 3 7904 8138 7935 3 7904 7909 8138 3 7905 8456 7939 3 7905 8112 8456 3 7905 7912 8112 3 7905 7941 7912 3 7905 7939 7941 3 7906 8476 7907 3 7906 8456 8112 3 7908 7910 7909 3 7909 7940 8138 3 7909 7911 7940 3 7909 7910 7911 3 7911 7913 7914 3 7911 7942 7940 3 7911 7943 7942 3 7911 7914 7943 3 7912 7941 7971 3 7912 7971 8234 3 7913 8210 7914 3 7913 8219 8307 3 7913 8307 8210 3 7914 7917 7943 3 7914 8210 7917 3 7915 8234 8448 3 7915 8448 7919 3 7915 7919 8185 3 7916 8039 8099 3 7916 8434 8039 3 7916 8101 8434 3 7916 8162 8101 3 7916 8099 8158 3 7916 8158 8162 3 7917 7948 7945 3 7917 7945 7943 3 7917 7918 7947 3 7917 8210 7918 3 7917 7947 7948 3 7918 8210 7920 3 7918 7920 7921 3 7918 7921 7947 3 7919 8448 8024 3 7919 7923 8185 3 7919 7922 7923 3 7919 7949 7922 3 7919 8024 7949 3 7920 8210 8307 3 7920 8237 7921 3 7921 7950 7947 3 7921 8237 7950 3 7922 7949 7951 3 7922 7951 7953 3 7922 7953 7925 3 7922 7925 7923 3 7923 7925 7924 3 7924 7926 7927 3 7924 7925 7926 3 7925 7954 7926 3 7925 7953 7954 3 7926 7954 7955 3 7926 7955 7930 3 7926 7930 7927 3 7928 8053 7931 3 7929 8087 8473 3 7929 8068 8087 3 7929 8473 8027 3 7929 8027 8071 3 7929 8071 8068 3 7930 7958 8053 3 7930 7957 7958 3 7930 7955 7957 3 7931 7984 8237 3 7931 7956 7984 3 7931 7959 7956 3 7931 8053 7959 3 7932 8436 8435 3 7932 8435 7964 3 7932 7964 7936 3 7932 7936 8456 3 7933 7961 8436 3 7933 8447 7961 3 7933 7962 8447 3 7933 7934 7962 3 7934 7935 7962 3 7935 8138 7966 3 7935 7966 8403 3 7935 8403 7962 3 7936 7939 8456 3 7936 7965 7939 3 7936 7963 7965 3 7936 7964 7963 3 7937 8165 8134 3 7937 8134 8163 3 7937 8163 8192 3 7937 8192 8225 3 7937 8229 8165 3 7937 8225 8229 3 7938 8437 8353 3 7938 8440 8437 3 7938 8445 8440 3 7938 8353 8451 3 7938 8451 8450 3 7938 8450 8445 3 7939 7965 7941 3 7940 7942 7968 3 7940 7968 8256 3 7940 8256 8138 3 7941 7965 7967 3 7941 7967 7971 3 7942 7943 7969 3 7942 7969 7968 3 7943 7970 7969 3 7943 7945 7970 3 7944 8448 8234 3 7944 8234 7971 3 7944 7971 8005 3 7944 8005 7972 3 7944 7972 8024 3 7944 8024 8448 3 7945 7948 7973 3 7945 8473 7970 3 7945 7973 8473 3 7946 8171 8055 3 7946 8199 8171 3 7946 8235 8199 3 7946 8055 8233 3 7946 8233 8293 3 7946 8293 8107 3 7946 8107 8235 3 7947 7976 7948 3 7948 7976 7973 3 7949 8024 7975 3 7949 7975 7979 3 7949 7979 7951 3 7950 8237 7984 3 7950 7984 7952 3 7951 7982 7953 3 7951 7981 7982 3 7951 7979 7981 3 7952 7985 7980 3 7952 7984 7985 3 7953 7986 7954 3 7953 7982 7986 3 7954 7986 7987 3 7954 7987 7955 3 7955 7987 7957 3 7956 7959 7988 3 7956 7988 7983 3 7956 7983 7984 3 7957 7987 8190 3 7957 7990 7958 3 7957 7992 7990 3 7957 8190 7992 3 7958 7990 7991 3 7958 7991 7959 3 7958 7959 8053 3 7959 7991 7988 3 7960 8021 8301 3 7960 8301 8435 3 7960 8435 7961 3 7960 7961 7994 3 7960 7994 8021 3 7961 8435 8436 3 7961 8447 7994 3 7962 8193 8447 3 7962 8403 8193 3 7963 7964 7995 3 7963 7995 7997 3 7963 7997 7965 3 7964 8301 7995 3 7964 8435 8301 3 7965 7997 7998 3 7965 7998 7967 3 7966 8138 8256 3 7966 8256 8029 3 7966 8029 8403 3 7967 8001 7971 3 7967 7998 8001 3 7968 7999 8256 3 7968 8000 7999 3 7968 7969 8000 3 7969 8087 8000 3 7969 7970 8087 3 7970 8473 8087 3 7971 8001 8002 3 7971 8002 8005 3 7972 7975 8024 3 7972 7974 7975 3 7972 8006 7974 3 7972 8005 8006 3 7973 7976 8008 3 7973 8458 8473 3 7973 8008 8458 3 7974 8006 8007 3 7974 8007 8009 3 7974 8009 7975 3 7975 8009 7979 3 7976 8010 8008 3 7977 7992 8052 3 7977 8019 7992 3 7977 8054 8019 3 7977 8084 8054 3 7977 8083 8084 3 7977 8052 8083 3 7978 8116 8086 3 7978 8086 8118 3 7978 8118 8179 3 7978 8179 8178 3 7978 8178 8147 3 7978 8147 8116 3 7979 8011 7981 3 7979 8009 8011 3 7980 8043 8010 3 7980 8012 8043 3 7980 7985 8012 3 7981 8011 8013 3 7981 8013 8014 3 7981 8014 7982 3 7982 8014 7986 3 7983 7985 7984 3 7983 8016 7985 3 7983 8015 8016 3 7983 7988 8015 3 7985 8016 8012 3 7986 8014 8155 3 7986 8155 7987 3 7987 8155 8190 3 7988 8401 8015 3 7988 8019 8401 3 7988 7991 8019 3 7989 8071 8027 3 7989 8100 8071 3 7989 8027 8074 3 7989 8074 8133 3 7989 8133 8100 3 7990 8019 7991 3 7990 7992 8019 3 7992 8190 8052 3 7993 8208 8180 3 7993 8180 8150 3 7993 8150 8441 3 7993 8441 8214 3 7993 8249 8208 3 7993 8252 8249 3 7993 8214 8252 3 7994 8022 8021 3 7994 8023 8022 3 7994 8447 8023 3 7995 8113 7997 3 7995 8026 8113 3 7995 8301 8026 3 7996 8109 8170 3 7996 8075 8109 3 7996 8110 8075 3 7996 8170 8171 3 7996 8171 8140 3 7996 8140 8110 3 7997 8031 7998 3 7997 8113 8031 3 7998 8035 8001 3 7998 8033 8035 3 7998 8031 8033 3 7999 8000 8034 3 7999 8034 8032 3 7999 8032 8256 3 8000 8087 8036 3 8000 8036 8034 3 8001 8035 8037 3 8001 8037 8002 3 8002 8037 8038 3 8002 8038 8005 3 8003 8366 8328 3 8003 8328 8364 3 8003 8364 8439 3 8003 8397 8366 3 8003 8430 8397 3 8003 8439 8430 3 8004 8062 8093 3 8004 8091 8062 3 8004 8122 8091 3 8004 8093 8126 3 8004 8126 8263 3 8004 8263 8441 3 8004 8441 8122 3 8005 8040 8006 3 8005 8038 8040 3 8006 8040 8041 3 8006 8041 8007 3 8007 8330 8009 3 8007 8398 8330 3 8007 8041 8398 3 8008 8010 8042 3 8008 8042 8458 3 8009 8330 8011 3 8010 8043 8042 3 8011 8330 8045 3 8011 8045 8013 3 8012 8016 8046 3 8012 8046 8077 3 8012 8077 8043 3 8013 8075 8014 3 8013 8045 8075 3 8014 8048 8155 3 8014 8075 8048 3 8015 8049 8016 3 8015 8081 8049 3 8015 8401 8081 3 8016 8049 8046 3 8017 8080 8054 3 8017 8054 8084 3 8017 8084 8115 3 8017 8115 8145 3 8017 8145 8146 3 8017 8146 8111 3 8017 8111 8080 3 8018 8169 8197 3 8018 8182 8169 3 8018 8167 8106 3 8018 8106 8105 3 8018 8078 8182 3 8018 8105 8078 3 8018 8197 8167 3 8019 8054 8401 3 8020 8026 8301 3 8020 8301 8021 3 8020 8056 8090 3 8020 8021 8056 3 8020 8090 8443 3 8020 8443 8026 3 8021 8022 8056 3 8022 8023 8344 3 8022 8344 8056 3 8023 8447 8193 3 8023 8193 8057 3 8023 8057 8344 3 8025 8059 8058 3 8025 8058 8057 3 8025 8057 8193 3 8025 8193 8403 3 8025 8403 8059 3 8026 8361 8113 3 8026 8443 8361 3 8027 8473 8458 3 8027 8458 8074 3 8028 8082 8140 3 8028 8142 8082 3 8028 8173 8142 3 8028 8140 8199 3 8028 8199 8238 3 8028 8238 8173 3 8029 8256 8032 3 8029 8059 8403 3 8029 8062 8059 3 8029 8032 8062 3 8030 8031 8061 3 8030 8033 8031 3 8030 8063 8033 3 8030 8094 8063 3 8030 8061 8094 3 8031 8113 8061 3 8032 8064 8062 3 8032 8034 8064 3 8033 8063 8066 3 8033 8066 8035 3 8034 8065 8064 3 8034 8036 8065 3 8035 8066 8037 3 8036 8068 8065 3 8036 8087 8068 3 8037 8069 8038 3 8037 8067 8069 3 8037 8066 8067 3 8038 8039 8040 3 8038 8069 8039 3 8039 8069 8099 3 8039 8434 8040 3 8040 8434 8041 3 8041 8434 8398 3 8042 8043 8076 3 8042 8074 8458 3 8042 8103 8074 3 8042 8076 8103 3 8043 8077 8076 3 8044 8252 8253 3 8044 8273 8252 3 8044 8306 8273 3 8044 8308 8306 3 8044 8309 8308 3 8044 8275 8309 3 8044 8253 8275 3 8045 8109 8075 3 8045 8108 8109 3 8045 8060 8108 3 8045 8330 8060 3 8046 8078 8077 3 8046 8051 8078 3 8046 8049 8051 3 8047 8198 8409 3 8047 8409 8412 3 8047 8412 8477 3 8047 8477 8467 3 8047 8467 8198 3 8048 8050 8155 3 8048 8075 8079 3 8048 8079 8050 3 8049 8081 8051 3 8050 8190 8155 3 8050 8052 8190 3 8050 8072 8052 3 8050 8082 8072 3 8050 8079 8082 3 8051 8081 8111 3 8051 8182 8078 3 8051 8141 8182 3 8051 8111 8141 3 8052 8072 8083 3 8054 8080 8401 3 8055 8168 8196 3 8055 8170 8168 3 8055 8171 8170 3 8055 8196 8233 3 8056 8344 8086 3 8056 8086 8090 3 8057 8088 8344 3 8057 8058 8088 3 8058 8059 8073 3 8058 8149 8088 3 8058 8073 8149 3 8059 8062 8091 3 8059 8091 8073 3 8060 8330 8104 3 8060 8104 8135 3 8060 8135 8136 3 8060 8136 8108 3 8061 8092 8094 3 8061 8361 8092 3 8061 8113 8361 3 8062 8064 8093 3 8063 8094 8128 3 8063 8128 8096 3 8063 8096 8066 3 8064 8065 8095 3 8064 8095 8093 3 8065 8068 8097 3 8065 8097 8095 3 8066 8096 8067 3 8067 8096 8130 3 8067 8130 8099 3 8067 8099 8069 3 8068 8071 8098 3 8068 8098 8097 3 8070 8198 8353 3 8070 8172 8409 3 8070 8315 8172 3 8070 8409 8198 3 8071 8131 8098 3 8071 8100 8131 3 8072 8082 8142 3 8072 8114 8083 3 8072 8142 8114 3 8073 8150 8149 3 8073 8091 8122 3 8073 8122 8150 3 8074 8103 8133 3 8075 8110 8079 3 8076 8105 8106 3 8076 8077 8105 3 8076 8106 8103 3 8077 8078 8105 3 8079 8110 8082 3 8080 8081 8401 3 8080 8111 8081 3 8082 8110 8140 3 8083 8114 8084 3 8084 8114 8115 3 8085 8156 8130 3 8085 8130 8096 3 8085 8096 8128 3 8085 8128 8154 3 8085 8154 8184 3 8085 8184 8186 3 8085 8186 8156 3 8086 8344 8118 3 8086 8116 8090 3 8088 8149 8119 3 8088 8119 8118 3 8088 8118 8344 3 8089 8251 8399 3 8089 8438 8251 3 8089 8399 8338 3 8089 8338 8373 3 8089 8373 8294 3 8089 8294 8438 3 8090 8120 8443 3 8090 8152 8120 3 8090 8116 8152 3 8092 8125 8094 3 8093 8095 8126 3 8094 8125 8154 3 8094 8154 8128 3 8095 8127 8126 3 8095 8129 8127 3 8095 8097 8129 3 8097 8098 8129 3 8098 8157 8129 3 8098 8131 8157 3 8099 8130 8158 3 8100 8159 8131 3 8100 8444 8159 3 8100 8133 8444 3 8101 8398 8434 3 8101 8162 8163 3 8101 8163 8134 3 8101 8134 8398 3 8102 8303 8284 3 8102 8284 8285 3 8102 8285 8318 3 8102 8318 8356 3 8102 8352 8303 3 8102 8385 8352 3 8102 8356 8385 3 8103 8164 8133 3 8103 8167 8164 3 8103 8106 8167 3 8104 8330 8398 3 8104 8134 8135 3 8104 8398 8134 3 8107 8268 8235 3 8107 8297 8268 3 8107 8296 8297 3 8107 8326 8296 3 8107 8293 8326 3 8108 8136 8170 3 8108 8170 8109 3 8111 8146 8141 3 8114 8144 8115 3 8114 8143 8144 3 8114 8142 8143 3 8115 8144 8145 3 8116 8147 8152 3 8117 8227 8319 3 8117 8230 8227 3 8117 8232 8230 3 8117 8291 8232 3 8117 8323 8291 3 8117 8321 8323 3 8117 8319 8321 3 8118 8119 8179 3 8119 8148 8179 3 8119 8149 8148 3 8120 8152 8151 3 8121 8269 8393 3 8121 8270 8269 3 8121 8302 8270 3 8121 8331 8302 3 8121 8393 8329 3 8121 8329 8367 3 8121 8367 8331 3 8122 8441 8150 3 8123 8247 8243 3 8123 8243 8272 3 8123 8272 8304 3 8123 8316 8247 3 8123 8334 8316 3 8123 8335 8334 3 8123 8304 8335 3 8124 8317 8429 3 8124 8429 8260 3 8124 8260 8283 3 8124 8283 8313 3 8124 8313 8351 3 8124 8351 8317 3 8125 8151 8181 3 8125 8183 8154 3 8125 8181 8183 3 8126 8127 8153 3 8126 8153 8263 3 8127 8129 8288 3 8127 8288 8153 3 8129 8157 8288 3 8130 8156 8158 3 8131 8159 8157 3 8132 8169 8266 3 8132 8266 8200 3 8132 8200 8236 3 8132 8396 8215 3 8132 8215 8169 3 8132 8236 8396 3 8133 8164 8444 3 8134 8165 8135 3 8135 8165 8166 3 8135 8166 8136 3 8136 8168 8170 3 8136 8166 8168 3 8137 8157 8187 3 8137 8288 8157 3 8137 8139 8288 3 8137 8257 8139 3 8137 8258 8257 3 8137 8187 8258 3 8139 8216 8153 3 8139 8153 8288 3 8139 8254 8216 3 8139 8278 8254 3 8139 8257 8278 3 8140 8171 8199 3 8141 8266 8182 3 8141 8146 8175 3 8141 8175 8266 3 8142 8173 8143 3 8143 8173 8217 3 8143 8217 8201 3 8143 8201 8144 3 8144 8201 8202 3 8144 8202 8145 3 8145 8202 8174 3 8145 8174 8146 3 8146 8174 8175 3 8147 8176 8152 3 8147 8177 8176 3 8147 8178 8177 3 8148 8206 8179 3 8148 8149 8180 3 8148 8180 8207 3 8148 8207 8206 3 8149 8150 8180 3 8151 8152 8226 3 8151 8226 8181 3 8152 8176 8226 3 8153 8216 8263 3 8154 8274 8184 3 8154 8183 8274 3 8156 8186 8188 3 8156 8188 8158 3 8157 8159 8187 3 8158 8188 8189 3 8158 8189 8162 3 8159 8222 8187 3 8159 8444 8222 3 8160 8245 8248 3 8160 8272 8245 3 8160 8304 8272 3 8160 8336 8304 3 8160 8337 8336 3 8160 8305 8337 3 8160 8248 8305 3 8161 8222 8444 3 8161 8262 8222 3 8161 8265 8262 3 8161 8444 8194 3 8161 8194 8228 3 8161 8228 8265 3 8162 8189 8191 3 8162 8192 8163 3 8162 8191 8192 3 8164 8167 8194 3 8164 8194 8444 3 8165 8229 8195 3 8165 8195 8166 3 8166 8195 8168 3 8167 8267 8194 3 8167 8197 8267 3 8168 8195 8196 3 8169 8215 8197 3 8169 8182 8266 3 8172 8341 8452 3 8172 8340 8341 3 8172 8315 8340 3 8172 8452 8409 3 8173 8238 8217 3 8174 8204 8175 3 8174 8203 8204 3 8174 8202 8203 3 8175 8200 8266 3 8175 8204 8200 3 8176 8177 8242 3 8176 8242 8246 3 8176 8246 8209 3 8176 8209 8226 3 8177 8178 8205 3 8177 8205 8243 3 8177 8243 8242 3 8178 8179 8205 3 8179 8206 8205 3 8180 8208 8207 3 8181 8212 8183 3 8181 8213 8212 3 8181 8226 8213 3 8183 8212 8274 3 8184 8274 8211 3 8184 8211 8218 3 8184 8218 8186 3 8186 8220 8188 3 8186 8218 8220 3 8187 8261 8258 3 8187 8222 8261 3 8188 8221 8189 3 8188 8220 8221 3 8189 8223 8191 3 8189 8221 8223 3 8191 8224 8192 3 8191 8223 8224 3 8192 8224 8225 3 8194 8267 8228 3 8195 8230 8196 3 8195 8229 8230 3 8196 8232 8233 3 8196 8230 8232 3 8197 8231 8267 3 8197 8215 8231 3 8198 8467 8415 3 8198 8300 8353 3 8198 8415 8300 3 8199 8235 8238 3 8200 8204 8236 3 8201 8239 8202 3 8201 8217 8239 3 8202 8240 8203 3 8202 8239 8240 3 8203 8240 8302 3 8203 8302 8241 3 8203 8241 8204 3 8204 8241 8236 3 8205 8244 8243 3 8205 8206 8244 3 8206 8207 8244 3 8207 8245 8244 3 8207 8208 8245 3 8208 8249 8248 3 8208 8248 8245 3 8209 8213 8226 3 8209 8251 8213 3 8209 8399 8251 3 8209 8246 8399 3 8211 8279 8218 3 8211 8274 8255 3 8211 8255 8277 3 8211 8277 8279 3 8212 8213 8250 3 8212 8250 8255 3 8212 8255 8274 3 8213 8251 8250 3 8214 8216 8253 3 8214 8263 8216 3 8214 8441 8263 3 8214 8253 8252 3 8215 8396 8380 3 8215 8380 8231 3 8216 8254 8253 3 8217 8238 8269 3 8217 8269 8239 3 8218 8259 8220 3 8218 8282 8259 3 8218 8279 8282 3 8220 8259 8221 3 8221 8259 8260 3 8221 8260 8223 3 8222 8262 8261 3 8223 8260 8429 3 8223 8429 8224 3 8224 8429 8264 3 8224 8264 8225 3 8225 8227 8229 3 8225 8264 8227 3 8227 8230 8229 3 8227 8264 8319 3 8228 8267 8289 3 8228 8289 8287 3 8228 8287 8265 3 8231 8290 8289 3 8231 8289 8267 3 8231 8380 8290 3 8232 8291 8233 3 8233 8291 8293 3 8235 8268 8238 3 8236 8299 8396 3 8236 8298 8299 3 8236 8241 8298 3 8238 8268 8269 3 8239 8269 8270 3 8239 8270 8240 3 8240 8270 8302 3 8241 8302 8298 3 8242 8247 8246 3 8242 8243 8247 3 8243 8244 8272 3 8244 8245 8272 3 8246 8316 8399 3 8246 8247 8316 3 8248 8273 8305 3 8248 8249 8273 3 8249 8252 8273 3 8250 8251 8438 3 8250 8438 8255 3 8253 8254 8275 3 8254 8278 8275 3 8255 8438 8277 3 8257 8258 8281 3 8257 8281 8280 3 8257 8280 8278 3 8258 8261 8281 3 8259 8282 8283 3 8259 8283 8260 3 8261 8262 8284 3 8261 8284 8303 3 8261 8303 8281 3 8262 8285 8284 3 8262 8265 8285 3 8264 8286 8319 3 8264 8429 8286 3 8265 8287 8285 3 8268 8297 8393 3 8268 8393 8269 3 8271 8367 8397 3 8271 8368 8367 3 8271 8397 8431 3 8271 8431 8432 3 8271 8432 8406 3 8271 8406 8368 3 8273 8306 8305 3 8275 8278 8310 3 8275 8310 8309 3 8276 8348 8310 3 8276 8310 8280 3 8276 8280 8281 3 8276 8281 8314 3 8276 8314 8292 3 8276 8292 8348 3 8277 8438 8294 3 8277 8294 8311 3 8277 8311 8279 3 8278 8280 8310 3 8279 8311 8312 3 8279 8312 8282 3 8281 8303 8314 3 8282 8312 8313 3 8282 8313 8283 3 8285 8287 8318 3 8286 8429 8317 3 8286 8317 8355 3 8286 8355 8319 3 8287 8320 8318 3 8287 8289 8320 3 8289 8322 8320 3 8289 8290 8322 3 8290 8380 8325 3 8290 8325 8322 3 8291 8324 8293 3 8291 8323 8324 3 8292 8314 8352 3 8292 8433 8348 3 8292 8382 8433 3 8292 8352 8382 3 8293 8324 8326 3 8294 8347 8311 3 8294 8373 8345 3 8294 8345 8347 3 8295 8325 8380 3 8295 8380 8396 3 8295 8396 8299 3 8295 8299 8327 3 8295 8327 8325 3 8296 8326 8364 3 8296 8364 8328 3 8296 8328 8297 3 8297 8328 8329 3 8297 8329 8393 3 8298 8302 8332 3 8298 8332 8333 3 8298 8333 8299 3 8299 8333 8327 3 8300 8451 8353 3 8300 8415 8451 3 8302 8331 8332 3 8303 8352 8314 3 8304 8336 8335 3 8305 8306 8337 3 8306 8341 8337 3 8306 8308 8341 3 8308 8309 8343 3 8308 8343 8341 3 8309 8310 8346 3 8309 8346 8343 3 8310 8348 8346 3 8311 8347 8312 3 8312 8349 8313 3 8312 8347 8349 3 8313 8349 8351 3 8315 8336 8340 3 8315 8372 8336 3 8315 8402 8372 3 8316 8334 8339 3 8316 8339 8338 3 8316 8338 8399 3 8317 8351 8381 3 8317 8354 8355 3 8317 8381 8354 3 8318 8320 8356 3 8319 8357 8321 3 8319 8355 8357 3 8320 8358 8356 3 8320 8322 8358 3 8321 8357 8359 3 8321 8359 8323 3 8322 8325 8350 3 8322 8350 8358 3 8323 8359 8360 3 8323 8360 8324 3 8324 8360 8362 3 8324 8362 8326 3 8325 8327 8363 3 8325 8363 8350 3 8326 8362 8364 3 8327 8365 8363 3 8327 8333 8365 3 8328 8366 8329 3 8329 8366 8367 3 8331 8368 8332 3 8331 8367 8368 3 8332 8368 8406 3 8332 8406 8333 3 8333 8406 8365 3 8334 8369 8339 3 8334 8335 8369 3 8335 8336 8372 3 8335 8372 8369 3 8336 8337 8340 3 8337 8341 8340 3 8338 8370 8373 3 8338 8339 8370 3 8339 8400 8370 3 8339 8371 8400 3 8339 8369 8371 3 8341 8343 8452 3 8342 8371 8402 3 8342 8400 8371 3 8342 8405 8400 3 8342 8437 8405 3 8342 8353 8437 3 8343 8346 8452 3 8345 8373 8375 3 8345 8375 8376 3 8345 8376 8347 3 8346 8377 8452 3 8346 8348 8377 3 8347 8376 8378 3 8347 8378 8349 3 8348 8433 8377 3 8349 8378 8379 3 8349 8379 8351 3 8350 8390 8358 3 8350 8363 8392 3 8350 8392 8390 3 8351 8379 8381 3 8352 8385 8382 3 8354 8386 8355 3 8354 8381 8384 3 8354 8384 8386 3 8355 8386 8357 3 8356 8387 8385 3 8356 8358 8387 3 8357 8386 8388 3 8357 8388 8359 3 8358 8390 8387 3 8359 8391 8360 3 8359 8388 8391 3 8360 8374 8362 3 8360 8391 8374 3 8362 8374 8364 3 8363 8395 8392 3 8363 8365 8395 3 8364 8374 8439 3 8365 8406 8394 3 8365 8394 8395 3 8366 8397 8367 3 8369 8372 8371 3 8370 8404 8375 3 8370 8375 8373 3 8370 8400 8404 3 8371 8372 8402 3 8374 8391 8426 3 8374 8426 8439 3 8375 8407 8376 3 8375 8404 8407 3 8376 8410 8378 3 8376 8407 8410 3 8377 8433 8412 3 8377 8412 8409 3 8377 8409 8452 3 8378 8410 8379 3 8379 8414 8381 3 8379 8410 8414 3 8381 8416 8384 3 8381 8414 8416 3 8382 8385 8417 3 8382 8417 8477 3 8382 8477 8433 3 8383 8395 8394 3 8383 8394 8432 3 8383 8432 8474 3 8383 8474 8475 3 8383 8475 8427 3 8383 8427 8395 3 8384 8421 8386 3 8384 8418 8421 3 8384 8416 8418 3 8385 8420 8417 3 8385 8387 8420 3 8386 8421 8388 3 8387 8390 8422 3 8387 8422 8420 3 8388 8421 8423 3 8388 8423 8391 3 8389 8390 8392 3 8389 8422 8390 3 8389 8425 8422 3 8389 8427 8425 3 8389 8392 8427 3 8391 8423 8426 3 8392 8395 8427 3 8394 8406 8432 3 8397 8430 8431 3 8400 8405 8404 3 8404 8405 8408 3 8404 8408 8407 3 8405 8437 8408 3 8407 8408 8411 3 8407 8411 8410 3 8408 8440 8411 3 8408 8437 8440 3 8410 8411 8413 3 8410 8413 8414 3 8411 8440 8413 3 8412 8433 8477 3 8413 8416 8414 3 8413 8449 8416 3 8413 8440 8449 3 8415 8457 8451 3 8415 8463 8457 3 8415 8459 8463 3 8415 8467 8459 3 8416 8449 8418 3 8417 8455 8477 3 8417 8419 8455 3 8417 8420 8419 3 8418 8449 8453 3 8418 8453 8421 3 8419 8420 8422 3 8419 8422 8425 3 8419 8425 8464 3 8419 8464 8455 3 8421 8453 8423 3 8423 8460 8424 3 8423 8424 8426 3 8423 8453 8460 3 8424 8442 8426 3 8424 8465 8442 3 8424 8460 8465 3 8425 8427 8475 3 8425 8475 8470 3 8425 8470 8464 3 8426 8442 8439 3 8428 8430 8439 3 8428 8439 8442 3 8428 8472 8471 3 8428 8471 8430 3 8428 8442 8472 3 8430 8471 8431 3 8431 8471 8474 3 8431 8474 8432 3 8440 8445 8449 3 8442 8465 8466 3 8442 8466 8472 3 8445 8450 8454 3 8445 8454 8449 3 8449 8454 8453 3 8450 8461 8454 3 8450 8457 8461 3 8450 8451 8457 3 8453 8454 8460 3 8454 8461 8460 3 8455 8467 8477 3 8455 8459 8467 3 8455 8464 8459 3 8457 8462 8461 3 8457 8463 8462 3 8459 8464 8470 3 8459 8470 8463 3 8460 8461 8465 3 8461 8462 8466 3 8461 8466 8465 3 8462 8472 8466 3 8462 8469 8468 3 8462 8463 8469 3 8462 8468 8472 3 8463 8470 8469 3 8468 8469 8474 3 8468 8474 8471 3 8468 8471 8472 3 8469 8470 8475 3 8469 8475 8474 
4833 1208 3 8478 8829 8481 3 8478 8481 8482 3 8478 8482 8508 3 8478 8533 8759 3 8478 8759 8829 3 8478 8506 8533 3 8478 8508 8506 3 8479 8949 8999 3 8479 8999 8483 3 8479 8483 8696 3 8479 8696 8507 3 8479 8507 8949 3 8480 8829 8504 3 8480 8504 8696 3 8480 8696 8483 3 8480 8483 8495 3 8480 8495 8481 3 8480 8481 8829 3 8481 8495 8482 3 8482 8495 8484 3 8482 8484 8508 3 8483 8999 8505 3 8483 8505 8495 3 8484 8619 8508 3 8484 9072 8619 3 8484 8489 9072 3 8484 8495 8489 3 8485 8763 8762 3 8485 8762 8825 3 8485 8799 8763 3 8485 8825 8864 3 8485 8865 8799 3 8485 8864 8865 3 8486 8849 8944 3 8486 8944 8733 3 8486 8991 8849 3 8486 8733 9006 3 8486 9006 9010 3 8486 9010 8991 3 8487 8513 8491 3 8487 8491 8999 3 8487 8999 8949 3 8487 8949 8511 3 8487 8511 8513 3 8488 8493 8996 3 8488 8512 8493 3 8488 8539 8512 3 8488 8542 8539 3 8488 8518 8542 3 8488 8996 8518 3 8489 8495 8957 3 8489 8957 8497 3 8489 8497 8493 3 8489 8493 9072 3 8490 9039 9079 3 8490 9003 9039 3 8490 8972 9003 3 8490 9070 8972 3 8490 8965 9070 3 8490 9079 8965 3 8491 8513 8515 3 8491 8494 8492 3 8491 8492 8999 3 8491 8515 8494 3 8492 8494 8967 3 8492 8758 8999 3 8492 8967 8758 3 8493 8512 9072 3 8493 8497 8996 3 8494 8515 8520 3 8494 8520 8498 3 8494 8498 8967 3 8495 8758 8957 3 8495 8505 8758 3 8496 9028 8939 3 8496 8548 9028 3 8496 9068 8548 3 8496 9071 9068 3 8496 9069 9071 3 8496 8939 9069 3 8497 8957 8500 3 8497 8500 8501 3 8497 8501 8996 3 8498 8520 8521 3 8498 8521 9050 3 8498 9050 8967 3 8499 8835 8872 3 8499 8876 8835 3 8499 8872 8912 3 8499 9066 8876 3 8499 8856 9066 3 8499 8912 8856 3 8500 8967 9050 3 8500 8957 8967 3 8500 9050 8502 3 8500 8502 8501 3 8501 8502 8522 3 8501 8522 8523 3 8501 8523 8996 3 8502 9050 8841 3 8502 8841 8526 3 8502 8526 8522 3 8503 8696 8504 3 8503 8507 8696 3 8503 8529 8507 3 8503 8530 8529 3 8503 8504 8530 3 8504 8531 8530 3 8504 8829 8531 3 8505 8999 8758 3 8506 8557 8533 3 8506 8508 8619 3 8506 8619 8806 3 8506 8806 8559 3 8506 8559 8557 3 8507 8842 8949 3 8507 8532 8842 3 8507 8529 8532 3 8509 8956 8547 3 8509 8547 8572 3 8509 8572 8631 3 8509 8631 8576 3 8509 8576 8550 3 8509 8550 8956 3 8510 8619 8512 3 8510 8977 8619 3 8510 8512 8539 3 8510 8539 8909 3 8510 8909 8977 3 8511 8535 8537 3 8511 8842 8535 3 8511 8949 8842 3 8511 8537 8538 3 8511 8538 8513 3 8512 8619 9072 3 8513 8541 8514 3 8513 8514 8515 3 8513 8538 8541 3 8514 8541 8611 3 8514 8611 8516 3 8514 8516 8515 3 8515 8516 8519 3 8515 8519 8520 3 8516 8611 8569 3 8516 8569 8519 3 8517 8555 8580 3 8517 8558 8555 3 8517 8585 8558 3 8517 8610 8585 3 8517 8607 8610 3 8517 8580 8607 3 8518 8544 8542 3 8518 8996 8523 3 8518 8523 8545 3 8518 8545 8544 3 8519 8569 8571 3 8519 8571 9021 3 8519 9021 8524 3 8519 8524 8520 3 8520 8524 8521 3 8521 8524 8547 3 8521 8547 8956 3 8521 8956 9050 3 8522 8526 8527 3 8522 8527 8523 3 8523 8527 8818 3 8523 8818 8545 3 8524 9021 8547 3 8525 8557 8559 3 8525 8583 8557 3 8525 8609 8583 3 8525 8559 9014 3 8525 9014 8646 3 8525 8646 8609 3 8526 8528 8549 3 8526 8841 8528 3 8526 8549 8527 3 8527 9074 8818 3 8527 8549 9074 3 8528 8841 8956 3 8528 8956 8551 3 8528 8551 8549 3 8529 8555 8532 3 8529 8530 8552 3 8529 8552 8555 3 8530 8531 8553 3 8530 8553 8552 3 8531 8829 8759 3 8531 8759 8554 3 8531 8554 8553 3 8532 8672 8842 3 8532 8558 8672 3 8532 8555 8558 3 8533 8556 8759 3 8533 8557 8556 3 8534 8844 8783 3 8534 8783 8785 3 8534 8887 8844 3 8534 8785 9040 3 8534 8846 8887 3 8534 9040 8846 3 8535 8842 8672 3 8535 8672 8561 3 8535 8561 8562 3 8535 8562 8537 3 8536 8866 8904 3 8536 8969 8866 3 8536 8900 8969 3 8536 8940 8900 3 8536 8904 8975 3 8536 8975 8940 3 8537 8565 8538 3 8537 8562 8565 3 8538 8566 8541 3 8538 8565 8566 3 8539 8542 8567 3 8539 8567 8540 3 8539 8540 8909 3 8540 8590 8909 3 8540 9083 8590 3 8540 8567 9083 3 8541 8566 8611 3 8542 8544 8567 3 8543 8568 8595 3 8543 8725 8568 3 8543 8660 8725 3 8543 8595 8992 3 8543 8992 8660 3 8544 8568 8567 3 8544 8545 8570 3 8544 8570 8568 3 8545 8818 8570 3 8546 8802 8803 3 8546 8828 8802 3 8546 8868 8828 3 8546 8906 8868 3 8546 8803 8995 3 8546 8995 8871 3 8546 8907 8906 3 8546 8871 8907 3 8547 9021 8572 3 8548 9068 9062 3 8548 9062 9059 3 8548 9059 9022 3 8548 9022 9063 3 8548 9063 9028 3 8549 9017 9074 3 8549 8574 9017 3 8549 8551 8574 3 8550 8551 8956 3 8550 8601 8551 3 8550 8576 8601 3 8551 8601 8574 3 8552 8581 8555 3 8552 8578 8581 3 8552 8553 8578 3 8553 8554 8578 3 8554 8759 8773 3 8554 8579 8578 3 8554 8773 8579 3 8555 8581 8580 3 8556 8608 8773 3 8556 8773 8759 3 8556 8557 8583 3 8556 8583 8608 3 8558 8585 8672 3 8559 8979 9014 3 8559 8806 8979 3 8560 8638 8674 3 8560 8637 8638 3 8560 8673 8637 3 8560 8674 8706 3 8560 8709 8673 3 8560 8706 8739 3 8560 8739 8709 3 8561 8587 8562 3 8561 8585 8587 3 8561 8672 8585 3 8562 8564 8565 3 8562 8713 8564 3 8562 8587 8713 3 8563 8943 8906 3 8563 8906 8907 3 8563 8976 8943 3 8563 8907 8911 3 8563 8911 8946 3 8563 8980 8976 3 8563 8946 8980 3 8564 8713 9080 3 8564 9080 8589 3 8564 8589 8565 3 8565 8589 8566 3 8566 8589 8591 3 8566 8591 8592 3 8566 8592 8611 3 8567 8725 9083 3 8567 8568 8725 3 8568 8570 8595 3 8569 8611 8593 3 8569 8593 8594 3 8569 8594 8571 3 8570 8818 8573 3 8570 8597 8595 3 8570 8573 8597 3 8571 8594 8741 3 8571 8741 9021 3 8572 9021 8741 3 8572 8741 8598 3 8572 8598 8631 3 8573 8818 9074 3 8573 8628 8597 3 8573 8599 8628 3 8573 9074 8599 3 8574 8601 8602 3 8574 8602 9017 3 8575 8753 8705 3 8575 8705 8737 3 8575 8788 8753 3 8575 8755 8788 3 8575 8737 8755 3 8576 8600 8601 3 8576 8632 8600 3 8576 8631 8632 3 8577 8629 8760 3 8577 8760 8796 3 8577 8826 8792 3 8577 8792 8629 3 8577 8867 8826 3 8577 8796 8867 3 8578 8579 8986 3 8578 8986 8605 3 8578 8605 8581 3 8579 8773 8606 3 8579 8606 8986 3 8580 8581 8588 3 8580 8588 8607 3 8581 8605 8588 3 8582 8977 8909 3 8582 8979 8977 3 8582 8617 8979 3 8582 8909 8590 3 8582 8618 8617 3 8582 8590 8618 3 8583 8609 8608 3 8584 8681 8682 3 8584 8716 8681 3 8584 8682 8743 3 8584 8743 8775 3 8584 8775 8745 3 8584 8745 8716 3 8585 8610 8612 3 8585 8612 8614 3 8585 8614 8587 3 8586 8963 8694 3 8586 8990 9027 3 8586 8694 8990 3 8586 9027 8776 3 8586 8776 9043 3 8586 9043 8963 3 8587 8614 8713 3 8588 8640 8607 3 8588 8637 8640 3 8588 8605 8637 3 8589 9080 8620 3 8589 8620 8591 3 8590 9083 8654 3 8590 8654 8618 3 8591 8620 8971 3 8591 8971 8592 3 8592 8971 8622 3 8592 8622 8593 3 8592 8593 8611 3 8593 8622 8624 3 8593 8624 8594 3 8594 8624 8625 3 8594 8625 8741 3 8595 8626 8992 3 8595 8597 8626 3 8596 8870 8868 3 8596 8830 8870 3 8596 8908 8830 3 8596 8941 8908 3 8596 8868 8905 3 8596 8942 8941 3 8596 8905 8942 3 8597 8628 8626 3 8598 8741 8627 3 8598 8627 8630 3 8598 8630 8631 3 8599 9074 9017 3 8599 9017 8633 3 8599 8633 8628 3 8600 8632 8634 3 8600 8634 8635 3 8600 8635 8601 3 8601 8635 8602 3 8602 8636 9017 3 8602 8635 8636 3 8603 8980 8946 3 8603 8946 8832 3 8603 8832 8982 3 8603 9013 8980 3 8603 9016 9013 3 8603 8982 9016 3 8604 9067 8692 3 8604 8692 8754 3 8604 8754 8790 3 8604 8790 8791 3 8604 8791 8831 3 8604 8831 9067 3 8605 8638 8637 3 8605 8986 8638 3 8606 8773 8608 3 8606 8639 8986 3 8606 8641 8639 3 8606 8608 8641 3 8607 8640 8644 3 8607 8644 8610 3 8608 8642 8641 3 8608 8609 8642 3 8609 8646 8645 3 8609 8645 8642 3 8610 8644 8643 3 8610 8643 8612 3 8612 8643 8649 3 8612 8649 8614 3 8613 8928 8893 3 8613 8893 8853 3 8613 8853 8857 3 8613 8857 8898 3 8613 8898 9070 3 8613 9070 8965 3 8613 8965 8928 3 8614 8649 8648 3 8614 8648 8650 3 8614 8650 8713 3 8615 9014 8979 3 8615 8979 8617 3 8615 8617 9004 3 8615 9004 8647 3 8615 8647 9014 3 8616 8646 8647 3 8616 8680 8646 3 8616 8647 8683 3 8616 8715 8680 3 8616 8744 8715 3 8616 8746 8744 3 8616 8717 8746 3 8616 8683 8717 3 8617 8618 8651 3 8617 8651 9004 3 8618 8654 8651 3 8619 8977 8806 3 8620 8658 8971 3 8620 8655 8658 3 8620 9080 8655 3 8621 8874 8834 3 8621 8834 8807 3 8621 8807 9047 3 8621 9047 8811 3 8621 8811 8836 3 8621 8875 8874 3 8621 8836 8875 3 8622 8971 8659 3 8622 8659 8661 3 8622 8661 8624 3 8623 8663 9065 3 8623 8665 8663 3 8623 8698 8665 3 8623 9065 9081 3 8623 9081 8730 3 8623 8730 8698 3 8624 9067 8625 3 8624 8661 9067 3 8625 8627 8741 3 8625 8663 8627 3 8625 9065 8663 3 8625 9067 9065 3 8626 8628 8664 3 8626 8664 8662 3 8626 8662 8992 3 8627 8663 8630 3 8628 8667 8664 3 8628 8633 8667 3 8629 8728 8697 3 8629 8697 8699 3 8629 8699 8760 3 8629 8792 8728 3 8630 8663 8665 3 8630 8666 8631 3 8630 8665 8666 3 8631 8666 8632 3 8632 8666 8668 3 8632 8668 8634 3 8633 8671 8667 3 8633 8636 8671 3 8633 9017 8636 3 8634 8669 8635 3 8634 8702 8669 3 8634 8668 8702 3 8635 8670 8636 3 8635 8669 8670 3 8636 8670 8671 3 8637 8673 8640 3 8638 8986 8639 3 8638 8639 8674 3 8639 8641 8675 3 8639 8675 8674 3 8640 8673 8676 3 8640 8676 8644 3 8641 8642 8677 3 8641 8677 8675 3 8642 8645 8678 3 8642 8678 8677 3 8643 8644 8679 3 8643 8679 8682 3 8643 8682 8649 3 8644 8676 8679 3 8645 8646 8680 3 8645 8680 8678 3 8646 9014 8647 3 8647 9004 8683 3 8648 8684 8650 3 8648 8681 8684 3 8648 8649 8681 3 8649 8682 8681 3 8650 8652 8713 3 8650 8686 8652 3 8650 8684 8686 3 8651 8687 8685 3 8651 8685 9004 3 8651 8654 8687 3 8652 9080 8713 3 8652 8688 9080 3 8652 8686 8688 3 8653 8888 8845 3 8653 8845 8815 3 8653 8815 9032 3 8653 8923 8888 3 8653 9032 8881 3 8653 8881 8921 3 8653 8921 8923 3 8654 8689 8687 3 8654 8656 8689 3 8654 9083 8656 3 8655 9080 8688 3 8655 8688 8690 3 8655 8690 8658 3 8656 9083 8725 3 8656 8725 8657 3 8656 8657 8705 3 8656 8705 8689 3 8657 8725 8660 3 8657 8660 8737 3 8657 8737 8705 3 8658 8690 8691 3 8658 8691 8659 3 8658 8659 8971 3 8659 8691 8692 3 8659 8692 8661 3 8660 8992 8693 3 8660 8693 8737 3 8661 8692 9067 3 8662 8695 8992 3 8662 8697 8695 3 8662 8664 8697 3 8664 8699 8697 3 8664 8667 8699 3 8665 8698 8666 3 8666 8698 8700 3 8666 8700 8668 3 8667 8761 8699 3 8667 8704 8761 3 8667 8671 8704 3 8668 8701 8702 3 8668 8700 8701 3 8669 8962 8670 3 8669 8734 8962 3 8669 8702 8734 3 8670 8703 8671 3 8670 8962 8703 3 8671 8703 8704 3 8673 8709 8708 3 8673 8708 8676 3 8674 8675 8707 3 8674 8707 8706 3 8675 8677 8710 3 8675 8710 8707 3 8676 8708 8711 3 8676 8711 8679 3 8677 8678 8712 3 8677 8712 8710 3 8678 8680 8714 3 8678 8714 8712 3 8679 8711 8743 3 8679 8743 8682 3 8680 8715 8714 3 8681 8716 8684 3 8683 9004 8685 3 8683 8685 8717 3 8684 8716 8747 3 8684 8747 8719 3 8684 8719 8686 3 8685 8718 8717 3 8685 8687 8718 3 8686 8719 8721 3 8686 8721 8688 3 8687 8689 8723 3 8687 8723 8720 3 8687 8720 8718 3 8688 8721 8722 3 8688 8722 8690 3 8689 8705 8723 3 8690 8722 8724 3 8690 8724 8691 3 8691 8724 8726 3 8691 8726 8692 3 8692 8726 8754 3 8693 8727 8737 3 8693 8695 8727 3 8693 8992 8695 3 8694 8927 8925 3 8694 8925 8924 3 8694 8924 8958 3 8694 8963 8927 3 8694 8958 8990 3 8695 8728 8727 3 8695 8697 8728 3 8698 8730 8810 3 8698 8810 8700 3 8699 8761 8760 3 8700 8731 8701 3 8700 8810 8731 3 8701 8732 8702 3 8701 8731 8732 3 8702 8732 8734 3 8703 8736 8704 3 8703 8735 8736 3 8703 8962 8735 3 8704 8736 8761 3 8705 8753 8723 3 8706 8707 8742 3 8706 8742 8768 3 8706 8768 8739 3 8707 8710 8869 3 8707 8869 8742 3 8708 8709 8738 3 8708 8738 8740 3 8708 8740 8711 3 8709 8739 8738 3 8710 8712 8772 3 8710 8772 8729 3 8710 8729 8869 3 8711 8740 8910 3 8711 8910 8743 3 8712 8714 8772 3 8714 8715 8950 3 8714 8950 8772 3 8715 8744 8950 3 8716 8745 8747 3 8717 8718 8861 3 8717 8861 8746 3 8718 8720 9082 3 8718 9082 8861 3 8719 8747 8748 3 8719 8748 8782 3 8719 8782 8721 3 8720 8783 9082 3 8720 8750 8783 3 8720 8723 8750 3 8721 8782 8751 3 8721 8751 8722 3 8722 8751 8752 3 8722 8752 8724 3 8723 8753 8750 3 8724 8787 8726 3 8724 8752 8787 3 8726 8787 8754 3 8727 8755 8737 3 8727 8757 8755 3 8727 8728 8757 3 8728 8792 8757 3 8729 8995 8869 3 8729 8772 8807 3 8729 8807 8834 3 8729 8834 8995 3 8730 8795 8810 3 8730 8794 8795 3 8730 9081 8794 3 8731 8762 8732 3 8731 8798 8762 3 8731 8810 8798 3 8732 8763 8734 3 8732 8762 8763 3 8733 8944 8942 3 8733 8942 8943 3 8733 8943 8976 3 8733 8976 9006 3 8734 8764 8962 3 8734 8763 8764 3 8735 8765 8736 3 8735 8764 8765 3 8735 8962 8764 3 8736 8766 8761 3 8736 8765 8766 3 8738 8770 8740 3 8738 8767 8770 3 8738 8739 8767 3 8739 8768 8767 3 8740 8774 8910 3 8740 8770 8774 3 8742 8802 8768 3 8742 8869 8803 3 8742 8803 8802 3 8743 8910 8775 3 8744 8746 8777 3 8744 8777 8950 3 8745 8780 8747 3 8745 8778 8780 3 8745 8808 8778 3 8745 8775 8808 3 8746 8861 8779 3 8746 8779 8777 3 8747 8780 8748 3 8748 8780 8814 3 8748 8814 8782 3 8749 9078 9069 3 8749 9038 9078 3 8749 9042 9038 3 8749 8983 9042 3 8749 9034 8983 3 8749 8939 9034 3 8749 9069 8939 3 8750 8785 8783 3 8750 8753 8785 3 8751 8784 8752 3 8751 8782 8784 3 8752 8786 8787 3 8752 8784 8786 3 8753 8788 8785 3 8754 8787 8789 3 8754 8789 8790 3 8755 8816 8788 3 8755 8797 8816 3 8755 8757 8797 3 8756 8994 8959 3 8756 8959 8926 3 8756 8926 8928 3 8756 9079 8994 3 8756 8965 9079 3 8756 8928 8965 3 8757 8792 8797 3 8758 8967 8957 3 8760 8766 8796 3 8760 8761 8766 3 8762 8798 8825 3 8763 8799 8764 3 8764 8799 8765 3 8765 8800 8766 3 8765 8827 8800 3 8765 8799 8827 3 8766 8800 8796 3 8767 8768 8801 3 8767 8801 8805 3 8767 8805 8770 3 8768 8802 8801 3 8769 8786 8847 3 8769 8787 8786 3 8769 8789 8787 3 8769 8817 8789 3 8769 8850 8817 3 8769 8847 8890 3 8769 8890 8850 3 8770 8805 8804 3 8770 8804 8774 3 8771 9046 9011 3 8771 9011 9012 3 8771 9012 9048 3 8771 9048 9053 3 8771 9052 9046 3 8771 9053 9052 3 8772 8950 9047 3 8772 9047 8807 3 8774 8804 8833 3 8774 8833 8809 3 8774 8809 8910 3 8775 8910 8809 3 8775 8809 8808 3 8776 9036 9043 3 8776 9027 9030 3 8776 9030 9033 3 8776 9033 9036 3 8777 8811 8950 3 8777 8812 8811 3 8777 8779 8812 3 8778 8808 8838 3 8778 8838 9009 3 8778 9009 8780 3 8779 8813 8812 3 8779 8781 8813 3 8779 8861 8781 3 8780 9009 8814 3 8781 8861 9082 3 8781 8997 8813 3 8781 8843 8997 3 8781 9082 8843 3 8782 8814 9032 3 8782 9032 8815 3 8782 8815 8784 3 8783 8844 9082 3 8784 8815 8786 3 8785 8788 9040 3 8786 8815 8845 3 8786 8845 8847 3 8788 8816 9040 3 8789 8817 8790 3 8790 8819 8791 3 8790 8817 8819 3 8791 8793 8831 3 8791 8820 8793 3 8791 8819 8820 3 8792 8826 8797 3 8793 8794 9081 3 8793 9081 8831 3 8793 8822 8794 3 8793 8820 8822 3 8794 8823 8795 3 8794 8822 8823 3 8795 8798 8810 3 8795 8824 8798 3 8795 8823 8824 3 8796 8862 8867 3 8796 8821 8862 3 8796 8800 8821 3 8797 8851 8816 3 8797 8826 8853 3 8797 8853 8851 3 8798 8824 8825 3 8799 8866 8827 3 8799 8865 8866 3 8800 8827 8821 3 8801 8870 8805 3 8801 8828 8870 3 8801 8802 8828 3 8803 8869 8995 3 8804 8872 8833 3 8804 8830 8872 3 8804 8805 8830 3 8805 8870 8830 3 8806 8977 8979 3 8808 8809 8837 3 8808 8837 8838 3 8809 8835 8837 3 8809 8833 8835 3 8811 9047 8950 3 8811 8812 8836 3 8812 8839 8836 3 8812 8813 8839 3 8813 8997 8839 3 8814 9009 9032 3 8816 8848 9040 3 8816 8851 8848 3 8817 8854 8819 3 8817 8852 8854 3 8817 8850 8852 3 8819 8854 8820 3 8820 8855 8822 3 8820 8854 8855 3 8821 8827 8969 3 8821 8969 8901 3 8821 8901 8862 3 8822 8858 8823 3 8822 8855 8858 3 8823 8859 8824 3 8823 8858 8859 3 8824 8863 8825 3 8824 8859 8863 3 8825 8863 8864 3 8826 8867 8857 3 8826 8857 8853 3 8827 8866 8969 3 8828 8868 8870 3 8830 8908 8872 3 8831 9065 9067 3 8831 9081 9065 3 8832 8946 8914 3 8832 8914 8915 3 8832 8951 8982 3 8832 8915 8951 3 8833 8872 8835 3 8834 8871 8995 3 8834 8873 8871 3 8834 8874 8873 3 8835 8876 8837 3 8836 8877 8875 3 8836 8839 8877 3 8837 9023 8838 3 8837 8876 9023 3 8838 8879 9009 3 8838 9023 8879 3 8839 8878 8877 3 8839 8880 8878 3 8839 8997 8880 3 8840 9030 9064 3 8840 9073 9030 3 8840 8948 9073 3 8840 9064 9060 3 8840 9007 8948 3 8840 9060 9007 3 8841 9050 8956 3 8843 9082 8844 3 8843 8882 8997 3 8843 8885 8882 3 8843 8844 8885 3 8844 8887 8885 3 8845 8888 8847 3 8846 8889 8887 3 8846 9040 8848 3 8846 8848 8889 3 8847 8888 8890 3 8848 8851 8891 3 8848 8891 8889 3 8849 8856 8912 3 8849 8912 8941 3 8849 8941 8944 3 8849 8991 8856 3 8850 8892 8852 3 8850 8890 8892 3 8851 8853 8893 3 8851 8893 8891 3 8852 8895 8854 3 8852 8894 8895 3 8852 8892 8894 3 8854 8895 8855 3 8855 8896 8858 3 8855 8895 8896 3 8856 8981 9066 3 8856 9015 8981 3 8856 8991 9015 3 8857 8867 8898 3 8858 8899 8859 3 8858 8896 8899 3 8859 8860 8863 3 8859 8899 8860 3 8860 8936 8863 3 8860 8899 8922 3 8860 8922 8936 3 8862 8901 8897 3 8862 8897 8867 3 8863 8902 8864 3 8863 8936 8902 3 8864 8902 8865 3 8865 8902 8903 3 8865 8903 8866 3 8866 8903 8904 3 8867 8897 8898 3 8868 8906 8905 3 8871 8911 8907 3 8871 8873 8911 3 8872 8908 8912 3 8873 8946 8911 3 8873 8914 8946 3 8873 8874 8914 3 8874 8875 8914 3 8875 8915 8914 3 8875 8877 8915 3 8876 9066 9023 3 8877 8878 8915 3 8878 8916 8915 3 8878 8919 8916 3 8878 8880 8919 3 8879 8881 9009 3 8879 8917 8881 3 8879 9023 8917 3 8880 8997 8882 3 8880 8920 8919 3 8880 8882 8920 3 8881 9032 9009 3 8881 8917 8921 3 8882 8883 8920 3 8882 8885 8883 3 8883 8885 8960 3 8883 8960 8930 3 8883 8930 8886 3 8883 8886 8920 3 8884 8930 8960 3 8884 8960 8959 3 8884 8993 8930 3 8884 8994 8993 3 8884 8959 8994 3 8885 8887 8960 3 8886 8953 8920 3 8886 8985 8953 3 8886 8989 8985 3 8886 8930 8989 3 8887 8889 8960 3 8888 8924 8890 3 8888 8923 8924 3 8889 8891 8926 3 8889 8926 8959 3 8889 8959 8960 3 8890 8925 8892 3 8890 8924 8925 3 8891 8928 8926 3 8891 8893 8928 3 8892 8927 8894 3 8892 8925 8927 3 8894 8931 8895 3 8894 8929 8931 3 8894 8927 8929 3 8895 8931 8896 3 8896 8933 8899 3 8896 8932 8933 3 8896 8931 8932 3 8897 8935 8898 3 8897 8934 8935 3 8897 8901 8934 3 8898 8935 9070 3 8899 8933 8922 3 8900 8901 8969 3 8900 8934 8901 3 8900 8940 8934 3 8902 8938 8903 3 8902 8937 8938 3 8902 8936 8937 3 8903 8938 8904 3 8904 8974 8975 3 8904 8938 8974 3 8905 8943 8942 3 8905 8906 8943 3 8908 8941 8912 3 8913 8970 9000 3 8913 8973 8970 3 8913 9005 8973 3 8913 9044 9005 3 8913 9041 9044 3 8913 9000 9041 3 8915 8916 8951 3 8916 8919 8953 3 8916 8953 8952 3 8916 8952 8951 3 8917 9023 8918 3 8917 8918 8954 3 8917 8954 8921 3 8918 9023 9066 3 8918 9066 8945 3 8918 8945 8954 3 8919 8920 8953 3 8921 8955 8923 3 8921 8954 8955 3 8922 8933 8968 3 8922 8968 9000 3 8922 8970 8936 3 8922 9000 8970 3 8923 8958 8924 3 8923 8955 8987 3 8923 8987 8958 3 8927 8963 8929 3 8929 8963 8964 3 8929 8964 8931 3 8930 8993 8989 3 8931 8964 8932 3 8932 8964 8966 3 8932 8966 8933 3 8933 8966 8968 3 8934 8972 8935 3 8934 8940 8972 3 8935 8972 9070 3 8936 8970 8937 3 8937 8970 8973 3 8937 8973 8938 3 8938 8973 8974 3 8939 9028 9031 3 8939 9031 9034 3 8940 9002 8972 3 8940 8975 9002 3 8941 8942 8944 3 8945 8984 8954 3 8945 9066 8981 3 8945 9018 8984 3 8945 8981 9018 3 8947 9049 9015 3 8947 9015 8991 3 8947 8991 9045 3 8947 9056 9049 3 8947 9051 9056 3 8947 9045 9051 3 8948 9076 9073 3 8948 9075 9076 3 8948 9007 8978 3 8948 8978 9071 3 8948 9071 9075 3 8951 8952 8982 3 8952 9020 8982 3 8952 8985 9020 3 8952 8953 8985 3 8954 8984 8955 3 8955 8984 8987 3 8958 8987 8990 3 8961 9000 8968 3 8961 8968 8966 3 8961 8966 8998 3 8961 9041 9000 3 8961 8998 9036 3 8961 9036 9037 3 8961 9037 9041 3 8963 9043 8964 3 8964 8998 8966 3 8964 9043 8998 3 8972 9002 9003 3 8973 9005 8974 3 8974 9005 8975 3 8975 9005 9002 3 8976 9008 9006 3 8976 8980 9008 3 8978 9061 9058 3 8978 9058 9062 3 8978 9007 9061 3 8978 9062 9068 3 8978 9068 9071 3 8980 9013 9012 3 8980 9012 9008 3 8981 9015 9018 3 8982 9019 9016 3 8982 9020 9019 3 8983 9034 9039 3 8983 9039 9003 3 8983 9001 9042 3 8983 9002 9001 3 8983 9003 9002 3 8984 8988 8987 3 8984 9018 8988 3 8985 9024 9020 3 8985 8989 9024 3 8987 8988 8990 3 8988 9025 8990 3 8988 9055 9025 3 8988 9049 9055 3 8988 9018 9049 3 8989 8993 9026 3 8989 9026 9024 3 8990 9025 9027 3 8991 9010 9045 3 8993 9029 9026 3 8993 8994 9029 3 8994 9035 9029 3 8994 9079 9035 3 8998 9043 9036 3 9001 9002 9005 3 9001 9005 9044 3 9001 9044 9042 3 9006 9008 9011 3 9006 9011 9010 3 9007 9060 9057 3 9007 9057 9061 3 9008 9012 9011 3 9010 9046 9045 3 9010 9011 9046 3 9012 9013 9048 3 9013 9016 9048 3 9015 9049 9018 3 9016 9019 9054 3 9016 9054 9048 3 9019 9059 9054 3 9019 9022 9059 3 9019 9020 9022 3 9020 9024 9022 3 9022 9024 9063 3 9024 9026 9063 3 9025 9055 9064 3 9025 9064 9027 3 9026 9028 9063 3 9026 9029 9028 3 9027 9064 9030 3 9028 9029 9031 3 9029 9035 9031 3 9030 9073 9033 3 9031 9035 9039 3 9031 9039 9034 3 9033 9037 9036 3 9033 9076 9037 3 9033 9073 9076 3 9035 9079 9039 3 9037 9077 9041 3 9037 9076 9077 3 9038 9077 9078 3 9038 9041 9077 3 9038 9044 9041 3 9038 9042 9044 3 9045 9046 9051 3 9046 9052 9051 3 9048 9054 9058 3 9048 9058 9053 3 9049 9056 9055 3 9051 9052 9057 3 9051 9057 9056 3 9052 9061 9057 3 9052 9053 9061 3 9053 9058 9061 3 9054 9059 9058 3 9055 9056 9060 3 9055 9060 9064 3 9056 9057 9060 3 9058 9059 9062 3 9069 9075 9071 3 9069 9078 9075 3 9075 9078 9076 3 9076 9078 9077 
4833 1208 3 9084 9435 9087 3 9084 9087 9088 3 9084 9088 9114 3 9084 9139 9365 3 9084 9365 9435 3 9084 9112 9139 3 9084 9114 9112 3 9085 9555 9605 3 9085 9605 9089 3 9085 9089 9302 3 9085 9302 9113 3 9085 9113 9555 3 9086 9435 9110 3 9086 9110 9302 3 9086 9302 9089 3 9086 9089 9101 3 9086 9101 9087 3 9086 9087 9435 3 9087 9101 9088 3 9088 9101 9090 3 9088 9090 9114 3 9089 9605 9111 3 9089 9111 9101 3 9090 9225 9114 3 9090 9678 9225 3 9090 9095 9678 3 9090 9101 9095 3 9091 9369 9368 3 9091 9368 9431 3 9091 9405 9369 3 9091 9431 9470 3 9091 9471 9405 3 9091 9470 9471 3 9092 9455 9550 3 9092 9550 9339 3 9092 9597 9455 3 9092 9339 9612 3 9092 9612 9616 3 9092 9616 9597 3 9093 9119 9097 3 9093 9097 9605 3 9093 9605 9555 3 9093 9555 9117 3 9093 9117 9119 3 9094 9099 9602 3 9094 9118 9099 3 9094 9145 9118 3 9094 9148 9145 3 9094 9124 9148 3 9094 9602 9124 3 9095 9101 9563 3 9095 9563 9103 3 9095 9103 9099 3 9095 9099 9678 3 9096 9645 9685 3 9096 9609 9645 3 9096 9578 9609 3 9096 9676 9578 3 9096 9571 9676 3 9096 9685 9571 3 9097 9119 9121 3 9097 9100 9098 3 9097 9098 9605 3 9097 9121 9100 3 9098 9100 9573 3 9098 9364 9605 3 9098 9573 9364 3 9099 9118 9678 3 9099 9103 9602 3 9100 9121 9126 3 9100 9126 9104 3 9100 9104 9573 3 9101 9364 9563 3 9101 9111 9364 3 9102 9634 9545 3 9102 9154 9634 3 9102 9674 9154 3 9102 9677 9674 3 9102 9675 9677 3 9102 9545 9675 3 9103 9563 9106 3 9103 9106 9107 3 9103 9107 9602 3 9104 9126 9127 3 9104 9127 9656 3 9104 9656 9573 3 9105 9441 9478 3 9105 9482 9441 3 9105 9478 9518 3 9105 9672 9482 3 9105 9462 9672 3 9105 9518 9462 3 9106 9573 9656 3 9106 9563 9573 3 9106 9656 9108 3 9106 9108 9107 3 9107 9108 9128 3 9107 9128 9129 3 9107 9129 9602 3 9108 9656 9447 3 9108 9447 9132 3 9108 9132 9128 3 9109 9302 9110 3 9109 9113 9302 3 9109 9135 9113 3 9109 9136 9135 3 9109 9110 9136 3 9110 9137 9136 3 9110 9435 9137 3 9111 9605 9364 3 9112 9163 9139 3 9112 9114 9225 3 9112 9225 9412 3 9112 9412 9165 3 9112 9165 9163 3 9113 9448 9555 3 9113 9138 9448 3 9113 9135 9138 3 9115 9562 9153 3 9115 9153 9178 3 9115 9178 9237 3 9115 9237 9182 3 9115 9182 9156 3 9115 9156 9562 3 9116 9225 9118 3 9116 9583 9225 3 9116 9118 9145 3 9116 9145 9515 3 9116 9515 9583 3 9117 9141 9143 3 9117 9448 9141 3 9117 9555 9448 3 9117 9143 9144 3 9117 9144 9119 3 9118 9225 9678 3 9119 9147 9120 3 9119 9120 9121 3 9119 9144 9147 3 9120 9147 9217 3 9120 9217 9122 3 9120 9122 9121 3 9121 9122 9125 3 9121 9125 9126 3 9122 9217 9175 3 9122 9175 9125 3 9123 9161 9186 3 9123 9164 9161 3 9123 9191 9164 3 9123 9216 9191 3 9123 9213 9216 3 9123 9186 9213 3 9124 9150 9148 3 9124 9602 9129 3 9124 9129 9151 3 9124 9151 9150 3 9125 9175 9177 3 9125 9177 9627 3 9125 9627 9130 3 9125 9130 9126 3 9126 9130 9127 3 9127 9130 9153 3 9127 9153 9562 3 9127 9562 9656 3 9128 9132 9133 3 9128 9133 9129 3 9129 9133 9424 3 9129 9424 9151 3 9130 9627 9153 3 9131 9163 9165 3 9131 9189 9163 3 9131 9215 9189 3 9131 9165 9620 3 9131 9620 9252 3 9131 9252 9215 3 9132 9134 9155 3 9132 9447 9134 3 9132 9155 9133 3 9133 9680 9424 3 9133 9155 9680 3 9134 9447 9562 3 9134 9562 9157 3 9134 9157 9155 3 9135 9161 9138 3 9135 9136 9158 3 9135 9158 9161 3 9136 9137 9159 3 9136 9159 9158 3 9137 9435 9365 3 9137 9365 9160 3 9137 9160 9159 3 9138 9278 9448 3 9138 9164 9278 3 9138 9161 9164 3 9139 9162 9365 3 9139 9163 9162 3 9140 9450 9389 3 9140 9389 9391 3 9140 9493 9450 3 9140 9391 9646 3 9140 9452 9493 3 9140 9646 9452 3 9141 9448 9278 3 9141 9278 9167 3 9141 9167 9168 3 9141 9168 9143 3 9142 9472 9510 3 9142 9575 9472 3 9142 9506 9575 3 9142 9546 9506 3 9142 9510 9581 3 9142 9581 9546 3 9143 9171 9144 3 9143 9168 9171 3 9144 9172 9147 3 9144 9171 9172 3 9145 9148 9173 3 9145 9173 9146 3 9145 9146 9515 3 9146 9196 9515 3 9146 9689 9196 3 9146 9173 9689 3 9147 9172 9217 3 9148 9150 9173 3 9149 9174 9201 3 9149 9331 9174 3 9149 9266 9331 3 9149 9201 9598 3 9149 9598 9266 3 9150 9174 9173 3 9150 9151 9176 3 9150 9176 9174 3 9151 9424 9176 3 9152 9408 9409 3 9152 9434 9408 3 9152 9474 9434 3 9152 9512 9474 3 9152 9409 9601 3 9152 9601 9477 3 9152 9513 9512 3 9152 9477 9513 3 9153 9627 9178 3 9154 9674 9668 3 9154 9668 9665 3 9154 9665 9628 3 9154 9628 9669 3 9154 9669 9634 3 9155 9623 9680 3 9155 9180 9623 3 9155 9157 9180 3 9156 9157 9562 3 9156 9207 9157 3 9156 9182 9207 3 9157 9207 9180 3 9158 9187 9161 3 9158 9184 9187 3 9158 9159 9184 3 9159 9160 9184 3 9160 9365 9379 3 9160 9185 9184 3 9160 9379 9185 3 9161 9187 9186 3 9162 9214 9379 3 9162 9379 9365 3 9162 9163 9189 3 9162 9189 9214 3 9164 9191 9278 3 9165 9585 9620 3 9165 9412 9585 3 9166 9244 9280 3 9166 9243 9244 3 9166 9279 9243 3 9166 9280 9312 3 9166 9315 9279 3 9166 9312 9345 3 9166 9345 9315 3 9167 9193 9168 3 9167 9191 9193 3 9167 9278 9191 3 9168 9170 9171 3 9168 9319 9170 3 9168 9193 9319 3 9169 9549 9512 3 9169 9512 9513 3 9169 9582 9549 3 9169 9513 9517 3 9169 9517 9552 3 9169 9586 9582 3 9169 9552 9586 3 9170 9319 9686 3 9170 9686 9195 3 9170 9195 9171 3 9171 9195 9172 3 9172 9195 9197 3 9172 9197 9198 3 9172 9198 9217 3 9173 9331 9689 3 9173 9174 9331 3 9174 9176 9201 3 9175 9217 9199 3 9175 9199 9200 3 9175 9200 9177 3 9176 9424 9179 3 9176 9203 9201 3 9176 9179 9203 3 9177 9200 9347 3 9177 9347 9627 3 9178 9627 9347 3 9178 9347 9204 3 9178 9204 9237 3 9179 9424 9680 3 9179 9234 9203 3 9179 9205 9234 3 9179 9680 9205 3 9180 9207 9208 3 9180 9208 9623 3 9181 9359 9311 3 9181 9311 9343 3 9181 9394 9359 3 9181 9361 9394 3 9181 9343 9361 3 9182 9206 9207 3 9182 9238 9206 3 9182 9237 9238 3 9183 9235 9366 3 9183 9366 9402 3 9183 9432 9398 3 9183 9398 9235 3 9183 9473 9432 3 9183 9402 9473 3 9184 9185 9592 3 9184 9592 9211 3 9184 9211 9187 3 9185 9379 9212 3 9185 9212 9592 3 9186 9187 9194 3 9186 9194 9213 3 9187 9211 9194 3 9188 9583 9515 3 9188 9585 9583 3 9188 9223 9585 3 9188 9515 9196 3 9188 9224 9223 3 9188 9196 9224 3 9189 9215 9214 3 9190 9287 9288 3 9190 9322 9287 3 9190 9288 9349 3 9190 9349 9381 3 9190 9381 9351 3 9190 9351 9322 3 9191 9216 9218 3 9191 9218 9220 3 9191 9220 9193 3 9192 9569 9300 3 9192 9596 9633 3 9192 9300 9596 3 9192 9633 9382 3 9192 9382 9649 3 9192 9649 9569 3 9193 9220 9319 3 9194 9246 9213 3 9194 9243 9246 3 9194 9211 9243 3 9195 9686 9226 3 9195 9226 9197 3 9196 9689 9260 3 9196 9260 9224 3 9197 9226 9577 3 9197 9577 9198 3 9198 9577 9228 3 9198 9228 9199 3 9198 9199 9217 3 9199 9228 9230 3 9199 9230 9200 3 9200 9230 9231 3 9200 9231 9347 3 9201 9232 9598 3 9201 9203 9232 3 9202 9476 9474 3 9202 9436 9476 3 9202 9514 9436 3 9202 9547 9514 3 9202 9474 9511 3 9202 9548 9547 3 9202 9511 9548 3 9203 9234 9232 3 9204 9347 9233 3 9204 9233 9236 3 9204 9236 9237 3 9205 9680 9623 3 9205 9623 9239 3 9205 9239 9234 3 9206 9238 9240 3 9206 9240 9241 3 9206 9241 9207 3 9207 9241 9208 3 9208 9242 9623 3 9208 9241 9242 3 9209 9586 9552 3 9209 9552 9438 3 9209 9438 9588 3 9209 9619 9586 3 9209 9622 9619 3 9209 9588 9622 3 9210 9673 9298 3 9210 9298 9360 3 9210 9360 9396 3 9210 9396 9397 3 9210 9397 9437 3 9210 9437 9673 3 9211 9244 9243 3 9211 9592 9244 3 9212 9379 9214 3 9212 9245 9592 3 9212 9247 9245 3 9212 9214 9247 3 9213 9246 9250 3 9213 9250 9216 3 9214 9248 9247 3 9214 9215 9248 3 9215 9252 9251 3 9215 9251 9248 3 9216 9250 9249 3 9216 9249 9218 3 9218 9249 9255 3 9218 9255 9220 3 9219 9534 9499 3 9219 9499 9459 3 9219 9459 9463 3 9219 9463 9504 3 9219 9504 9676 3 9219 9676 9571 3 9219 9571 9534 3 9220 9255 9254 3 9220 9254 9256 3 9220 9256 9319 3 9221 9620 9585 3 9221 9585 9223 3 9221 9223 9610 3 9221 9610 9253 3 9221 9253 9620 3 9222 9252 9253 3 9222 9286 9252 3 9222 9253 9289 3 9222 9321 9286 3 9222 9350 9321 3 9222 9352 9350 3 9222 9323 9352 3 9222 9289 9323 3 9223 9224 9257 3 9223 9257 9610 3 9224 9260 9257 3 9225 9583 9412 3 9226 9264 9577 3 9226 9261 9264 3 9226 9686 9261 3 9227 9480 9440 3 9227 9440 9413 3 9227 9413 9653 3 9227 9653 9417 3 9227 9417 9442 3 9227 9481 9480 3 9227 9442 9481 3 9228 9577 9265 3 9228 9265 9267 3 9228 9267 9230 3 9229 9269 9671 3 9229 9271 9269 3 9229 9304 9271 3 9229 9671 9687 3 9229 9687 9336 3 9229 9336 9304 3 9230 9673 9231 3 9230 9267 9673 3 9231 9233 9347 3 9231 9269 9233 3 9231 9671 9269 3 9231 9673 9671 3 9232 9234 9270 3 9232 9270 9268 3 9232 9268 9598 3 9233 9269 9236 3 9234 9273 9270 3 9234 9239 9273 3 9235 9334 9303 3 9235 9303 9305 3 9235 9305 9366 3 9235 9398 9334 3 9236 9269 9271 3 9236 9272 9237 3 9236 9271 9272 3 9237 9272 9238 3 9238 9272 9274 3 9238 9274 9240 3 9239 9277 9273 3 9239 9242 9277 3 9239 9623 9242 3 9240 9275 9241 3 9240 9308 9275 3 9240 9274 9308 3 9241 9276 9242 3 9241 9275 9276 3 9242 9276 9277 3 9243 9279 9246 3 9244 9592 9245 3 9244 9245 9280 3 9245 9247 9281 3 9245 9281 9280 3 9246 9279 9282 3 9246 9282 9250 3 9247 9248 9283 3 9247 9283 9281 3 9248 9251 9284 3 9248 9284 9283 3 9249 9250 9285 3 9249 9285 9288 3 9249 9288 9255 3 9250 9282 9285 3 9251 9252 9286 3 9251 9286 9284 3 9252 9620 9253 3 9253 9610 9289 3 9254 9290 9256 3 9254 9287 9290 3 9254 9255 9287 3 9255 9288 9287 3 9256 9258 9319 3 9256 9292 9258 3 9256 9290 9292 3 9257 9293 9291 3 9257 9291 9610 3 9257 9260 9293 3 9258 9686 9319 3 9258 9294 9686 3 9258 9292 9294 3 9259 9494 9451 3 9259 9451 9421 3 9259 9421 9638 3 9259 9529 9494 3 9259 9638 9487 3 9259 9487 9527 3 9259 9527 9529 3 9260 9295 9293 3 9260 9262 9295 3 9260 9689 9262 3 9261 9686 9294 3 9261 9294 9296 3 9261 9296 9264 3 9262 9689 9331 3 9262 9331 9263 3 9262 9263 9311 3 9262 9311 9295 3 9263 9331 9266 3 9263 9266 9343 3 9263 9343 9311 3 9264 9296 9297 3 9264 9297 9265 3 9264 9265 9577 3 9265 9297 9298 3 9265 9298 9267 3 9266 9598 9299 3 9266 9299 9343 3 9267 9298 9673 3 9268 9301 9598 3 9268 9303 9301 3 9268 9270 9303 3 9270 9305 9303 3 9270 9273 9305 3 9271 9304 9272 3 9272 9304 9306 3 9272 9306 9274 3 9273 9367 9305 3 9273 9310 9367 3 9273 9277 9310 3 9274 9307 9308 3 9274 9306 9307 3 9275 9568 9276 3 9275 9340 9568 3 9275 9308 9340 3 9276 9309 9277 3 9276 9568 9309 3 9277 9309 9310 3 9279 9315 9314 3 9279 9314 9282 3 9280 9281 9313 3 9280 9313 9312 3 9281 9283 9316 3 9281 9316 9313 3 9282 9314 9317 3 9282 9317 9285 3 9283 9284 9318 3 9283 9318 9316 3 9284 9286 9320 3 9284 9320 9318 3 9285 9317 9349 3 9285 9349 9288 3 9286 9321 9320 3 9287 9322 9290 3 9289 9610 9291 3 9289 9291 9323 3 9290 9322 9353 3 9290 9353 9325 3 9290 9325 9292 3 9291 9324 9323 3 9291 9293 9324 3 9292 9325 9327 3 9292 9327 9294 3 9293 9295 9329 3 9293 9329 9326 3 9293 9326 9324 3 9294 9327 9328 3 9294 9328 9296 3 9295 9311 9329 3 9296 9328 9330 3 9296 9330 9297 3 9297 9330 9332 3 9297 9332 9298 3 9298 9332 9360 3 9299 9333 9343 3 9299 9301 9333 3 9299 9598 9301 3 9300 9533 9531 3 9300 9531 9530 3 9300 9530 9564 3 9300 9569 9533 3 9300 9564 9596 3 9301 9334 9333 3 9301 9303 9334 3 9304 9336 9416 3 9304 9416 9306 3 9305 9367 9366 3 9306 9337 9307 3 9306 9416 9337 3 9307 9338 9308 3 9307 9337 9338 3 9308 9338 9340 3 9309 9342 9310 3 9309 9341 9342 3 9309 9568 9341 3 9310 9342 9367 3 9311 9359 9329 3 9312 9313 9348 3 9312 9348 9374 3 9312 9374 9345 3 9313 9316 9475 3 9313 9475 9348 3 9314 9315 9344 3 9314 9344 9346 3 9314 9346 9317 3 9315 9345 9344 3 9316 9318 9378 3 9316 9378 9335 3 9316 9335 9475 3 9317 9346 9516 3 9317 9516 9349 3 9318 9320 9378 3 9320 9321 9556 3 9320 9556 9378 3 9321 9350 9556 3 9322 9351 9353 3 9323 9324 9467 3 9323 9467 9352 3 9324 9326 9688 3 9324 9688 9467 3 9325 9353 9354 3 9325 9354 9388 3 9325 9388 9327 3 9326 9389 9688 3 9326 9356 9389 3 9326 9329 9356 3 9327 9388 9357 3 9327 9357 9328 3 9328 9357 9358 3 9328 9358 9330 3 9329 9359 9356 3 9330 9393 9332 3 9330 9358 9393 3 9332 9393 9360 3 9333 9361 9343 3 9333 9363 9361 3 9333 9334 9363 3 9334 9398 9363 3 9335 9601 9475 3 9335 9378 9413 3 9335 9413 9440 3 9335 9440 9601 3 9336 9401 9416 3 9336 9400 9401 3 9336 9687 9400 3 9337 9368 9338 3 9337 9404 9368 3 9337 9416 9404 3 9338 9369 9340 3 9338 9368 9369 3 9339 9550 9548 3 9339 9548 9549 3 9339 9549 9582 3 9339 9582 9612 3 9340 9370 9568 3 9340 9369 9370 3 9341 9371 9342 3 9341 9370 9371 3 9341 9568 9370 3 9342 9372 9367 3 9342 9371 9372 3 9344 9376 9346 3 9344 9373 9376 3 9344 9345 9373 3 9345 9374 9373 3 9346 9380 9516 3 9346 9376 9380 3 9348 9408 9374 3 9348 9475 9409 3 9348 9409 9408 3 9349 9516 9381 3 9350 9352 9383 3 9350 9383 9556 3 9351 9386 9353 3 9351 9384 9386 3 9351 9414 9384 3 9351 9381 9414 3 9352 9467 9385 3 9352 9385 9383 3 9353 9386 9354 3 9354 9386 9420 3 9354 9420 9388 3 9355 9684 9675 3 9355 9644 9684 3 9355 9648 9644 3 9355 9589 9648 3 9355 9640 9589 3 9355 9545 9640 3 9355 9675 9545 3 9356 9391 9389 3 9356 9359 9391 3 9357 9390 9358 3 9357 9388 9390 3 9358 9392 9393 3 9358 9390 9392 3 9359 9394 9391 3 9360 9393 9395 3 9360 9395 9396 3 9361 9422 9394 3 9361 9403 9422 3 9361 9363 9403 3 9362 9600 9565 3 9362 9565 9532 3 9362 9532 9534 3 9362 9685 9600 3 9362 9571 9685 3 9362 9534 9571 3 9363 9398 9403 3 9364 9573 9563 3 9366 9372 9402 3 9366 9367 9372 3 9368 9404 9431 3 9369 9405 9370 3 9370 9405 9371 3 9371 9406 9372 3 9371 9433 9406 3 9371 9405 9433 3 9372 9406 9402 3 9373 9374 9407 3 9373 9407 9411 3 9373 9411 9376 3 9374 9408 9407 3 9375 9392 9453 3 9375 9393 9392 3 9375 9395 9393 3 9375 9423 9395 3 9375 9456 9423 3 9375 9453 9496 3 9375 9496 9456 3 9376 9411 9410 3 9376 9410 9380 3 9377 9652 9617 3 9377 9617 9618 3 9377 9618 9654 3 9377 9654 9659 3 9377 9658 9652 3 9377 9659 9658 3 9378 9556 9653 3 9378 9653 9413 3 9380 9410 9439 3 9380 9439 9415 3 9380 9415 9516 3 9381 9516 9415 3 9381 9415 9414 3 9382 9642 9649 3 9382 9633 9636 3 9382 9636 9639 3 9382 9639 9642 3 9383 9417 9556 3 9383 9418 9417 3 9383 9385 9418 3 9384 9414 9444 3 9384 9444 9615 3 9384 9615 9386 3 9385 9419 9418 3 9385 9387 9419 3 9385 9467 9387 3 9386 9615 9420 3 9387 9467 9688 3 9387 9603 9419 3 9387 9449 9603 3 9387 9688 9449 3 9388 9420 9638 3 9388 9638 9421 3 9388 9421 9390 3 9389 9450 9688 3 9390 9421 9392 3 9391 9394 9646 3 9392 9421 9451 3 9392 9451 9453 3 9394 9422 9646 3 9395 9423 9396 3 9396 9425 9397 3 9396 9423 9425 3 9397 9399 9437 3 9397 9426 9399 3 9397 9425 9426 3 9398 9432 9403 3 9399 9400 9687 3 9399 9687 9437 3 9399 9428 9400 3 9399 9426 9428 3 9400 9429 9401 3 9400 9428 9429 3 9401 9404 9416 3 9401 9430 9404 3 9401 9429 9430 3 9402 9468 9473 3 9402 9427 9468 3 9402 9406 9427 3 9403 9457 9422 3 9403 9432 9459 3 9403 9459 9457 3 9404 9430 9431 3 9405 9472 9433 3 9405 9471 9472 3 9406 9433 9427 3 9407 9476 9411 3 9407 9434 9476 3 9407 9408 9434 3 9409 9475 9601 3 9410 9478 9439 3 9410 9436 9478 3 9410 9411 9436 3 9411 9476 9436 3 9412 9583 9585 3 9414 9415 9443 3 9414 9443 9444 3 9415 9441 9443 3 9415 9439 9441 3 9417 9653 9556 3 9417 9418 9442 3 9418 9445 9442 3 9418 9419 9445 3 9419 9603 9445 3 9420 9615 9638 3 9422 9454 9646 3 9422 9457 9454 3 9423 9460 9425 3 9423 9458 9460 3 9423 9456 9458 3 9425 9460 9426 3 9426 9461 9428 3 9426 9460 9461 3 9427 9433 9575 3 9427 9575 9507 3 9427 9507 9468 3 9428 9464 9429 3 9428 9461 9464 3 9429 9465 9430 3 9429 9464 9465 3 9430 9469 9431 3 9430 9465 9469 3 9431 9469 9470 3 9432 9473 9463 3 9432 9463 9459 3 9433 9472 9575 3 9434 9474 9476 3 9436 9514 9478 3 9437 9671 9673 3 9437 9687 9671 3 9438 9552 9520 3 9438 9520 9521 3 9438 9557 9588 3 9438 9521 9557 3 9439 9478 9441 3 9440 9477 9601 3 9440 9479 9477 3 9440 9480 9479 3 9441 9482 9443 3 9442 9483 9481 3 9442 9445 9483 3 9443 9629 9444 3 9443 9482 9629 3 9444 9485 9615 3 9444 9629 9485 3 9445 9484 9483 3 9445 9486 9484 3 9445 9603 9486 3 9446 9636 9670 3 9446 9679 9636 3 9446 9554 9679 3 9446 9670 9666 3 9446 9613 9554 3 9446 9666 9613 3 9447 9656 9562 3 9449 9688 9450 3 9449 9488 9603 3 9449 9491 9488 3 9449 9450 9491 3 9450 9493 9491 3 9451 9494 9453 3 9452 9495 9493 3 9452 9646 9454 3 9452 9454 9495 3 9453 9494 9496 3 9454 9457 9497 3 9454 9497 9495 3 9455 9462 9518 3 9455 9518 9547 3 9455 9547 9550 3 9455 9597 9462 3 9456 9498 9458 3 9456 9496 9498 3 9457 9459 9499 3 9457 9499 9497 3 9458 9501 9460 3 9458 9500 9501 3 9458 9498 9500 3 9460 9501 9461 3 9461 9502 9464 3 9461 9501 9502 3 9462 9587 9672 3 9462 9621 9587 3 9462 9597 9621 3 9463 9473 9504 3 9464 9505 9465 3 9464 9502 9505 3 9465 9466 9469 3 9465 9505 9466 3 9466 9542 9469 3 9466 9505 9528 3 9466 9528 9542 3 9468 9507 9503 3 9468 9503 9473 3 9469 9508 9470 3 9469 9542 9508 3 9470 9508 9471 3 9471 9508 9509 3 9471 9509 9472 3 9472 9509 9510 3 9473 9503 9504 3 9474 9512 9511 3 9477 9517 9513 3 9477 9479 9517 3 9478 9514 9518 3 9479 9552 9517 3 9479 9520 9552 3 9479 9480 9520 3 9480 9481 9520 3 9481 9521 9520 3 9481 9483 9521 3 9482 9672 9629 3 9483 9484 9521 3 9484 9522 9521 3 9484 9525 9522 3 9484 9486 9525 3 9485 9487 9615 3 9485 9523 9487 3 9485 9629 9523 3 9486 9603 9488 3 9486 9526 9525 3 9486 9488 9526 3 9487 9638 9615 3 9487 9523 9527 3 9488 9489 9526 3 9488 9491 9489 3 9489 9491 9566 3 9489 9566 9536 3 9489 9536 9492 3 9489 9492 9526 3 9490 9536 9566 3 9490 9566 9565 3 9490 9599 9536 3 9490 9600 9599 3 9490 9565 9600 3 9491 9493 9566 3 9492 9559 9526 3 9492 9591 9559 3 9492 9595 9591 3 9492 9536 9595 3 9493 9495 9566 3 9494 9530 9496 3 9494 9529 9530 3 9495 9497 9532 3 9495 9532 9565 3 9495 9565 9566 3 9496 9531 9498 3 9496 9530 9531 3 9497 9534 9532 3 9497 9499 9534 3 9498 9533 9500 3 9498 9531 9533 3 9500 9537 9501 3 9500 9535 9537 3 9500 9533 9535 3 9501 9537 9502 3 9502 9539 9505 3 9502 9538 9539 3 9502 9537 9538 3 9503 9541 9504 3 9503 9540 9541 3 9503 9507 9540 3 9504 9541 9676 3 9505 9539 9528 3 9506 9507 9575 3 9506 9540 9507 3 9506 9546 9540 3 9508 9544 9509 3 9508 9543 9544 3 9508 9542 9543 3 9509 9544 9510 3 9510 9580 9581 3 9510 9544 9580 3 9511 9549 9548 3 9511 9512 9549 3 9514 9547 9518 3 9519 9576 9606 3 9519 9579 9576 3 9519 9611 9579 3 9519 9650 9611 3 9519 9647 9650 3 9519 9606 9647 3 9521 9522 9557 3 9522 9525 9559 3 9522 9559 9558 3 9522 9558 9557 3 9523 9629 9524 3 9523 9524 9560 3 9523 9560 9527 3 9524 9629 9672 3 9524 9672 9551 3 9524 9551 9560 3 9525 9526 9559 3 9527 9561 9529 3 9527 9560 9561 3 9528 9539 9574 3 9528 9574 9606 3 9528 9576 9542 3 9528 9606 9576 3 9529 9564 9530 3 9529 9561 9593 3 9529 9593 9564 3 9533 9569 9535 3 9535 9569 9570 3 9535 9570 9537 3 9536 9599 9595 3 9537 9570 9538 3 9538 9570 9572 3 9538 9572 9539 3 9539 9572 9574 3 9540 9578 9541 3 9540 9546 9578 3 9541 9578 9676 3 9542 9576 9543 3 9543 9576 9579 3 9543 9579 9544 3 9544 9579 9580 3 9545 9634 9637 3 9545 9637 9640 3 9546 9608 9578 3 9546 9581 9608 3 9547 9548 9550 3 9551 9590 9560 3 9551 9672 9587 3 9551 9624 9590 3 9551 9587 9624 3 9553 9655 9621 3 9553 9621 9597 3 9553 9597 9651 3 9553 9662 9655 3 9553 9657 9662 3 9553 9651 9657 3 9554 9682 9679 3 9554 9681 9682 3 9554 9613 9584 3 9554 9584 9677 3 9554 9677 9681 3 9557 9558 9588 3 9558 9626 9588 3 9558 9591 9626 3 9558 9559 9591 3 9560 9590 9561 3 9561 9590 9593 3 9564 9593 9596 3 9567 9606 9574 3 9567 9574 9572 3 9567 9572 9604 3 9567 9647 9606 3 9567 9604 9642 3 9567 9642 9643 3 9567 9643 9647 3 9569 9649 9570 3 9570 9604 9572 3 9570 9649 9604 3 9578 9608 9609 3 9579 9611 9580 3 9580 9611 9581 3 9581 9611 9608 3 9582 9614 9612 3 9582 9586 9614 3 9584 9667 9664 3 9584 9664 9668 3 9584 9613 9667 3 9584 9668 9674 3 9584 9674 9677 3 9586 9619 9618 3 9586 9618 9614 3 9587 9621 9624 3 9588 9625 9622 3 9588 9626 9625 3 9589 9640 9645 3 9589 9645 9609 3 9589 9607 9648 3 9589 9608 9607 3 9589 9609 9608 3 9590 9594 9593 3 9590 9624 9594 3 9591 9630 9626 3 9591 9595 9630 3 9593 9594 9596 3 9594 9631 9596 3 9594 9661 9631 3 9594 9655 9661 3 9594 9624 9655 3 9595 9599 9632 3 9595 9632 9630 3 9596 9631 9633 3 9597 9616 9651 3 9599 9635 9632 3 9599 9600 9635 3 9600 9641 9635 3 9600 9685 9641 3 9604 9649 9642 3 9607 9608 9611 3 9607 9611 9650 3 9607 9650 9648 3 9612 9614 9617 3 9612 9617 9616 3 9613 9666 9663 3 9613 9663 9667 3 9614 9618 9617 3 9616 9652 9651 3 9616 9617 9652 3 9618 9619 9654 3 9619 9622 9654 3 9621 9655 9624 3 9622 9625 9660 3 9622 9660 9654 3 9625 9665 9660 3 9625 9628 9665 3 9625 9626 9628 3 9626 9630 9628 3 9628 9630 9669 3 9630 9632 9669 3 9631 9661 9670 3 9631 9670 9633 3 9632 9634 9669 3 9632 9635 9634 3 9633 9670 9636 3 9634 9635 9637 3 9635 9641 9637 3 9636 9679 9639 3 9637 9641 9645 3 9637 9645 9640 3 9639 9643 9642 3 9639 9682 9643 3 9639 9679 9682 3 9641 9685 9645 3 9643 9683 9647 3 9643 9682 9683 3 9644 9683 9684 3 9644 9647 9683 3 9644 9650 9647 3 9644 9648 9650 3 9651 9652 9657 3 9652 9658 9657 3 9654 9660 9664 3 9654 9664 9659 3 9655 9662 9661 3 9657 9658 9663 3 9657 9663 9662 3 9658 9667 9663 3 9658 9659 9667 3 9659 9664 9667 3 9660 9665 9664 3 9661 9662 9666 3 9661 9666 9670 3 9662 9663 9666 3 9664 9665 9668 3 9675 9681 9677 3 9675 9684 9681 3 9681 9684 9682 3 9682 9684 9683 
4833 1208 3 9690 10041 9693 3 9690 9693 9694 3 9690 9694 9720 3 9690 9745 9971 3 9690 9971 10041 3 9690 9718 9745 3 9690 9720 9718 3 9691 10161 10211 3 9691 10211 9695 3 9691 9695 9908 3 9691 9908 9719 3 9691 9719 10161 3 9692 10041 9716 3 9692 9716 9908 3 9692 9908 9695 3 9692 9695 9707 3 9692 9707 9693 3 9692 9693 10041 3 9693 9707 9694 3 9694 9707 9696 3 9694 9696 9720 3 9695 10211 9717 3 9695 9717 9707 3 9696 9831 9720 3 9696 10284 9831 3 9696 9701 10284 3 9696 9707 9701 3 9697 9975 9974 3 9697 9974 10037 3 9697 10011 9975 3 9697 10037 10076 3 9697 10077 10011 3 9697 10076 10077 3 9698 10061 10156 3 9698 10156 9945 3 9698 10203 10061 3 9698 9945 10218 3 9698 10218 10222 3 9698 10222 10203 3 9699 9725 9703 3 9699 9703 10211 3 9699 10211 10161 3 9699 10161 9723 3 9699 9723 9725 3 9700 9705 10208 3 9700 9724 9705 3 9700 9751 9724 3 9700 9754 9751 3 9700 9730 9754 3 9700 10208 9730 3 9701 9707 10169 3 9701 10169 9709 3 9701 9709 9705 3 9701 9705 10284 3 9702 10251 10291 3 9702 10215 10251 3 9702 10184 10215 3 9702 10282 10184 3 9702 10177 10282 3 9702 10291 10177 3 9703 9725 9727 3 9703 9706 9704 3 9703 9704 10211 3 9703 9727 9706 3 9704 9706 10179 3 9704 9970 10211 3 9704 10179 9970 3 9705 9724 10284 3 9705 9709 10208 3 9706 9727 9732 3 9706 9732 9710 3 9706 9710 10179 3 9707 9970 10169 3 9707 9717 9970 3 9708 10240 10151 3 9708 9760 10240 3 9708 10280 9760 3 9708 10283 10280 3 9708 10281 10283 3 9708 10151 10281 3 9709 10169 9712 3 9709 9712 9713 3 9709 9713 10208 3 9710 9732 9733 3 9710 9733 10262 3 9710 10262 10179 3 9711 10047 10084 3 9711 10088 10047 3 9711 10084 10124 3 9711 10278 10088 3 9711 10068 10278 3 9711 10124 10068 3 9712 10179 10262 3 9712 10169 10179 3 9712 10262 9714 3 9712 9714 9713 3 9713 9714 9734 3 9713 9734 9735 3 9713 9735 10208 3 9714 10262 10053 3 9714 10053 9738 3 9714 9738 9734 3 9715 9908 9716 3 9715 9719 9908 3 9715 9741 9719 3 9715 9742 9741 3 9715 9716 9742 3 9716 9743 9742 3 9716 10041 9743 3 9717 10211 9970 3 9718 9769 9745 3 9718 9720 9831 3 9718 9831 10018 3 9718 10018 9771 3 9718 9771 9769 3 9719 10054 10161 3 9719 9744 10054 3 9719 9741 9744 3 9721 10168 9759 3 9721 9759 9784 3 9721 9784 9843 3 9721 9843 9788 3 9721 9788 9762 3 9721 9762 10168 3 9722 9831 9724 3 9722 10189 9831 3 9722 9724 9751 3 9722 9751 10121 3 9722 10121 10189 3 9723 9747 9749 3 9723 10054 9747 3 9723 10161 10054 3 9723 9749 9750 3 9723 9750 9725 3 9724 9831 10284 3 9725 9753 9726 3 9725 9726 9727 3 9725 9750 9753 3 9726 9753 9823 3 9726 9823 9728 3 9726 9728 9727 3 9727 9728 9731 3 9727 9731 9732 3 9728 9823 9781 3 9728 9781 9731 3 9729 9767 9792 3 9729 9770 9767 3 9729 9797 9770 3 9729 9822 9797 3 9729 9819 9822 3 9729 9792 9819 3 9730 9756 9754 3 9730 10208 9735 3 9730 9735 9757 3 9730 9757 9756 3 9731 9781 9783 3 9731 9783 10233 3 9731 10233 9736 3 9731 9736 9732 3 9732 9736 9733 3 9733 9736 9759 3 9733 9759 10168 3 9733 10168 10262 3 9734 9738 9739 3 9734 9739 9735 3 9735 9739 10030 3 9735 10030 9757 3 9736 10233 9759 3 9737 9769 9771 3 9737 9795 9769 3 9737 9821 9795 3 9737 9771 10226 3 9737 10226 9858 3 9737 9858 9821 3 9738 9740 9761 3 9738 10053 9740 3 9738 9761 9739 3 9739 10286 10030 3 9739 9761 10286 3 9740 10053 10168 3 9740 10168 9763 3 9740 9763 9761 3 9741 9767 9744 3 9741 9742 9764 3 9741 9764 9767 3 9742 9743 9765 3 9742 9765 9764 3 9743 10041 9971 3 9743 9971 9766 3 9743 9766 9765 3 9744 9884 10054 3 9744 9770 9884 3 9744 9767 9770 3 9745 9768 9971 3 9745 9769 9768 3 9746 10056 9995 3 9746 9995 9997 3 9746 10099 10056 3 9746 9997 10252 3 9746 10058 10099 3 9746 10252 10058 3 9747 10054 9884 3 9747 9884 9773 3 9747 9773 9774 3 9747 9774 9749 3 9748 10078 10116 3 9748 10181 10078 3 9748 10112 10181 3 9748 10152 10112 3 9748 10116 10187 3 9748 10187 10152 3 9749 9777 9750 3 9749 9774 9777 3 9750 9778 9753 3 9750 9777 9778 3 9751 9754 9779 3 9751 9779 9752 3 9751 9752 10121 3 9752 9802 10121 3 9752 10295 9802 3 9752 9779 10295 3 9753 9778 9823 3 9754 9756 9779 3 9755 9780 9807 3 9755 9937 9780 3 9755 9872 9937 3 9755 9807 10204 3 9755 10204 9872 3 9756 9780 9779 3 9756 9757 9782 3 9756 9782 9780 3 9757 10030 9782 3 9758 10014 10015 3 9758 10040 10014 3 9758 10080 10040 3 9758 10118 10080 3 9758 10015 10207 3 9758 10207 10083 3 9758 10119 10118 3 9758 10083 10119 3 9759 10233 9784 3 9760 10280 10274 3 9760 10274 10271 3 9760 10271 10234 3 9760 10234 10275 3 9760 10275 10240 3 9761 10229 10286 3 9761 9786 10229 3 9761 9763 9786 3 9762 9763 10168 3 9762 9813 9763 3 9762 9788 9813 3 9763 9813 9786 3 9764 9793 9767 3 9764 9790 9793 3 9764 9765 9790 3 9765 9766 9790 3 9766 9971 9985 3 9766 9791 9790 3 9766 9985 9791 3 9767 9793 9792 3 9768 9820 9985 3 9768 9985 9971 3 9768 9769 9795 3 9768 9795 9820 3 9770 9797 9884 3 9771 10191 10226 3 9771 10018 10191 3 9772 9850 9886 3 9772 9849 9850 3 9772 9885 9849 3 9772 9886 9918 3 9772 9921 9885 3 9772 9918 9951 3 9772 9951 9921 3 9773 9799 9774 3 9773 9797 9799 3 9773 9884 9797 3 9774 9776 9777 3 9774 9925 9776 3 9774 9799 9925 3 9775 10155 10118 3 9775 10118 10119 3 9775 10188 10155 3 9775 10119 10123 3 9775 10123 10158 3 9775 10192 10188 3 9775 10158 10192 3 9776 9925 10292 3 9776 10292 9801 3 9776 9801 9777 3 9777 9801 9778 3 9778 9801 9803 3 9778 9803 9804 3 9778 9804 9823 3 9779 9937 10295 3 9779 9780 9937 3 9780 9782 9807 3 9781 9823 9805 3 9781 9805 9806 3 9781 9806 9783 3 9782 10030 9785 3 9782 9809 9807 3 9782 9785 9809 3 9783 9806 9953 3 9783 9953 10233 3 9784 10233 9953 3 9784 9953 9810 3 9784 9810 9843 3 9785 10030 10286 3 9785 9840 9809 3 9785 9811 9840 3 9785 10286 9811 3 9786 9813 9814 3 9786 9814 10229 3 9787 9965 9917 3 9787 9917 9949 3 9787 10000 9965 3 9787 9967 10000 3 9787 9949 9967 3 9788 9812 9813 3 9788 9844 9812 3 9788 9843 9844 3 9789 9841 9972 3 9789 9972 10008 3 9789 10038 10004 3 9789 10004 9841 3 9789 10079 10038 3 9789 10008 10079 3 9790 9791 10198 3 9790 10198 9817 3 9790 9817 9793 3 9791 9985 9818 3 9791 9818 10198 3 9792 9793 9800 3 9792 9800 9819 3 9793 9817 9800 3 9794 10189 10121 3 9794 10191 10189 3 9794 9829 10191 3 9794 10121 9802 3 9794 9830 9829 3 9794 9802 9830 3 9795 9821 9820 3 9796 9893 9894 3 9796 9928 9893 3 9796 9894 9955 3 9796 9955 9987 3 9796 9987 9957 3 9796 9957 9928 3 9797 9822 9824 3 9797 9824 9826 3 9797 9826 9799 3 9798 10175 9906 3 9798 10202 10239 3 9798 9906 10202 3 9798 10239 9988 3 9798 9988 10255 3 9798 10255 10175 3 9799 9826 9925 3 9800 9852 9819 3 9800 9849 9852 3 9800 9817 9849 3 9801 10292 9832 3 9801 9832 9803 3 9802 10295 9866 3 9802 9866 9830 3 9803 9832 10183 3 9803 10183 9804 3 9804 10183 9834 3 9804 9834 9805 3 9804 9805 9823 3 9805 9834 9836 3 9805 9836 9806 3 9806 9836 9837 3 9806 9837 9953 3 9807 9838 10204 3 9807 9809 9838 3 9808 10082 10080 3 9808 10042 10082 3 9808 10120 10042 3 9808 10153 10120 3 9808 10080 10117 3 9808 10154 10153 3 9808 10117 10154 3 9809 9840 9838 3 9810 9953 9839 3 9810 9839 9842 3 9810 9842 9843 3 9811 10286 10229 3 9811 10229 9845 3 9811 9845 9840 3 9812 9844 9846 3 9812 9846 9847 3 9812 9847 9813 3 9813 9847 9814 3 9814 9848 10229 3 9814 9847 9848 3 9815 10192 10158 3 9815 10158 10044 3 9815 10044 10194 3 9815 10225 10192 3 9815 10228 10225 3 9815 10194 10228 3 9816 10279 9904 3 9816 9904 9966 3 9816 9966 10002 3 9816 10002 10003 3 9816 10003 10043 3 9816 10043 10279 3 9817 9850 9849 3 9817 10198 9850 3 9818 9985 9820 3 9818 9851 10198 3 9818 9853 9851 3 9818 9820 9853 3 9819 9852 9856 3 9819 9856 9822 3 9820 9854 9853 3 9820 9821 9854 3 9821 9858 9857 3 9821 9857 9854 3 9822 9856 9855 3 9822 9855 9824 3 9824 9855 9861 3 9824 9861 9826 3 9825 10140 10105 3 9825 10105 10065 3 9825 10065 10069 3 9825 10069 10110 3 9825 10110 10282 3 9825 10282 10177 3 9825 10177 10140 3 9826 9861 9860 3 9826 9860 9862 3 9826 9862 9925 3 9827 10226 10191 3 9827 10191 9829 3 9827 9829 10216 3 9827 10216 9859 3 9827 9859 10226 3 9828 9858 9859 3 9828 9892 9858 3 9828 9859 9895 3 9828 9927 9892 3 9828 9956 9927 3 9828 9958 9956 3 9828 9929 9958 3 9828 9895 9929 3 9829 9830 9863 3 9829 9863 10216 3 9830 9866 9863 3 9831 10189 10018 3 9832 9870 10183 3 9832 9867 9870 3 9832 10292 9867 3 9833 10086 10046 3 9833 10046 10019 3 9833 10019 10259 3 9833 10259 10023 3 9833 10023 10048 3 9833 10087 10086 3 9833 10048 10087 3 9834 10183 9871 3 9834 9871 9873 3 9834 9873 9836 3 9835 9875 10277 3 9835 9877 9875 3 9835 9910 9877 3 9835 10277 10293 3 9835 10293 9942 3 9835 9942 9910 3 9836 10279 9837 3 9836 9873 10279 3 9837 9839 9953 3 9837 9875 9839 3 9837 10277 9875 3 9837 10279 10277 3 9838 9840 9876 3 9838 9876 9874 3 9838 9874 10204 3 9839 9875 9842 3 9840 9879 9876 3 9840 9845 9879 3 9841 9940 9909 3 9841 9909 9911 3 9841 9911 9972 3 9841 10004 9940 3 9842 9875 9877 3 9842 9878 9843 3 9842 9877 9878 3 9843 9878 9844 3 9844 9878 9880 3 9844 9880 9846 3 9845 9883 9879 3 9845 9848 9883 3 9845 10229 9848 3 9846 9881 9847 3 9846 9914 9881 3 9846 9880 9914 3 9847 9882 9848 3 9847 9881 9882 3 9848 9882 9883 3 9849 9885 9852 3 9850 10198 9851 3 9850 9851 9886 3 9851 9853 9887 3 9851 9887 9886 3 9852 9885 9888 3 9852 9888 9856 3 9853 9854 9889 3 9853 9889 9887 3 9854 9857 9890 3 9854 9890 9889 3 9855 9856 9891 3 9855 9891 9894 3 9855 9894 9861 3 9856 9888 9891 3 9857 9858 9892 3 9857 9892 9890 3 9858 10226 9859 3 9859 10216 9895 3 9860 9896 9862 3 9860 9893 9896 3 9860 9861 9893 3 9861 9894 9893 3 9862 9864 9925 3 9862 9898 9864 3 9862 9896 9898 3 9863 9899 9897 3 9863 9897 10216 3 9863 9866 9899 3 9864 10292 9925 3 9864 9900 10292 3 9864 9898 9900 3 9865 10100 10057 3 9865 10057 10027 3 9865 10027 10244 3 9865 10135 10100 3 9865 10244 10093 3 9865 10093 10133 3 9865 10133 10135 3 9866 9901 9899 3 9866 9868 9901 3 9866 10295 9868 3 9867 10292 9900 3 9867 9900 9902 3 9867 9902 9870 3 9868 10295 9937 3 9868 9937 9869 3 9868 9869 9917 3 9868 9917 9901 3 9869 9937 9872 3 9869 9872 9949 3 9869 9949 9917 3 9870 9902 9903 3 9870 9903 9871 3 9870 9871 10183 3 9871 9903 9904 3 9871 9904 9873 3 9872 10204 9905 3 9872 9905 9949 3 9873 9904 10279 3 9874 9907 10204 3 9874 9909 9907 3 9874 9876 9909 3 9876 9911 9909 3 9876 9879 9911 3 9877 9910 9878 3 9878 9910 9912 3 9878 9912 9880 3 9879 9973 9911 3 9879 9916 9973 3 9879 9883 9916 3 9880 9913 9914 3 9880 9912 9913 3 9881 10174 9882 3 9881 9946 10174 3 9881 9914 9946 3 9882 9915 9883 3 9882 10174 9915 3 9883 9915 9916 3 9885 9921 9920 3 9885 9920 9888 3 9886 9887 9919 3 9886 9919 9918 3 9887 9889 9922 3 9887 9922 9919 3 9888 9920 9923 3 9888 9923 9891 3 9889 9890 9924 3 9889 9924 9922 3 9890 9892 9926 3 9890 9926 9924 3 9891 9923 9955 3 9891 9955 9894 3 9892 9927 9926 3 9893 9928 9896 3 9895 10216 9897 3 9895 9897 9929 3 9896 9928 9959 3 9896 9959 9931 3 9896 9931 9898 3 9897 9930 9929 3 9897 9899 9930 3 9898 9931 9933 3 9898 9933 9900 3 9899 9901 9935 3 9899 9935 9932 3 9899 9932 9930 3 9900 9933 9934 3 9900 9934 9902 3 9901 9917 9935 3 9902 9934 9936 3 9902 9936 9903 3 9903 9936 9938 3 9903 9938 9904 3 9904 9938 9966 3 9905 9939 9949 3 9905 9907 9939 3 9905 10204 9907 3 9906 10139 10137 3 9906 10137 10136 3 9906 10136 10170 3 9906 10175 10139 3 9906 10170 10202 3 9907 9940 9939 3 9907 9909 9940 3 9910 9942 10022 3 9910 10022 9912 3 9911 9973 9972 3 9912 9943 9913 3 9912 10022 9943 3 9913 9944 9914 3 9913 9943 9944 3 9914 9944 9946 3 9915 9948 9916 3 9915 9947 9948 3 9915 10174 9947 3 9916 9948 9973 3 9917 9965 9935 3 9918 9919 9954 3 9918 9954 9980 3 9918 9980 9951 3 9919 9922 10081 3 9919 10081 9954 3 9920 9921 9950 3 9920 9950 9952 3 9920 9952 9923 3 9921 9951 9950 3 9922 9924 9984 3 9922 9984 9941 3 9922 9941 10081 3 9923 9952 10122 3 9923 10122 9955 3 9924 9926 9984 3 9926 9927 10162 3 9926 10162 9984 3 9927 9956 10162 3 9928 9957 9959 3 9929 9930 10073 3 9929 10073 9958 3 9930 9932 10294 3 9930 10294 10073 3 9931 9959 9960 3 9931 9960 9994 3 9931 9994 9933 3 9932 9995 10294 3 9932 9962 9995 3 9932 9935 9962 3 9933 9994 9963 3 9933 9963 9934 3 9934 9963 9964 3 9934 9964 9936 3 9935 9965 9962 3 9936 9999 9938 3 9936 9964 9999 3 9938 9999 9966 3 9939 9967 9949 3 9939 9969 9967 3 9939 9940 9969 3 9940 10004 9969 3 9941 10207 10081 3 9941 9984 10019 3 9941 10019 10046 3 9941 10046 10207 3 9942 10007 10022 3 9942 10006 10007 3 9942 10293 10006 3 9943 9974 9944 3 9943 10010 9974 3 9943 10022 10010 3 9944 9975 9946 3 9944 9974 9975 3 9945 10156 10154 3 9945 10154 10155 3 9945 10155 10188 3 9945 10188 10218 3 9946 9976 10174 3 9946 9975 9976 3 9947 9977 9948 3 9947 9976 9977 3 9947 10174 9976 3 9948 9978 9973 3 9948 9977 9978 3 9950 9982 9952 3 9950 9979 9982 3 9950 9951 9979 3 9951 9980 9979 3 9952 9986 10122 3 9952 9982 9986 3 9954 10014 9980 3 9954 10081 10015 3 9954 10015 10014 3 9955 10122 9987 3 9956 9958 9989 3 9956 9989 10162 3 9957 9992 9959 3 9957 9990 9992 3 9957 10020 9990 3 9957 9987 10020 3 9958 10073 9991 3 9958 9991 9989 3 9959 9992 9960 3 9960 9992 10026 3 9960 10026 9994 3 9961 10290 10281 3 9961 10250 10290 3 9961 10254 10250 3 9961 10195 10254 3 9961 10246 10195 3 9961 10151 10246 3 9961 10281 10151 3 9962 9997 9995 3 9962 9965 9997 3 9963 9996 9964 3 9963 9994 9996 3 9964 9998 9999 3 9964 9996 9998 3 9965 10000 9997 3 9966 9999 10001 3 9966 10001 10002 3 9967 10028 10000 3 9967 10009 10028 3 9967 9969 10009 3 9968 10206 10171 3 9968 10171 10138 3 9968 10138 10140 3 9968 10291 10206 3 9968 10177 10291 3 9968 10140 10177 3 9969 10004 10009 3 9970 10179 10169 3 9972 9978 10008 3 9972 9973 9978 3 9974 10010 10037 3 9975 10011 9976 3 9976 10011 9977 3 9977 10012 9978 3 9977 10039 10012 3 9977 10011 10039 3 9978 10012 10008 3 9979 9980 10013 3 9979 10013 10017 3 9979 10017 9982 3 9980 10014 10013 3 9981 9998 10059 3 9981 9999 9998 3 9981 10001 9999 3 9981 10029 10001 3 9981 10062 10029 3 9981 10059 10102 3 9981 10102 10062 3 9982 10017 10016 3 9982 10016 9986 3 9983 10258 10223 3 9983 10223 10224 3 9983 10224 10260 3 9983 10260 10265 3 9983 10264 10258 3 9983 10265 10264 3 9984 10162 10259 3 9984 10259 10019 3 9986 10016 10045 3 9986 10045 10021 3 9986 10021 10122 3 9987 10122 10021 3 9987 10021 10020 3 9988 10248 10255 3 9988 10239 10242 3 9988 10242 10245 3 9988 10245 10248 3 9989 10023 10162 3 9989 10024 10023 3 9989 9991 10024 3 9990 10020 10050 3 9990 10050 10221 3 9990 10221 9992 3 9991 10025 10024 3 9991 9993 10025 3 9991 10073 9993 3 9992 10221 10026 3 9993 10073 10294 3 9993 10209 10025 3 9993 10055 10209 3 9993 10294 10055 3 9994 10026 10244 3 9994 10244 10027 3 9994 10027 9996 3 9995 10056 10294 3 9996 10027 9998 3 9997 10000 10252 3 9998 10027 10057 3 9998 10057 10059 3 10000 10028 10252 3 10001 10029 10002 3 10002 10031 10003 3 10002 10029 10031 3 10003 10005 10043 3 10003 10032 10005 3 10003 10031 10032 3 10004 10038 10009 3 10005 10006 10293 3 10005 10293 10043 3 10005 10034 10006 3 10005 10032 10034 3 10006 10035 10007 3 10006 10034 10035 3 10007 10010 10022 3 10007 10036 10010 3 10007 10035 10036 3 10008 10074 10079 3 10008 10033 10074 3 10008 10012 10033 3 10009 10063 10028 3 10009 10038 10065 3 10009 10065 10063 3 10010 10036 10037 3 10011 10078 10039 3 10011 10077 10078 3 10012 10039 10033 3 10013 10082 10017 3 10013 10040 10082 3 10013 10014 10040 3 10015 10081 10207 3 10016 10084 10045 3 10016 10042 10084 3 10016 10017 10042 3 10017 10082 10042 3 10018 10189 10191 3 10020 10021 10049 3 10020 10049 10050 3 10021 10047 10049 3 10021 10045 10047 3 10023 10259 10162 3 10023 10024 10048 3 10024 10051 10048 3 10024 10025 10051 3 10025 10209 10051 3 10026 10221 10244 3 10028 10060 10252 3 10028 10063 10060 3 10029 10066 10031 3 10029 10064 10066 3 10029 10062 10064 3 10031 10066 10032 3 10032 10067 10034 3 10032 10066 10067 3 10033 10039 10181 3 10033 10181 10113 3 10033 10113 10074 3 10034 10070 10035 3 10034 10067 10070 3 10035 10071 10036 3 10035 10070 10071 3 10036 10075 10037 3 10036 10071 10075 3 10037 10075 10076 3 10038 10079 10069 3 10038 10069 10065 3 10039 10078 10181 3 10040 10080 10082 3 10042 10120 10084 3 10043 10277 10279 3 10043 10293 10277 3 10044 10158 10126 3 10044 10126 10127 3 10044 10163 10194 3 10044 10127 10163 3 10045 10084 10047 3 10046 10083 10207 3 10046 10085 10083 3 10046 10086 10085 3 10047 10088 10049 3 10048 10089 10087 3 10048 10051 10089 3 10049 10235 10050 3 10049 10088 10235 3 10050 10091 10221 3 10050 10235 10091 3 10051 10090 10089 3 10051 10092 10090 3 10051 10209 10092 3 10052 10242 10276 3 10052 10285 10242 3 10052 10160 10285 3 10052 10276 10272 3 10052 10219 10160 3 10052 10272 10219 3 10053 10262 10168 3 10055 10294 10056 3 10055 10094 10209 3 10055 10097 10094 3 10055 10056 10097 3 10056 10099 10097 3 10057 10100 10059 3 10058 10101 10099 3 10058 10252 10060 3 10058 10060 10101 3 10059 10100 10102 3 10060 10063 10103 3 10060 10103 10101 3 10061 10068 10124 3 10061 10124 10153 3 10061 10153 10156 3 10061 10203 10068 3 10062 10104 10064 3 10062 10102 10104 3 10063 10065 10105 3 10063 10105 10103 3 10064 10107 10066 3 10064 10106 10107 3 10064 10104 10106 3 10066 10107 10067 3 10067 10108 10070 3 10067 10107 10108 3 10068 10193 10278 3 10068 10227 10193 3 10068 10203 10227 3 10069 10079 10110 3 10070 10111 10071 3 10070 10108 10111 3 10071 10072 10075 3 10071 10111 10072 3 10072 10148 10075 3 10072 10111 10134 3 10072 10134 10148 3 10074 10113 10109 3 10074 10109 10079 3 10075 10114 10076 3 10075 10148 10114 3 10076 10114 10077 3 10077 10114 10115 3 10077 10115 10078 3 10078 10115 10116 3 10079 10109 10110 3 10080 10118 10117 3 10083 10123 10119 3 10083 10085 10123 3 10084 10120 10124 3 10085 10158 10123 3 10085 10126 10158 3 10085 10086 10126 3 10086 10087 10126 3 10087 10127 10126 3 10087 10089 10127 3 10088 10278 10235 3 10089 10090 10127 3 10090 10128 10127 3 10090 10131 10128 3 10090 10092 10131 3 10091 10093 10221 3 10091 10129 10093 3 10091 10235 10129 3 10092 10209 10094 3 10092 10132 10131 3 10092 10094 10132 3 10093 10244 10221 3 10093 10129 10133 3 10094 10095 10132 3 10094 10097 10095 3 10095 10097 10172 3 10095 10172 10142 3 10095 10142 10098 3 10095 10098 10132 3 10096 10142 10172 3 10096 10172 10171 3 10096 10205 10142 3 10096 10206 10205 3 10096 10171 10206 3 10097 10099 10172 3 10098 10165 10132 3 10098 10197 10165 3 10098 10201 10197 3 10098 10142 10201 3 10099 10101 10172 3 10100 10136 10102 3 10100 10135 10136 3 10101 10103 10138 3 10101 10138 10171 3 10101 10171 10172 3 10102 10137 10104 3 10102 10136 10137 3 10103 10140 10138 3 10103 10105 10140 3 10104 10139 10106 3 10104 10137 10139 3 10106 10143 10107 3 10106 10141 10143 3 10106 10139 10141 3 10107 10143 10108 3 10108 10145 10111 3 10108 10144 10145 3 10108 10143 10144 3 10109 10147 10110 3 10109 10146 10147 3 10109 10113 10146 3 10110 10147 10282 3 10111 10145 10134 3 10112 10113 10181 3 10112 10146 10113 3 10112 10152 10146 3 10114 10150 10115 3 10114 10149 10150 3 10114 10148 10149 3 10115 10150 10116 3 10116 10186 10187 3 10116 10150 10186 3 10117 10155 10154 3 10117 10118 10155 3 10120 10153 10124 3 10125 10182 10212 3 10125 10185 10182 3 10125 10217 10185 3 10125 10256 10217 3 10125 10253 10256 3 10125 10212 10253 3 10127 10128 10163 3 10128 10131 10165 3 10128 10165 10164 3 10128 10164 10163 3 10129 10235 10130 3 10129 10130 10166 3 10129 10166 10133 3 10130 10235 10278 3 10130 10278 10157 3 10130 10157 10166 3 10131 10132 10165 3 10133 10167 10135 3 10133 10166 10167 3 10134 10145 10180 3 10134 10180 10212 3 10134 10182 10148 3 10134 10212 10182 3 10135 10170 10136 3 10135 10167 10199 3 10135 10199 10170 3 10139 10175 10141 3 10141 10175 10176 3 10141 10176 10143 3 10142 10205 10201 3 10143 10176 10144 3 10144 10176 10178 3 10144 10178 10145 3 10145 10178 10180 3 10146 10184 10147 3 10146 10152 10184 3 10147 10184 10282 3 10148 10182 10149 3 10149 10182 10185 3 10149 10185 10150 3 10150 10185 10186 3 10151 10240 10243 3 10151 10243 10246 3 10152 10214 10184 3 10152 10187 10214 3 10153 10154 10156 3 10157 10196 10166 3 10157 10278 10193 3 10157 10230 10196 3 10157 10193 10230 3 10159 10261 10227 3 10159 10227 10203 3 10159 10203 10257 3 10159 10268 10261 3 10159 10263 10268 3 10159 10257 10263 3 10160 10288 10285 3 10160 10287 10288 3 10160 10219 10190 3 10160 10190 10283 3 10160 10283 10287 3 10163 10164 10194 3 10164 10232 10194 3 10164 10197 10232 3 10164 10165 10197 3 10166 10196 10167 3 10167 10196 10199 3 10170 10199 10202 3 10173 10212 10180 3 10173 10180 10178 3 10173 10178 10210 3 10173 10253 10212 3 10173 10210 10248 3 10173 10248 10249 3 10173 10249 10253 3 10175 10255 10176 3 10176 10210 10178 3 10176 10255 10210 3 10184 10214 10215 3 10185 10217 10186 3 10186 10217 10187 3 10187 10217 10214 3 10188 10220 10218 3 10188 10192 10220 3 10190 10273 10270 3 10190 10270 10274 3 10190 10219 10273 3 10190 10274 10280 3 10190 10280 10283 3 10192 10225 10224 3 10192 10224 10220 3 10193 10227 10230 3 10194 10231 10228 3 10194 10232 10231 3 10195 10246 10251 3 10195 10251 10215 3 10195 10213 10254 3 10195 10214 10213 3 10195 10215 10214 3 10196 10200 10199 3 10196 10230 10200 3 10197 10236 10232 3 10197 10201 10236 3 10199 10200 10202 3 10200 10237 10202 3 10200 10267 10237 3 10200 10261 10267 3 10200 10230 10261 3 10201 10205 10238 3 10201 10238 10236 3 10202 10237 10239 3 10203 10222 10257 3 10205 10241 10238 3 10205 10206 10241 3 10206 10247 10241 3 10206 10291 10247 3 10210 10255 10248 3 10213 10214 10217 3 10213 10217 10256 3 10213 10256 10254 3 10218 10220 10223 3 10218 10223 10222 3 10219 10272 10269 3 10219 10269 10273 3 10220 10224 10223 3 10222 10258 10257 3 10222 10223 10258 3 10224 10225 10260 3 10225 10228 10260 3 10227 10261 10230 3 10228 10231 10266 3 10228 10266 10260 3 10231 10271 10266 3 10231 10234 10271 3 10231 10232 10234 3 10232 10236 10234 3 10234 10236 10275 3 10236 10238 10275 3 10237 10267 10276 3 10237 10276 10239 3 10238 10240 10275 3 10238 10241 10240 3 10239 10276 10242 3 10240 10241 10243 3 10241 10247 10243 3 10242 10285 10245 3 10243 10247 10251 3 10243 10251 10246 3 10245 10249 10248 3 10245 10288 10249 3 10245 10285 10288 3 10247 10291 10251 3 10249 10289 10253 3 10249 10288 10289 3 10250 10289 10290 3 10250 10253 10289 3 10250 10256 10253 3 10250 10254 10256 3 10257 10258 10263 3 10258 10264 10263 3 10260 10266 10270 3 10260 10270 10265 3 10261 10268 10267 3 10263 10264 10269 3 10263 10269 10268 3 10264 10273 10269 3 10264 10265 10273 3 10265 10270 10273 3 10266 10271 10270 3 10267 10268 10272 3 10267 10272 10276 3 10268 10269 10272 3 10270 10271 10274 3 10281 10287 10283 3 10281 10290 10287 3 10287 10290 10288 3 10288 10290 10289 

CELL_TYPES 17
42
42
42
42
42
42
42
42
42
42
42
42
42
42
42
42
42

CELL_DATA 1
FIELD FieldData 2
Cell_id 1 1 int
1 2 3 4 5 6
7 8 9 10 11 12 
13 14 15 16 17
METADATA
INFORMATION 0

Cell_type_id 1 1 int
0 0 0 0 0 0
0 0 0 0 0 0
0 0 0 0 0
METADATA
INFORMATION 0

