<VTKFile type="UnstructuredGrid" version="1.0" byte_order="LittleEndian" header_type="UInt64">
  <UnstructuredGrid>
    <FieldData>
      <DataArray type="Float64" Name="TimeValue" NumberOfTuples="1" format="ascii" RangeMin="68" RangeMax="68">
        68
      </DataArray>
    </FieldData>
    <Piece NumberOfPoints="1210" NumberOfCells="17">
      <PointData>
        <DataArray type="Int64" IdType="1" Name="vtkOriginalPointIds" format="ascii" RangeMin="0" RangeMax="1209">
          0 1 2 3 4 5
          6 7 8 9 10 11
          12 13 14 15 16 17
          18 19 20 21 22 23
          24 25 26 27 28 29
          30 31 32 33 34 35
          36 37 38 39 40 41
          42 43 44 45 46 47
          48 49 50 51 52 53
          54 55 56 57 58 59
          60 61 62 63 64 65
          66 67 68 69 70 71
          72 73 74 75 76 77
          78 79 80 81 82 83
          84 85 86 87 88 89
          90 91 92 93 94 95
          96 97 98 99 100 101
          102 103 104 105 106 107
          108 109 110 111 112 113
          114 115 116 117 118 119
          120 121 122 123 124 125
          126 127 128 129 130 131
          132 133 134 135 136 137
          138 139 140 141 142 143
          144 145 146 147 148 149
          150 151 152 153 154 155
          156 157 158 159 160 161
          162 163 164 165 166 167
          168 169 170 171 172 173
          174 175 176 177 178 179
          180 181 182 183 184 185
          186 187 188 189 190 191
          192 193 194 195 196 197
          198 199 200 201 202 203
          204 205 206 207 208 209
          210 211 212 213 214 215
          216 217 218 219 220 221
          222 223 224 225 226 227
          228 229 230 231 232 233
          234 235 236 237 238 239
          240 241 242 243 244 245
          246 247 248 249 250 251
          252 253 254 255 256 257
          258 259 260 261 262 263
          264 265 266 267 268 269
          270 271 272 273 274 275
          276 277 278 279 280 281
          282 283 284 285 286 287
          288 289 290 291 292 293
          294 295 296 297 298 299
          300 301 302 303 304 305
          306 307 308 309 310 311
          312 313 314 315 316 317
          318 319 320 321 322 323
          324 325 326 327 328 329
          330 331 332 333 334 335
          336 337 338 339 340 341
          342 343 344 345 346 347
          348 349 350 351 352 353
          354 355 356 357 358 359
          360 361 362 363 364 365
          366 367 368 369 370 371
          372 373 374 375 376 377
          378 379 380 381 382 383
          384 385 386 387 388 389
          390 391 392 393 394 395
          396 397 398 399 400 401
          402 403 404 405 406 407
          408 409 410 411 412 413
          414 415 416 417 418 419
          420 421 422 423 424 425
          426 427 428 429 430 431
          432 433 434 435 436 437
          438 439 440 441 442 443
          444 445 446 447 448 449
          450 451 452 453 454 455
          456 457 458 459 460 461
          462 463 464 465 466 467
          468 469 470 471 472 473
          474 475 476 477 478 479
          480 481 482 483 484 485
          486 487 488 489 490 491
          492 493 494 495 496 497
          498 499 500 501 502 503
          504 505 506 507 508 509
          510 511 512 513 514 515
          516 517 518 519 520 521
          522 523 524 525 526 527
          528 529 530 531 532 533
          534 535 536 537 538 539
          540 541 542 543 544 545
          546 547 548 549 550 551
          552 553 554 555 556 557
          558 559 560 561 562 563
          564 565 566 567 568 569
          570 571 572 573 574 575
          576 577 578 579 580 581
          582 583 584 585 586 587
          588 589 590 591 592 593
          594 595 596 597 598 599
          600 601 602 603 604 605
          606 607 608 609 610 611
          612 613 614 615 616 617
          618 619 620 621 622 623
          624 625 626 627 628 629
          630 631 632 633 634 635
          636 637 638 639 640 641
          642 643 644 645 646 647
          648 649 650 651 652 653
          654 655 656 657 658 659
          660 661 662 663 664 665
          666 667 668 669 670 671
          672 673 674 675 676 677
          678 679 680 681 682 683
          684 685 686 687 688 689
          690 691 692 693 694 695
          696 697 698 699 700 701
          702 703 704 705 706 707
          708 709 710 711 712 713
          714 715 716 717 718 719
          720 721 722 723 724 725
          726 727 728 729 730 731
          732 733 734 735 736 737
          738 739 740 741 742 743
          744 745 746 747 748 749
          750 751 752 753 754 755
          756 757 758 759 760 761
          762 763 764 765 766 767
          768 769 770 771 772 773
          774 775 776 777 778 779
          780 781 782 783 784 785
          786 787 788 789 790 791
          792 793 794 795 796 797
          798 799 800 801 802 803
          804 805 806 807 808 809
          810 811 812 813 814 815
          816 817 818 819 820 821
          822 823 824 825 826 827
          828 829 830 831 832 833
          834 835 836 837 838 839
          840 841 842 843 844 845
          846 847 848 849 850 851
          852 853 854 855 856 857
          858 859 860 861 862 863
          864 865 866 867 868 869
          870 871 872 873 874 875
          876 877 878 879 880 881
          882 883 884 885 886 887
          888 889 890 891 892 893
          894 895 896 897 898 899
          900 901 902 903 904 905
          906 907 908 909 910 911
          912 913 914 915 916 917
          918 919 920 921 922 923
          924 925 926 927 928 929
          930 931 932 933 934 935
          936 937 938 939 940 941
          942 943 944 945 946 947
          948 949 950 951 952 953
          954 955 956 957 958 959
          960 961 962 963 964 965
          966 967 968 969 970 971
          972 973 974 975 976 977
          978 979 980 981 982 983
          984 985 986 987 988 989
          990 991 992 993 994 995
          996 997 998 999 1000 1001
          1002 1003 1004 1005 1006 1007
          1008 1009 1010 1011 1012 1013
          1014 1015 1016 1017 1018 1019
          1020 1021 1022 1023 1024 1025
          1026 1027 1028 1029 1030 1031
          1032 1033 1034 1035 1036 1037
          1038 1039 1040 1041 1042 1043
          1044 1045 1046 1047 1048 1049
          1050 1051 1052 1053 1054 1055
          1056 1057 1058 1059 1060 1061
          1062 1063 1064 1065 1066 1067
          1068 1069 1070 1071 1072 1073
          1074 1075 1076 1077 1078 1079
          1080 1081 1082 1083 1084 1085
          1086 1087 1088 1089 1090 1091
          1092 1093 1094 1095 1096 1097
          1098 1099 1100 1101 1102 1103
          1104 1105 1106 1107 1108 1109
          1110 1111 1112 1113 1114 1115
          1116 1117 1118 1119 1120 1121
          1122 1123 1124 1125 1126 1127
          1128 1129 1130 1131 1132 1133
          1134 1135 1136 1137 1138 1139
          1140 1141 1142 1143 1144 1145
          1146 1147 1148 1149 1150 1151
          1152 1153 1154 1155 1156 1157
          1158 1159 1160 1161 1162 1163
          1164 1165 1166 1167 1168 1169
          1170 1171 1172 1173 1174 1175
          1176 1177 1178 1179 1180 1181
          1182 1183 1184 1185 1186 1187
          1188 1189 1190 1191 1192 1193
          1194 1195 1196 1197 1198 1199
          1200 1201 1202 1203 1204 1205
          1206 1207 1208 1209
        </DataArray>
      </PointData>
      <CellData>
        <DataArray type="Int32" Name="cell_id" format="ascii" RangeMin="0" RangeMax="16">
          0 1 2 3 4 5
          6 7 8 9 10 11
          12 13 14 15 16
        </DataArray>
        <DataArray type="Int32" Name="cell_type_id" format="ascii" RangeMin="0" RangeMax="0">
          0 0 0 0 0 0
          0 0 0 0 0 0
          0 0 0 0 0
        </DataArray>
        <DataArray type="Float32" Name="cell_area" format="ascii" RangeMin="9.660999777949542e-10" RangeMax="1.0120000393243345e-9">
          1.0120000393243345e-9 1.0020000384969308e-9 9.709999471141373e-10 9.901000019851836e-10 9.941000245206055e-10 9.899999708906648e-10
          9.881000462286238e-10 9.999999717180685e-10 9.660999777949542e-10 1.0020000384969308e-9 1.0109999504237521e-9 9.957999980159116e-10
          9.738999606767607e-10 9.777000320454476e-10 9.75100000744078e-10 9.967999758941914e-10 9.891000241069037e-10
        </DataArray>
        <DataArray type="Float32" Name="cell_volume" format="ascii" RangeMin="2.7610000298149053e-15" RangeMax="2.9790000524167973e-15">
          2.9790000524167973e-15 2.906999922559577e-15 2.775999924519595e-15 2.8670000621749134e-15 2.868999906963381e-15 2.8750000766034935e-15
          2.8499998991652828e-15 2.9020000988301715e-15 2.7610000298149053e-15 2.914999936988157e-15 2.974999939323389e-15 2.878999977938665e-15
          2.802999946746273e-15 2.8150000742682615e-15 2.7750000021253612e-15 2.889999971308183e-15 2.8640000832339755e-15
        </DataArray>
        <DataArray type="Float32" Name="cell_pressure" format="ascii" RangeMin="568" RangeMax="761.5">
          568 636.2999877929688 745.2999877929688 669.5999755859375 667.7000122070312 659
          682.2999877929688 634.2999877929688 761.5 625.4000244140625 575.2999877929688 658.9000244140625
          723.7000122070312 710.4000244140625 753.0999755859375 645.2000122070312 672.7999877929688
        </DataArray>
        <DataArray type="Float32" Name="cell_growth_rate" format="ascii" RangeMin="0" RangeMax="0">
          0 0 0 0 0 0
          0 0 0 0 0 0
          0 0 0 0 0
        </DataArray>
        <DataArray type="Float32" Name="cell_division_vol" format="ascii" RangeMin="0.0001900000061141327" RangeMax="0.0001900000061141327">
          0.0001900000061141327 0.0001900000061141327 0.0001900000061141327 0.0001900000061141327 0.0001900000061141327 0.0001900000061141327
          0.0001900000061141327 0.0001900000061141327 0.0001900000061141327 0.0001900000061141327 0.0001900000061141327 0.0001900000061141327
          0.0001900000061141327 0.0001900000061141327 0.0001900000061141327 0.0001900000061141327 0.0001900000061141327
        </DataArray>
        <DataArray type="Int32" Name="cell_is_static" format="ascii" RangeMin="0" RangeMax="0">
          0 0 0 0 0 0
          0 0 0 0 0 0
          0 0 0 0 0
        </DataArray>
        <DataArray type="Float32" Name="target_volume" format="ascii" RangeMin="3.738999940824245e-15" RangeMax="3.750999856587996e-15">
          3.738999940824245e-15 3.749000011799529e-15 3.7399998632184784e-15 3.7470001670110616e-15 3.7470001670110616e-15 3.7420001315234194e-15
          3.743999976311887e-15 3.741000209129186e-15 3.743999976311887e-15 3.743000053917653e-15 3.743999976311887e-15 3.7470001670110616e-15
          3.7449998987061205e-15 3.7399998632184784e-15 3.750999856587996e-15 3.7399998632184784e-15 3.748000089405295e-15
        </DataArray>
        <DataArray type="Int64" IdType="1" Name="vtkOriginalCellIds" format="ascii" RangeMin="0" RangeMax="16">
          0 1 2 3 4 5
          6 7 8 9 10 11
          12 13 14 15 16
        </DataArray>
      </CellData>
      <Points>
        <DataArray type="Float32" Name="Points" NumberOfComponents="3" format="ascii" RangeMin="0.0000023227050106844013" RangeMax="0.000037758616638097036">
          0.00000197000008483883 -0.000006660999133600853 0.000011410899787733797 -3.0000553152831344e-8 -0.0000037089994293637574 0.00001759060069161933
          -3.1499982355853717e-7 -0.000011038000593543984 0.00002104760096699465 0.0000021440000637085177 -0.000006467000275733881 0.00001711550066829659
          -0.0000029990005714353174 -0.0000012370001059025526 0.000010493599802430253 -9.319991818301787e-7 -0.0000072900002123788 0.000006150399713078514
          -8.40008880231835e-8 -0.00000995399932435248 0.000007193500096036587 -9.870000212686136e-7 -0.00000413899942941498 0.00000724239998817211
          0.0000028630001907004043 -0.000011617999916779809 0.00001560181044624187 0.000001669000084802974 -0.000011498999811010435 0.000018811600966728292
          -0.00000480699964100495 -0.000015154999346123077 0.000020752500859089196 -0.000009068000508705154 -0.000003484999979264103 0.000019663400962599553
          -0.0000029139991966076195 -0.000009131999831879511 0.000005124000381329097 0.00000310300038108835 -0.00000858999919728376 0.000013881999620934948
          0.00000121100038086297 -0.000014598999769077636 0.000011300799997115973 0.000001966999661817681 -0.00001412900019204244 0.00001395779963786481
          -0.000002016000507865101 -0.00001771400093275588 0.000012259600225661416 -0.000007742999514448456 -8.360001970686426e-7 0.00001531252928543836
          -0.000013499000488081947 -0.000011404999895603396 0.00001790610076568555 -0.000014963001376600005 -0.000009978999514714815 0.000013891400158172473
          -6.150002604954352e-7 -0.000015799001630512066 0.000009645000318414532 -0.0000016350004443665966 -0.000017389998902217485 0.000016166439309017733
          -1.2800042270555423e-7 -0.00001332200008619111 0.00001998409970838111 -0.000010064000889542513 -0.000001514999894425273 0.00001369439996778965
          -0.000010038000255008228 -0.000002172000677092001 0.000017240499801118858 -0.000006289999873843044 -0.000007918000846984796 0.00002278099964314606
          -0.0000028310005291132256 -0.000001918999259942211 0.00001748509930621367 0.0000016829999367473647 -0.000004958999852533452 0.000013886899978388101
          -0.000008527000318281353 -0.000004792000254383311 0.000005922000127611682 -0.000005521000275621191 -0.000011173999155289494 0.000004008000360045116
          -0.000006528000085381791 -0.000015466999684576876 0.000006998299795668572 -0.0000034200002119177952 -0.000016727999536669813 0.000009016600415634457
          0.0000027059995773015544 -0.000009351000699098222 0.000017170899809570983 -0.000003991999619756825 -0.00001827300184231717 0.000014336400454340037
          -0.000002528000550228171 -0.000012992999472771771 0.00002162609962397255 -0.0000019109993445454165 -0.000015843999790376984 0.000019332399460836314
          -0.0000030240007617976516 -0.000010076000762637705 0.000022533500668941997 -0.000014385999747901224 -0.000007773000106681138 0.00001028259976010304
          -0.000011714999345713295 -0.000005801999577670358 0.00000731919953977922 -0.000009262999810744077 -0.0000124100006360095 0.0000053940002544550225
          -0.000011026000720448792 -0.000014355999155668542 0.00000811769950814778 -0.000009032000889419578 -0.000017170999853988178 0.000010761400517367292
          -0.000005412999598775059 -0.000017969001419260167 0.000010977099918818567 -0.000014511000699712895 -0.0000064520008891122416 0.000013935599781689234
          -0.000007099000868038274 -0.000018202999854111113 0.000014404899957298767 -0.000009126999430009164 -0.0000023720003810012713 0.000009213699740939774
          -0.000013999999282532372 -0.000007160999302868731 0.00001710479955363553 -0.000009236000551027246 -0.00000920000093174167 0.00002202809992013499
          -0.000012047999916831031 -0.000010228999599348754 0.000006724800186930224 -0.00000663900027575437 -0.0000014750003174412996 0.00000971000008576084
          -0.000012911999874631874 -0.000004110999725526199 0.000011148000339744613 -0.000006246000339160673 -0.000004220000846544281 0.000021197400201344863
          -0.000006374999429681338 -0.00001220199919771403 0.0000223972001549555 -0.000005047000740887597 -0.00001752500065776985 0.00001795309981389437
          -0.000004421999619808048 -0.000006070000381441787 0.000004851000085182022 -0.000007777000064379536 -0.0000152830016304506 0.000020310400941525586
          -0.000013876000593882054 -0.000012214000889798626 0.000010592900252959225 -0.000011202000678167678 -0.000015047999113448896 0.000018124999769497663
          -0.00000831500074127689 -0.000008041999535635114 0.000004204999640933238 -0.000012210999557282776 -0.000015342999176937155 0.000011723800525942352
          0.0000013369999578571878 -0.000007261000064318068 0.000009033799869939685 -0.000013525999747798778 -0.000013930999557487667 0.000014587600162485614
          -0.000012059999789926223 -0.000008117000106722116 0.000020105700968997553 -0.000010686999303288758 -0.00001679299930401612 0.000014659300177299883
          -0.000010474999726284295 -0.00001227999928232748 0.000020897799913655035 -0.000008733999493415467 -0.00001688000156718772 0.000017450500308768824
          -0.000009424000381841324 -0.000005927000529482029 0.000021231400751275942 9.739997040014714e-7 -0.00001479800084780436 0.000017326199667877518
          -0.0000010769999789772555 -0.00000860799991642125 0.00002162589953513816 -0.000006841000868007541 -6.579993510058557e-7 0.000012377799976093229
          3.1300081104745914e-7 -0.000016387000869144686 0.000013472100363287609 -0.000011718000678229146 -0.000004771000021719374 0.000018860799173125997
          -0.000012840000636060722 -0.0000037400004657683894 0.00001566480023029726 -0.0000030240007617976516 -0.00000640600046608597 0.000022069099941290915
          -0.000004599000021698885 -7.279995202225109e-7 0.00001513936967967311 0.0000012629998309421353 -0.000008938999599195085 0.000019663400962599553
          0.0000019919998521800153 -0.000009418999979970977 0.000010065300557471346 -2.1900082458614634e-7 -0.000006046000635251403 0.000020257100914022885
          -0.0000028390004445100203 -0.0000034679997042985633 0.000020051300452905707 -9.880004654405639e-7 -0.0000022380008886102587 0.00001450849958928302
          0.0000010390003808424808 -0.0000042219999158987775 0.000010598700100672431 0.0000025110002752626315 -0.000011823000022559427 0.000011675800124066882
          3.339992247219925e-7 -0.000012898000932182185 0.000008147500011546072 -0.0000028390004445100203 -0.000013363000107347034 0.00000615679982729489
          -0.000005312000212143175 -0.0000026170000637648627 0.000007015700248302892 -0.000006321999535430223 -0.0000017120000848080963 0.00001845179940573871
          -0.000015141000403673388 0.000019207000150345266 -0.0000015440000424860045 -0.0000028459999157348648 0.00001998530024138745 0.000005656999746861402
          -9.849991329247132e-7 0.000016535599570488557 0.000003191000359947793 -0.0000015780005924170837 0.00001591088221175596 0.000007492199983971659
          -0.000010473000656929798 0.000022956999600864947 0.000005414999577624258 -0.000008897999578039162 0.00002180050069000572 0.000009209300515067298
          -0.000005443000191007741 0.00002074229996651411 0.00000894169988896465 -0.000003543000275385566 0.00001764879925758578 0.00001011929998639971
          -0.0000024809996830299497 0.000013521100299840327 0.000009698700523586012 -0.0000032389998523285612 0.000011062200428568758 -0.0000018499995348975062
          -0.000008725999578018673 0.000022834199626231566 0.0000015120003808988258 -0.000005678000889020041 0.00001773999974830076 -0.00000372300019080285
          -0.00000713299959897995 0.00001896399953693617 0.000011924899808946066 -0.000003757000740733929 0.000014232099601940718 -0.0000027650003175949678
          -0.0000024960008886409923 0.00001654082916502375 -6.369991183419188e-7 -0.000011300999176455662 0.00002121110082953237 -0.000001696000254014507
          -0.000013069000488030724 0.00002141230106644798 0.000008256500223069452 -0.00001113299913413357 0.000017812299120123498 -0.000004437999450601637
          -0.000008486000297125429 0.000011293700481473934 -0.000005059000613982789 -0.000008150000212481245 0.000007869100045354571 -0.000002793000021483749
          -0.000006201000360306352 0.000008742400495975744 0.000009175500053970609 -0.000005428999429568648 0.000007658900358364917 -0.0000011800002539530396
          -0.000014475999705609865 0.000018808999811881222 0.000010270699931425042 -0.000011743999493774027 0.000013277300240588374 -0.0000053059993661008775
          -0.000009131999831879511 0.000017048199879354797 0.00001309649996983353 -0.0000010320000001229346 0.000012781800251104869 0.0000012179998520878144
          -0.000012841999705415219 0.0000068635999923571944 -0.0000014640008885180578 -0.000017181000657728873 0.000018966800780617632 0.000002382999809924513
          -0.000013950000720797107 0.000011947000530199148 0.000011417800124036148 -0.000010925999958999455 0.000009792600394575857 0.00001120790057029808
          -0.000018619999536895193 0.00001625259938009549 0.000004851000085182022 -0.000017077998563763686 0.00001532263013359625 0.000009393600521434564
          -0.00001462199907109607 0.000010404200111224782 -0.0000034099994081771 -0.000011321999409119599 0.000008862700269673951 -0.000003831999492831528
          -0.000015375999282696284 0.000015079739569046069 -0.000003589999323594384 -0.00001890699968498666 0.000013527200280805118 0.0000024150003810063936
          -0.000015761999748065136 0.000007783700311847497 7.50006137195669e-8 -0.000010068999472423457 0.000012933800462633371 0.000012910199984617066
          -0.000018491000446374528 0.000012580099792103283 0.000006147600288386457 -0.000007819999154889956 0.000014634600120189134 -0.000005125999450683594
          -0.0000043599993659881875 0.000012154800060670823 0.000010690499948395882 -0.00001646200144023169 0.000011173000530106947 0.000008899700333131477
          -0.000016449999748147093 0.000019451599655440077 0.000006815999768150505 -0.000006362999556586146 0.000007039499905658886 0.000005339999916031957
          -0.00001804200110200327 0.000016064990632003173 1.6599919661075546e-7 -0.000003453000317676924 0.000010649299838405568 0.000006854000275779981
          -0.00001386800067848526 0.00002207040051871445 0.000002802000381052494 -0.00001119499938795343 0.00001951729973370675 0.000011715500477293972
          -0.000006140999175840989 0.000022444499336415902 0.000005253999916021712 -0.000001434000296285376 0.000013134600521880202 0.000007147399628593121
          -9.249997106053343e-7 0.000012503200196078978 0.000005158999556442723 -0.000013023000065004453 0.00000590899981034454 0.000005570000212173909
          -0.000017925000065588392 0.000009878100172500126 0.0000026039997464977205 -0.00001757600148266647 0.000011946900485781953 -0.0000010109997674589977
          -0.00000598800033912994 0.000010644000212778337 -0.000003727000148501247 -0.000016923999282880686 0.000009170400517177768 0.0000060085003497079015
          -0.000003757000740733929 0.0000201145994651597 0.0000010889998520724475 -0.000015570998584735207 0.000006985799700487405 0.000002939999831141904
          -0.000009295999916503206 0.0000069330999394878745 0.000008214099580072798 -0.000013569000657298602 0.00000890140017872909 0.000009130900252785068
          -0.0000074119998316746205 0.00002094950104947202 -0.0000015620007616234943 -0.000012952999895787798 0.000016091922589112073 0.000012446000255295075
          -0.000005940000846749172 0.000014300700058811344 0.000012497899660957046 -0.0000028199992812005803 0.0000089643999672262 0.000002454999957990367
          -0.0000059300000430084765 0.000006186500286275987 0.000002370999936829321 -0.000012341999536147341 0.000004855999577557668 0.0000019319995772093534
          -0.000007558999641332775 0.000009764999958861154 0.00001126040024246322 -0.000010367000868427567 0.000006129599569248967 -8.160004085766559e-7
          -0.000009712999599287286 0.0000049720001698005944 0.000003569999535102397 -0.000008961000276030973 0.000019646800865302794 -0.000003257000571466051
          0.000005224000233283732 0.000003707999894686509 0.000003207999725418631 0.000008659500053909142 0.000005726000381400809 0.000012411300303938333
          0.000004323000212025363 0.00000899499991646735 0.0000033719998100423254 0.000005703000169887673 0.000010310500329069328 0.000006114900315878913
          0.000005298999894876033 0.000012015700121992268 0.000009299000339524355 0.0000067913997554569505 0.000010060300155600999 0.000013210100405558478
          0.000003174999619659502 0.000010782699973788112 0.000016229589164140634 0.0000059599997257464565 0.000006558800123457331 0.00001687059921096079
          0.000006823000148870051 0.0000016189997040783055 0.00001464769957237877 0.000005578999662247952 -0.0000018840000848285854 0.000011049600288970396
          -6.299996471170743e-7 0.000012859900380135514 0.000014008999642101116 0.000003262000063841697 0.000002740999661909882 0.000018338800146011636
          -0.0000020810002752114087 0.000013314800526131876 0.000009994399988499936 -0.000002791999577311799 0.000005502999556483701 0.00001882979995571077
          0.000002918999598477967 -0.0000015860005078138784 0.000015259849533322267 -0.000006766000296920538 -0.0000015669993445044383 0.00000969339998846408
          8.810002896098013e-7 0.00001071860060619656 0.00001687714939180296 -0.000004322999302530661 0.000012243600394867826 0.000010538799870118964
          0.00000836549952509813 0.0000017720003597787581 0.000010325899893359747 0.000001196000084746629 0.000006666399713139981 0.0000012869995771325193
          0.000008081199666776229 0.000008602300113125239 0.000008936400263337418 -0.000006882000889163464 0.000009804600267671049 0.000008573099876230117
          -0.000006550999387400225 0.000007262499821081292 0.000005173999852559064 -0.0000018040009308606386 -0.0000019899998733308166 0.000004485000317799859
          -0.000003597000613808632 -0.000003565999577404 0.00001108759988710517 -0.000009110999599215575 0.0000068186000135028735 0.000008212799912143964
          -0.0000011590000212891027 7.369999934780935e-7 0.000018035700122709386 -0.000007558999641332775 0.0000027209998734178953 0.000014823200217506383
          -0.00000924300002225209 0.000003377000211912673 0.000008303200047521386 -0.000007520000508520752 0.000009605900231690612 0.000011395300134608988
          -0.0000048599995352560654 0.0000014890001693856902 0.0000026799998522619717 0.0000019379995137569495 0.000010378500519436784 0.000003041999661945738
          -0.0000054869997256901115 0.000005881999641133007 0.000002558000232966151 -0.000003621000359999016 0.0000108659005491063 0.00000671660018269904
          -0.000005162000888958573 -0.0000026069992600241676 0.000007002599886618555 0.0000036920000638929196 0.000012622600479517132 0.000012825000339944381
          -0.0000010059993655886501 -0.000002427999788778834 0.00001464849992771633 0.0000025560002541169524 0.000012701099876721855 0.000006479200237663463
          -0.0000053130006563151255 0.000003037000169570092 0.000017128100807894953 -0.000006870999641250819 -7.300004085664114e-7 0.000012434399650373962
          -0.00000638699930277653 0.00000720370007911697 0.000016005855286493897 0.0000011800002539530396 -0.000004071000148542225 0.000010756800293165725
          0.0000035020002542296425 -0.0000027520000003278255 0.000007042999641271308 -0.000004940000508213416 -0.0000011920001270482317 0.000004974000148649793
          0.000006979100362514146 0.000007687200195505284 0.000005525000233319588 -0.000009036000847117975 0.000005058000169810839 0.000012416900062817149
          -0.00000841899964143522 0.0000011009997251676396 0.00001125270046031801 -0.000004475999958231114 0.000011064300451835152 0.000014100200132816099
          -0.000002356000550207682 0.000005515999873750843 0.0000011530000847415067 -0.0000045529995986726135 -7.649995836800372e-7 0.000015297660866053775
          0.0000013939998098067008 0.0000073883002187358215 0.000018822200217982754 -0.0000021849991753697395 0.000009681600204203278 0.000017423599274479784
          -0.000008094000804703683 0.0000034229997254442424 0.000005357000190997496 4.52999330491366e-7 0.0000038629996197414584 0.000019086899555986747
          2.5400007075404574e-7 0.0000018199998521595262 0.0000018049995560431853 0.0000030230003176257014 -0.0000010799994925037026 0.000004481000360101461
          -8.400001547670399e-7 0.00001225930009240983 0.000005187999704503454 0.000006706800377287436 1.2599961962678208e-7 0.000006754499736416619
          0.0000017680004020803608 0.000013683899851457682 0.00001034399974741973 -0.0000028569993446581066 0.000008707999768375885 0.0000024439996195724234
          -0.00000793999970483128 5.000002261112968e-7 0.000006567600394191686 -0.0000010650001058820635 0.000013206499716034159 0.000007296500371012371
          -8.459991818199342e-7 -0.000003921000825357623 0.000007173600351961795 0.000008479800271743443 0.00000445099976786878 0.000007279199962795246
          -0.000007826000000932254 0.000003391999598534312 0.000008927800081437454 -0.000008168000931618735 0.0000033910000638570637 0.000005437000254460145
          -0.000022197998987394385 0.000007813399861333892 0.000005693999810318928 -0.000010353000106988475 0.000002247000338684302 0.000015130989595490973
          -0.000017200998627231456 -8.139995202327555e-7 0.00001823049933591392 -0.000011407999409129843 0.000005361999683373142 0.000014728700080013368
          -0.000016716998288757168 -0.000004986999556422234 0.000002996999683091417 -0.000012025000614812598 -1.9400063422381209e-7 0.000016491549104102887
          -0.00001261100078409072 -1.3099993623200135e-7 0.0000027070000214735046 -0.000018140000975108705 -0.0000069569996412610635 0.00001342959967587376
          -0.000024158000087481923 0.0000069570996856782585 0.00000984679991233861 -0.00000978800017037429 0.000004919999810226727 0.000003707999894686509
          -0.00002158499955839943 -0.000004337000063969754 0.000015072409951244481 -0.000022041998818167485 0.000007654000000911765 0.000013046100320934784
          -0.00001934200008690823 0.00000893969991011545 0.00001298749975831015 -0.00001417199928255286 -6.009994990563428e-7 0.000017640399164520204
          -0.00001540400080557447 -0.0000035720004234462976 0.000016904719814192504 -0.000012734000847558491 -0.0000035020002542296425 0.000015663710655644536
          -0.000012512000466813333 0.000007794899829605129 0.000004575000275508501 -0.000019503999283188023 0.000006823599505878519 0.000002613999640743714
          -0.00001547299871162977 0.000008968299880507402 0.0000125857004604768 -0.00001523400169389788 -0.0000023789998522261158 0.0000014890001693856902
          -0.00001596100082679186 0.000002834999577316921 0.000017992899302043952 -0.000021624999135383405 -0.0000015829991752980277 0.0000015799996617715806
          -0.000008307999451062642 0.0000011160000212839805 0.000011352900401107036 -0.00001507399974798318 0.0000014770002962904982 6.080009029574285e-7
          -0.000016487998436787166 -0.00000722900040273089 0.0000061766995713696815 -0.00000947499938774854 0.0000017399997886968777 0.00000386099964089226
          -0.000017634998584981076 0.000007880599696363788 0.000014984099834691733 -0.000016848998711793683 0.000004096999873581808 5.830007125950942e-7
          -0.000021023000954301096 0.000008932100172387436 0.000011169900062668603 -0.000018038999769487418 2.1199961963702663e-7 2.3400029647291376e-7
          -0.000018714001271291636 -0.000002894999852287583 0.0000013480002962751314 -0.000020432000383152626 -0.0000050889993872260675 0.0000035390003176871687
          -0.000018471999283065088 0.0000016020003386074677 0.00001824970058805775 -0.000021025001842644997 0.000002795000000332948 0.0000010339999789721332
          -0.000018065000404021703 -0.000004475999958231114 0.000016563950339332223 -0.00002309600131411571 0.0000048640004024491645 0.0000033839996831375174
          -0.000016921998394536786 0.000009170200428343378 0.000006041699634806719 -0.00001849300133471843 -0.000007738000931567512 0.000009719000445329584
          -0.00002078099896607455 0.000006520300303236581 0.000015621399143128656 -0.00002397399839537684 -0.0000029790007829433307 0.0000049330001274938695
          -0.000021472000298672356 -0.000006475000191130675 0.000007308500244107563 -0.000009264000254916027 0.000006768599632778205 0.000007970899787324015
          -0.000024071998268482275 -0.0000032530006137676537 0.00001287259965465637 -0.00002182500065828208 -0.000006259999281610362 0.000011462900147307664
          -0.00001460399835195858 -0.000006263000614126213 0.000014096200175117701 -0.000009997000233852305 -0.00000151799940795172 0.000013725900316785555
          -0.000021277000996633433 0.0000029109996830811724 0.00001722269917081576 -0.000011514999641804025 -0.000005325999154592864 0.000011938000170630403
          -0.00002533000042603817 0.00000429600004281383 0.000006213699634827208 -0.00002455200046824757 0.000001333999534836039 0.0000036159999581286684
          -0.000014192999515216798 0.000006693800060020294 0.00001541994970466476 -0.00002044200118689332 -0.000001107999196392484 0.000017514799765194766
          -0.000025948998882086016 0.0000030780001907260157 0.000010075999853143003 -0.00002604300061648246 3.500008745049854e-7 0.000007593400368932635
          -0.000023774000510456972 -2.969991044210474e-7 0.000015392559362226166 -0.000015547999282716773 0.000007097600246197544 0.000002718000359891448
          -0.000025636001737439074 6.399936580692156e-8 0.000011961200470977928 -0.000024611001208540983 -0.000003564000508049503 0.00000942879978538258
          -0.00002439700074319262 0.0000042909996409434825 0.00001392860031046439 -0.00002087600114464294 0.000009143600436800625 0.000008323700058099348
          -0.000011775000530178659 0.000007619200005137827 0.000011884700143127702 -0.000009108000085689127 -0.000002438999217702076 0.0000093218004622031
          -0.000013663000572705641 0.000002718000359891448 0.00001725120091577992 -0.000009162000424112193 0.000004962000275554601 0.000012297100511204917
          -0.000012970000170753337 -0.000004260000423528254 0.000004014999831269961 -0.00001769600021361839 0.000009795900041353889 0.000010073200428450946
          -0.00001346200042462442 0.000009030500223161653 0.000009051800589077175 -0.000011772999641834758 -0.000005705000148736872 0.000007388799531327095
          -0.000014540999472956173 -0.000007639999239472672 0.000010253500477119815 -0.000017166001271107234 0.000004911000360152684 0.000017492899132776074
          -0.000007987000572029501 6.459995915975014e-7 0.000006648700036748778 -0.000009858000339590944 -0.0000019119997887173668 0.000005703000169887673
          -0.000012381000487948768 0.000004585000169754494 0.0000018390001059742644 1.8999385176243777e-8 0.000004520000402408186 -0.0000015559999155811965
          -0.000015064999388414435 0.0000014529996406054124 4.049998381105979e-7 -0.000004223000360070728 -0.000007685999662498944 0.000001927999619510956
          -0.000014856001143925823 -3.8499999277519237e-7 -0.000007455999366356991 0.0000011709998943842947 -5.800025704161271e-8 -0.00000632699993730057
          -0.000005289999535307288 0.000007556000127806328 -0.0000011009997251676396 4.0600028228254814e-7 0.0000040559998524258845 -0.000005697000233340077
          -0.0000019559993233997375 -0.000004351999450591393 -0.00000933599949348718 -0.0000072639995778445154 8.73999908890255e-7 -0.000011694000932038762
          -0.00000289799936581403 -0.0000069449997681658715 -0.000007067999831633642 -0.000008180000804713927 0.000007612699846504256 -0.0000026819998311111704
          -0.000008242999683716334 0.000006669700269412715 5.809998242511938e-7 -0.000013550999938161112 0.0000044480002543423325 -0.000005342999429558404
          -0.0000011009997251676396 -0.000005985999450786039 -2.169999362422459e-7 -0.000012816999515052885 2.3999787046591337e-8 0.0000031130002753343433
          -0.000002769000275293365 -5.040000701228564e-7 -0.000010964000466628931 -0.000009605999366613105 0.000004792999789060559 0.0000035140001273248345
          -0.000007893000656622462 6.190003318806703e-7 0.000006458099960582331 -0.0000030169994715834036 0.000005834000148752239 -0.000007902999641373754
          -0.0000017820002540247515 -0.0000052249997679609805 0.0000030620003599324264 -0.000011620000805123709 0.000003180999556207098 -0.000009358000170323066
          -0.00000486799945065286 -0.0000030480005079880357 -0.00001135200000135228 -9.020004085869004e-7 0.0000024959999791462906 -0.000009302000762545504
          -0.000011280999387963675 -0.0000019929993868572637 -0.000010744999599410221 -0.0000055229993449756876 -0.000002528000550228171 0.000006813399522798136
          -0.000004551000529318117 -0.0000058969999372493476 0.000004884000190941151 -0.00001016200076264795 0.0000023169995984062552 0.0000050259995987289585
          -0.000012799999240087345 -0.000004244000592734665 0.000004075999640917871 -0.00000786400050856173 -0.0000038479993236251175 -0.000011303000064799562
          -0.000005321999196894467 -0.000006274000043049455 -0.000009867999324342236 -0.00001389399949403014 0.000004167999577475712 -9.920004231389612e-7
          -0.000012242000593687408 0.000004497000190895051 0.000001936999979079701 -0.000007897999239503406 0.0000033579999580979347 0.000005298000360198785
          -0.000006157000825623982 -0.00000918099976843223 4.710000496288558e-7 -0.00001571700158820022 0.0000017290003597736359 -0.0000031220006349030882
          -0.000003831999492831528 -0.000007867000022088178 -0.000001503000021330081 -0.0000068520002969307825 -0.000009134000720223412 -0.000006596999810426496
          -0.000009297000360675156 -0.000006491000021924265 -0.00000973699934547767 -1.650004861630805e-7 -0.0000022149997676024213 -0.000008307999451062642
          -0.0000022730000637238845 0.000006811000275774859 -0.000003294999260106124 -0.000006390999260474928 -0.0000098489999800222 -0.000001918999259942211
          -0.000008213999535655603 -0.000007934000677778386 0.0000040320001062355004 -0.00001322599928244017 -0.00000539699976798147 -0.00000800400084699504
          -0.000010920999557129107 -0.000008663999324198812 -0.000006457999916165136 -0.000016414998754044063 -0.0000016310004866681993 -0.0000026399993657832965
          -0.00001530099871160928 -0.000004408999302540906 -0.000005137000698596239 -0.000013393999324762262 -0.000007955000910442322 -0.0000041620005504228175
          -0.000015183000869001262 -0.0000025780009309528396 0.000001436999809811823 -0.0000151939984789351 -0.000005681000402546488 -0.0000013160006346879527
          -0.000010091000149259344 -0.000010028999895439483 -0.000003305000063846819 0.0000018239998098579235 6.480004799414019e-7 -0.000002406999556114897
          -0.000012512000466813333 -0.000008577999324188568 -2.0100010544865654e-7 -0.000013692000720766373 -0.000006235999535419978 0.000001806999534892384
          -0.0000072620005084900185 0.000005545000021811575 -0.000009268000212614425 -0.000009896999472402968 -0.0000018150003597838804 0.00000591000025451649
          -0.000010081999789690599 0.00000673769955028547 -0.000006009999196976423 -0.000004216000888845883 0.0000033269998311880045 -0.000010674000805011019
          -0.000009437999324291013 -0.00000967800042417366 7.029994435470144e-7 -0.0000032059997465694323 0.0000028659997042268515 0.000004552000063995365
          -0.000004543000613921322 -0.0000085320007201517 -0.000004864999937126413 -0.000011255000572418794 -0.000007545999324065633 0.0000034200002119177952
          -0.0000022879994503455237 0.000005447000148706138 0.0000010679996194085106 -0.0000058250006986781955 0.0000059180001699132845 0.000002623999534989707
          -0.00000482600080431439 5.889997396479885e-7 0.000006262799615797121 -0.0000060479997046059 0.000007597200237796642 -0.000005279000106384046
          -0.000001722999513731338 -0.000006177000614115968 -0.000004202000127406791 -0.000008573000741307624 -0.000004904999514110386 0.000005982999937259592
          -0.000010611000107019208 0.0000063216002672561444 -8.959995625446027e-7 -6.339996048154717e-7 -0.000004845000148634426 -0.0000063400002545677125
          0.0000010750000001280569 -0.0000030080009310040623 9.87999555945862e-7 2.9500009190996934e-7 0.0000017370002751704305 0.0000018040000213659368
          -0.0000017050006135832518 -0.0000020219995349179953 0.000004530999831331428 0.0000011729998732334934 -0.000003540000761859119 -0.0000035499997466104105
          -0.0000033460000850027427 0.00001174930002889596 0.000024818500605761074 -0.000002356000550207682 0.000008529600563633721 0.000022464000721811317
          -0.0000030570008675567806 0.000005388999852584675 0.00001885009987745434 -0.0000048820002120919526 0.000008362199878320098 0.000026292000256944448
          -0.000008310000339406542 0.000005371000042941887 0.000026608000553096645 -0.00001842500023485627 0.000005826000233355444 0.000019879900719388388
          -0.000002153999957954511 0.000013194299754104577 0.00002095340096275322 -0.000009073999535758048 0.00001673898077569902 0.00002619600127218291
          -0.0000045859997044317424 0.00001568773041071836 0.00002412469984847121 -0.000006532000043080188 0.000012380400221445598 0.00002757800029939972
          -0.000008352999429916963 0.000009158599823422264 0.000028160000510979444 -0.000012479000361054204 0.000007778599865559954 0.00002782600131467916
          -0.000008431999958702363 0.00000272899978881469 0.000023554899598821066 -0.000011870000889757648 0.000007621800250490196 0.000011707000339811202
          -0.00000734899913368281 0.00001883769982669037 0.000022214000637177378 -0.000019697001334861852 0.000011289900612609927 0.000019007800801773556
          -0.000008045000868150964 0.0000016430003597633913 0.000017775699234334752 -0.00001906700163090136 0.000011713000276358798 0.000016251720808213577
          -0.000010477000614628196 0.00001995939965127036 0.00002013360062846914 -0.000011735999578377232 0.000019173299733665772 0.00002341539948247373
          -0.000015479001376661472 0.000006565100193256512 0.000025698300305521116 -0.000013597000361187384 0.0000018780001482809894 0.000020545099687296897
          -0.000010981999366777018 0.0000014320003174361773 0.00001810889989428688 -0.000005640000381390564 0.000017047399524017237 0.000015720939700258896
          -0.000014081000699661672 0.000016389249140047468 0.00002590080111986026 -0.00001359999987471383 0.000019591800082707778 0.000019892800992238335
          -0.000014994000594015233 0.000018197599274571985 0.000022788301066611893 -0.000016282998331007548 0.00001135520051320782 0.000026353000066592358
          -0.000016248000974883325 0.000004022000211989507 0.000022495400116895325 -0.00001769800110196229 0.00001540549965284299 0.000022958700355957262
          -0.000015012001313152723 0.000016863419659784995 0.000014291000297816936 -0.000004714000169769861 0.000004919999810226727 0.000023578300897497684
          -0.000016849999155965634 0.000017543399735586718 0.000019739200070034713 -0.000015851999705773778 0.000003342999661981594 0.00001847060048021376
          -0.000012444999811123125 0.000018103399270330556 0.00001432980025128927 -0.00001217399949382525 0.000004180999894742854 0.000013592600225820206
          -0.000019270000848337077 0.000011713300409610383 0.000022128000637167133 -0.000019509998310240917 0.000008888399861461949 0.00002051470073638484
          -0.000011410000297473744 0.00001954529943759553 0.0000167199395946227 -0.0000031950003176461905 0.000013907700122217648 0.00001641572089283727
          -0.00001694899947324302 0.000016825439161038958 0.000016748970665503293 -0.000019023000277229585 0.000014437900063057896 0.000018979000742547214
          -0.000010929999916697852 0.000009886600309982896 0.000011251199794060085 -0.000010177000149269588 0.000002351999683014583 0.00001512295966676902
          -0.000006140000550658442 0.000002331999894522596 0.00002041910011030268 -0.00001818200144043658 0.000007670800187042914 0.000023351800336968154
          -0.000014677998478873633 0.000018635000742506236 0.000016547950508538634 -0.000007795000783517025 0.000019220000467612408 0.000017878099242807366
          -0.00001758799953677226 0.000014659000044048298 0.000014964100046199746 -0.0000100050001492491 0.0000014289998944150284 0.000021073299649287947
          -0.000004274999810149893 0.00001697415063972585 0.000019654200514196418 -0.000007623999408679083 0.000002879999556171242 0.000014863499927741941
          -0.000004352999894763343 0.000010993299838446546 0.000013950600077805575 -0.000015605999578838237 0.000014503900274576154 0.000013033900359005202
          -0.000015027000699774362 0.000005394999789132271 0.000014063400158192962 -0.000012541999240056612 0.000003332000233058352 0.000024791301257209852
          -0.000005447000148706138 0.000003049000042665284 0.000017179800124722533 -0.000017019998267642222 0.00001178130059997784 0.000013307299923326354
          -0.000004679999619838782 0.0000063638999563409016 0.00001423720004822826 -0.00001717500163067598 0.000004888999683316797 0.000017335099983029068
          -0.000011438000001362525 0.00001254860035260208 0.000028270000257180072 -0.000009171000783680938 0.000005210000381339341 0.000012336599866102915
          -0.000009077000868273899 0.00001719350075291004 0.000013253899851406459 -0.000017650998415774666 0.000007930600077088457 0.000014909300261933822
          -0.000012923999747727066 0.000015877030818955973 0.000012426199646142777 -0.00000975500006461516 0.000013289700291352347 0.000011181100489920937
          -0.000019216999135096557 0.000008184800208255183 0.000017881500752991997 -0.00001383199924021028 0.000011854600415972527 0.00001139049982157303
          -0.000015479001376661472 0.000008964700100477785 0.000012605099982465617 -0.000013716000466956757 0.0000025339995772810653 0.000016996469639707357
          -0.0000022860003809910268 0.000009741700523591135 0.00001738419996399898 -0.00000598900078330189 0.000014062599802855402 0.000012581700502778403
          -0.000007668000762350857 0.000009596699783287477 0.000011356500181136653 0.000015367499145213515 0.000007462200301233679 -0.0000025780009309528396
          0.000015249679563567042 0.000007083100172167178 0.0000012760001482092775 0.000010769800610432867 0.000006788500286347698 -0.000009187000614474528
          0.000013849000424670521 0.0000034409995350870304 -0.000008840999726089649 0.000008377700396522414 0.000004305000402382575 0.000007272499715327285
          0.000010309599929314572 0.00000735059984435793 0.000005570999746851157 0.000012100000276404899 0.000008823800271784421 0.000002882999979192391
          0.00000561500019102823 -0.0000012910004443256184 -0.000009994000720325857 0.00001018370039673755 -0.0000030619994504377246 -0.00000902399915503338
          0.000012454100215109065 0.0000036579995139618404 0.000006464099897129927 0.000016996940757962875 0.0000031070003387867473 8.420002473030763e-7
          0.00001648794932407327 6.619994223910908e-7 0.0000022040003386791795 0.000005853000402566977 -0.000002064000000245869 0.000005355999746825546
          0.000016392839825130068 0.0000013389999367063865 -0.000006333999408525415 0.000015006899957370479 -0.0000027530004444997758 0.0000013460003174259327
          0.000008976000572147314 4.710000496288558e-7 -0.000010707999535952695 0.000012007700206595473 -0.0000050769995141308755 -0.000005403999239206314
          0.00001172560041595716 -0.000005174000762053765 -0.0000011590000212891027 0.0000134920001073624 -8.120004508782586e-7 0.000005353000233299099
          0.000007609800377395004 0.000011758100299630314 -0.0000018720002117333934 3.349996688939427e-7 0.00000411000019084895 -0.000005690999387297779
          0.000006689800102321897 -0.000005480000254465267 -0.000007000999175943434 0.000008484799764119089 -0.000006037000275682658 -0.000004260000423528254
          0.000011429000551288482 -0.000004809999154531397 0.0000025480003387201577 0.000008050100404943805 -0.000005654999768012203 -8.259993933279475e-7
          0.000003051000021514483 0.0000073546998464735225 -0.000007737000487395562 0.0000012359996617306024 0.000006644700079050381 0.0000013199996828916483
          0.0000013930002751294523 -0.0000035529992601368576 -0.000003540000761859119 0.000002812999809975736 -6.94999414463382e-7 -0.000008355000318260863
          0.000003178000042680651 -0.000004052000804222189 -0.0000065900003392016515 -6.899968241214083e-8 0.000004575000275508501 -0.0000016169997252291068
          0.000013298100384417921 0.000006423900231311563 0.00000463800006400561 0.000005214999873714987 -0.0000052129998948657885 -0.000004194000212009996
          0.0000012620002962648869 -0.00000305399953504093 9.200003319165262e-7 0.0000010020003173849545 -1.860007188270174e-7 -0.000006415999450837262
          0.000014435199773288332 -0.0000024090004444587976 -0.000006664000466116704 0.000012368000170681626 -0.000002972999936901033 0.000004278000233171042
          0.000015441970390384085 0.0000033070000426960178 0.000004110999725526199 -4.1400014083592396e-7 2.9799960543641646e-7 -0.00000226600059249904
          0.0000028839995138696395 0.0000033569995139259845 -0.000009389999831910245 0.000003936999746656511 -0.000005050000254414044 -7.180005354712193e-7
          0.000017240399756701663 8.899955616925581e-8 -0.000001574999259901233 0.000004792999789060559 0.000005863999831490219 -0.000009597000826033764
          0.000009431500075152144 -0.0000025350000214530155 0.000005816999873786699 0.000017143200238933787 0.000004444999831321184 -0.0000025200006348313764
          0.0000033819997042883188 0.000004251000063959509 0.000005527000212168787 0.000010854600077436771 0.000002879999556171242 -0.00001034399974741973
          0.0000016189997040783055 0.00000813590031611966 -0.000003463999746600166 0.000006963899977563415 0.0000075775997174787335 0.000005580999641097151
          0.000011812800039479043 0.00000996369999484159 -9.840005077421665e-7 0.000015035559954412747 0.000005607000275631435 -0.000006772999768145382
          0.00000660030036669923 1.2599961962678208e-7 0.000006790600309614092 0.000010333400496165268 8.119996550703945e-7 0.000007069899766065646
          0.000008447200343653094 0.000010326800293114502 0.0000027590003810473718 0.000004337000063969754 0.00000901749990589451 0.0000033610003811190836
          0.000003031000233022496 -0.0000011430001904955134 0.000004489000275498256 0.000006036900231265463 -0.0000045050001062918454 0.000003219999598513823
          0.000013008499990974087 0.00000870890016813064 -0.000005576999683398753 0.00000670769986754749 0.000008585900104662869 -0.000008953000360634178
          0.0000095764999059611 0.000010667899914551526 -0.0000058730001910589635 0.000005590999535343144 0.000010885200026677921 -0.000005637000867864117
          0.000006958100129850209 0.000003924999873561319 -0.0000107790001493413 0.000003602999640861526 0.000010433600436954293 -6.289992029451241e-7
          0.000013123500139045063 2.920005783835222e-7 -0.000009407000106875785 2.7900026111638e-7 0.0000017820002540247515 0.000001886000063677784
          0.0000060380998547771014 0.00001049959973897785 0.000001436999809811823 0.000015446990801137872 -0.0000025339995772810653 -0.0000035030006984015927
          0.000014480900063063018 0.000023671100279898383 -0.000007578000804642215 0.00001507125034549972 0.000024648599719512276 -0.000011006999557139352
          0.000007799600098223891 0.00003341200135764666 -0.0000036950004869140685 0.000010278599802404642 0.000018869399355025962 -0.000008376999176107347
          0.000013564400433097035 0.00003152100180159323 -0.00001042099938786123 0.000011597000593610574 0.000029058999643893912 -0.0000031220006349030882
          0.000013279400263854768 0.00003111499972874299 -0.000006329000825644471 0.000015161240298766643 0.00002774600034172181 -0.000008810999133856967
          0.000013968299754196778 0.00002767400110315066 -0.000005489000614034012 0.000014828499843133613 0.00002777900044748094 -0.000012075999620719813
          0.000013887700333725661 0.000024835200747475028 -0.000014601000657421537 0.000010608699994918425 0.000032257001294055954 -0.0000042339997889939696
          0.00001285740017920034 0.000029508000807254575 -0.000014860999726806767 0.000010507200386200566 0.000026159001208725385 -0.00001769399932527449
          0.000012085900380043313 0.000025558400011505 -0.0000035159991966793314 0.000010230400221189484 0.00003438700150582008 -0.000007606000508530997
          0.000008602200068708044 0.000030307999622891657 -0.0000020229999790899456 5.490001626640151e-7 0.000033786000130930915 -0.000012660999345825985
          0.000007073499546095263 0.000028219999876455404 -0.000018634998923516832 0.00000704689955455251 0.000035544002457754686 -0.000010615000064717606
          0.000005052000233263243 0.000031147999834502116 -0.00001752099888108205 0.000006130099791334942 0.000024609400497865863 -0.000018812001144397072
          -0.000002426000719424337 0.000031269999453797936 -0.000010424999345559627 0.000010138000106962863 0.00003379700137884356 -0.000012918000720674172
          0.000007410700163745787 0.000019289700503577478 -0.000014570998246199451 0.000005828999746881891 0.000035330001992406324 -0.000006446000043069944
          0.0000034889999369625002 0.00003553200076567009 -0.000010068999472423457 0.000005218000296736136 0.0000342090024787467 -0.000014548999388352968
          0.000005728999894927256 0.0000310889990942087 -0.0000018470000213710591 0.000004542000169749372 0.000018707200069911778 -0.00001416300074197352
          0.00000353599989466602 0.000029922999601694755 -0.0000016949998098425567 0.00000421799995820038 0.000032900999940466136 -0.000003032999302376993
          0.0000014600000213249587 0.00003418800042709336 -0.000006035999831510708 0.000009523099834041204 0.00002692900125111919 -0.0000018949995137518272
          0.000008922400411393028 0.00003103500057477504 -0.00001684400012891274 -2.6999984470421623e-7 0.00003379400004632771 -0.000009371000487590209
          7.180006491580571e-7 0.00002701599987631198 -0.00001739799881761428 0.000001186999725177884 0.000031371000659419224 -0.00001636200067878235
          0.00000213899966183817 0.000022006299332133494 -0.000016503001461387612 0.000008241800060204696 0.0000225571002374636 -0.00001755900120770093
          -0.0000017220008885487914 0.00003091699909418821 -0.000013422000847640447 -0.000001946000338648446 0.0000310180002998095 -0.000006443000529543497
          0.0000027119995138491504 0.00002409390071989037 -0.000017978998585022055 -0.0000034460008464520797 0.000028099000701331533 -0.000011444000847404823
          0.000003481999556242954 0.000027973999749519862 -0.00001859800067904871 -0.0000020669995137723163 0.000026691001039580442 -0.0000047890007408568636
          -0.0000034320000850129873 0.00002518310066079721 -0.000008516999514540657 -4.060002254391293e-7 0.000023470300220651552 -0.000015742998584755696
          -0.0000020450006559258327 0.000021900499632465653 -0.000009621999197406694 -0.0000028030008252244443 0.000024279001081595197 -0.000012442000297596678
          -0.0000018629998521646485 0.000027518999559106305 -0.00001511000118625816 -0.000003249999281251803 0.000028546999601530842 -0.000007882999852881767
          2.0299926006828173e-7 0.000022331299987854436 -0.00000429700048698578 0.000004157999683229718 0.00001802830047381576 -0.000009839999620453455
          -0.0000010099993232870474 0.000021523899704334326 -0.000012819000403396785 8.429997819803248e-7 0.00002010160096688196 -0.000010547999409027398
          0.000004280000212020241 0.000022801199520472437 -0.000003463999746600166 -0.000001963999238796532 0.000023010199583950453 -0.000006488000508397818
          0.000010220100193691906 0.000019047900423174724 -0.000013118000424583443 0.0000109903003249201 0.000021706400730181485 -0.000015792998965480365
          0.000008345799869857728 0.000023828701159800403 -0.000002503000359865837 0.000006664399734290782 0.00001773069925548043 -0.000010798999937833287
          0.000001571999746374786 0.000020402600057423115 -0.000014562001524609514 0.000004499999704421498 0.000021067200577817857 -0.00001694899947324302
          0.000011230100426473655 0.000022194899429450743 -0.000005044999852543697 0.000012726200111501385 0.000021180800104048103 -0.000008012000762391835
          0.000013663699974131305 0.000021464900783030316 -0.000011670999811030924 0.000005599999894911889 0.000026966001314576715 -0.000001263000740436837
          0.0000026099996830453165 0.000019496899767545983 -0.000006008000127621926 -1.8699934400956408e-7 0.00002077489989460446 -0.000007008000466157682
          0.0000016679996406310238 0.000025891500627039932 -0.0000022099993657320738 1.9499934467148705e-7 0.000030436000088229775 -0.0000033659998734947294
          0.000007390000064333435 0.000019777500710915774 -0.00000480900052934885 0.000005683999916072935 0.000017799400666262954 -0.000006656999175902456
          0.000019536499166861176 0.000012879800124210306 5.649999934576044e-7 0.000023034799596644007 0.000014339399967866484 -0.0000030249993869801983
          0.000018196900782641023 0.000020851000954280607 -0.0000014439992810366675 0.000019010100004379638 0.00002236480031569954 -0.000005424000846687704
          0.00002186110032198485 0.000016644909919705242 -0.000011845000699395314 0.0000180669994733762 0.000017539699911139905 0.0000010249996194033884
          0.0000151091498992173 0.000014398599887499586 0.000001981999957934022 0.000015272749806172214 0.000010549500075285323 7.420003953484411e-7
          0.00002254960054415278 0.000010458600627316628 -0.00000553599966224283 0.00001526006053609308 0.00000735180037736427 -0.0000025579993234714493
          0.000022251899281400256 0.000019409599190112203 -0.00000835799983178731 0.000019062099454458803 0.000019810800949926488 -0.00001239300036104396
          0.00002129970016540028 0.000013320900507096667 -0.00001296700065722689 0.000019098200937150978 0.000016370779121643864 -0.000014437000572797842
          0.000013644499631482176 0.000006865399882372003 -0.000011852000170620158 0.000007170499884523451 0.000015077140233188402 -0.00001259400050912518
          0.000012902200069220271 0.000017055299394996837 0.0000015229998098220676 0.000008389700269617606 0.000016636240616207942 -9.949999366654083e-7
          0.000008070200237852987 0.000020694000340881757 -0.000007573000402771868 0.000010420500075269956 0.00002183330070693046 -0.000010080999345518649
          0.000011669800187519286 0.000009721400601847563 -0.000001058000634657219 0.000018822000129148364 0.000010390600436949171 -0.000013573000614997
          0.000019423399862716906 0.000008689000424055848 -0.0000022849999368190765 0.000011549400369403884 0.00001419080035702791 -0.000015296000128728338
          0.000021692199879908003 0.000009854799827735405 -0.000010087000191560946 0.000014853099855827168 0.000022661699404125102 -0.000003074999767704867
          0.000014940999790269416 0.000020015000700368546 1.3899993689392431e-7 0.000006555399522767402 0.000011269599781371653 -0.000010277999535901472
          0.0000055259997679968365 0.000015018659723864403 -0.0000050630005716811866 0.000014775800082134083 0.000010452000424265862 -0.000014888000805513002
          0.00001777159923221916 0.000007803199878253508 -0.000011903999620699324 0.000019462100681266747 0.000007010499757598154 -0.000007406999429804273
          0.000005455000064102933 0.000014677199942525476 -0.000008606000847066753 0.000023611100914422423 0.000014380900211108383 -0.000008494000212522224
          0.000021666201064363122 0.000018950100638903677 -0.0000027610003598965704 0.000008354600140592083 0.000011333099791954737 -0.000013119000868755393
          0.00001710479955363553 0.000006660599865426775 -0.000004569999873638153 0.000010744600331236143 0.000006691599992336705 -0.000009056999260792509
          0.000016693620636942796 0.000013547600246965885 -0.00001555699964228552 0.000011447100405348465 0.000009823700565902982 -0.00001402400084771216
          0.000008030900062294677 0.000008301900379592553 -0.000004913999873679131 0.000009653999768488575 0.000008379100108868442 -0.000011713000276358798
          0.000013853100426786114 0.000021535299310926348 -0.000011771999197662808 0.000016338830391759984 0.000006332899829430971 -0.000009625000529922545
          0.00001477170008001849 0.000017701300748740323 -0.000014821000149822794 0.000021354600903578103 0.00001550825072627049 -9.209997529069369e-7
          0.000010296300388290547 0.000018899600036093034 -0.000013204000424593687 0.00001841360062826425 0.00002211339960922487 -0.000009699000656837597
          0.000015094709851837251 0.000005683999916072935 -0.000006905000191181898 0.00002334340024390258 0.0000165521905728383 -0.0000055439995776396245
          0.000021252999431453645 0.000011143400115543045 -0.0000020930001483066007 0.000011043500308005605 0.000013163299627194647 9.019996127790364e-7
          0.000011440500202297699 0.00002060209953924641 -0.0000012609998520929366 0.000005758999577665236 0.00001759689985192381 -0.0000065589993027970195
          0.000006667600246146321 0.00001772379982867278 -0.000010653999197529629 0.000007474300218746066 0.00001962329952220898 -0.000004753999746753834
          0.000011072100278397556 0.00002241930087620858 -0.000005157000487088226 0.000014487100088445004 0.00002352090086787939 -0.000007729999197181314
          0.000006888600182719529 0.000008860900379659142 -0.000008937000529840589 0.0000057039997045649216 0.000010894300430663861 -0.000005919000614085235
          0.0000074723002398968674 0.000011729000107152387 -0.0000019300005078548566 0.000011856800483656116 0.0000068364997787284665 -0.000004620000254362822
          0.000007214000106614549 0.000014711000403622165 -0.000008152999726007693 0.0000010069998097606003 0.000020557199604809284 -0.000010371999451308511
          0.000004747999810206238 0.000014807999832555652 -0.00001696399885986466 -0.000009514000339549966 0.000009037300515046809 -0.000010177000149269588
          0.0000042729998313006945 0.0000066022003011312336 -0.000006348000169964507 0.000002832000063790474 0.00001634462932997849 -0.0000036490000638877973
          -0.000008338000043295324 0.000011437599823693745 -0.000005541000064113177 -0.0000011219999578315765 0.00002136819966835901 -0.000012848000551457517
          -0.0000010370004019932821 0.000017261700122617185 -0.00001856600101746153 0.000006124700121290516 0.000010919499800365884 -0.000014491000911220908
          -3.400000139208714e-7 0.000008402800631301943 -0.000018729000657913275 -0.00000868499955686275 0.000015459680071217008 -0.000014589999409508891
          0.000003520999598549679 0.000007028799700492527 -0.000015980998796294443 -0.000004212000931147486 0.000018445900423103012 -0.000017076001313398592
          6.970004164941201e-7 0.000013652500456373673 -0.000019542998416000046 -1.860007188270174e-7 0.00000516299951414112 -0.00001621799856366124
          0.0000056950002544908784 0.000010843100426427554 -0.000005661999239237048 -9.989998943638057e-7 0.000002617999598442111 -0.000009506000424153171
          0.000005007000254408922 0.000005826999768032692 -0.00000959799945121631 -0.0000047909998102113605 0.000021145400751265697 -0.000011820999134215526
          -0.0000039480000850744545 0.00002048170063062571 -0.000014446999557549134 -0.0000010380008461652324 0.000018011700376519002 -0.0000036140008887741715
          0.0000029829998311470263 0.000003557999662007205 -0.000009437999324291013 -0.000004728000931208953 0.000006321400178421754 -0.000016856998627190478
          -0.000002508999386918731 0.0000035249995562480763 -0.000013718999980483204 -0.000003909999577444978 0.000014829100109636784 -0.00001916799919854384
          -0.000009962999683921225 0.00001305149999097921 -0.000008533999789506197 0.000004413000169734005 0.000019549599528545514 -0.000010712999937823042
          -0.000005977000910206698 0.000020378100089146756 -0.000008475000868202187 -0.0000070259993663057685 0.000018791599359246902 -0.000014060000466997735
          -0.0000073760002123890445 0.000013117900380166247 -0.000017222000678884797 -0.0000074880008469335735 0.000009620700438972563 -0.000016505999155924655
          -0.000005948000762145966 0.000004862999958277214 -0.000013057000614935532 -0.000006889000360388309 0.000018367099983152002 -0.000006094000127632171
          -0.000004256000465829857 0.0000034120002965210006 -0.000010633000783855096 0.000002081999809888657 0.000017922000552061945 -0.000017427000784664415
          0.0000018780001482809894 0.000003801999810093548 -0.00001341800088994205 -0.000008619999789516442 0.00001740080006129574 -0.000008113000149023719
          0.000003455000296526123 0.000010477399882802274 -0.00001771099960024003 -0.00000392199945054017 0.00002028130074904766 -0.000006169000698719174
          -0.000008384000466321595 0.000007394999556709081 -0.000013344999388209544 -7.800004198088573e-8 0.000013978299648442771 -0.000002175000190618448
          -0.0000021609994291793555 0.00002165849946322851 -0.000009568999303155579 0.000005515000339073595 0.000006632600161537994 -0.000012000000424450263
          -0.00000941700091061648 0.000016417949154856615 -0.000011575000826269388 -0.00000854700010677334 0.000009147900527750608 -0.000006673999450867996
          -4.5500016199184756e-7 0.0000205885007744655 -0.0000069880006776656955 -9.350005143460294e-7 0.00002004609996220097 -0.0000160489998961566
          -0.0000056560002121841535 0.000017633499737712555 -0.000004023999281344004 -0.00000981599987426307 0.00001190350030810805 -0.00001331999919784721
          -0.000007437000022036955 0.000019431099644862115 -0.00001087300006474834 -4.709999927854369e-7 0.000010495899914531037 -0.0000020570005290210247
          -0.000004191999323666096 0.000010857999768631998 -0.000019223998606321402 -0.000006808000762248412 0.000016218020391534083 -0.000016717998732929118
          0.0000031399995350511745 0.000012503700418164954 -0.000003076000211876817 -0.000007291999281733297 0.000005738000254496001 -0.000009171999408863485
          -0.000003793000360019505 0.000004386000000522472 -0.000006573000064236112 0.000005582000085269101 0.000014920699868525844 -0.000005080000846646726
          0.0000017570000636624172 0.000008202900062315166 -0.000003392000508029014 0.000006593500074814074 0.000017606500477995723 -0.000010657999155228026
          0.000007135599844332319 0.00001511130994913401 -0.000012603000868693925 -0.000006018999556545168 0.000007488200026273262 -0.000005268000677460805
          -0.000003040000592591241 0.00001112910013034707 -0.0000020860006770817563 -0.0000024780001695035025 0.000007124000148905907 -0.0000033029991755029187
          0.000006477200258814264 0.000008600400178693235 -0.000008971999704954214 0.000007121800081222318 0.000011161800102854613 -0.000010259000191581436
          3.9400040918735613e-7 0.0000042370002120151184 -0.0000057159995776601136 -0.000006103000487200916 0.000010512399967410602 -0.0000036799992813030258
          0.00000556699978915276 0.00001762449937814381 -0.0000065780004661064595 0.0000017180000213556923 0.000020298499293858185 -0.000014403000022866763
          0.0000024600003598607145 0.000019435099602560513 -0.000006070000381441787 0.000004583000190905295 0.00001859909934864845 -0.000014287999874795787
          -0.00000392199945054017 0.00001425970003765542 -0.000002643000698299147 -0.000007915999958640896 0.000014589300008083228 -0.000005091000275569968
          0.00001394300034007756 0.000007860399819037411 -0.00001708699892333243 0.000017473899788456038 0.000017236799976672046 -0.000017412001398042776
          0.000010681000276235864 0.0000068993995228083804 -0.000017309999748249538 0.000004634000106307212 0.00001853930007200688 -0.000014383000234374776
          0.000016504189261468127 0.00002064789987343829 -0.000019739001800189726 0.000018621400158735923 0.000017366299289278686 -0.000020992001736885868
          0.000017768499674275517 0.000010177900549024343 -0.00002064299951598514 0.000007848900168028194 0.00002341390063520521 -0.000024299000870087184
          9.420000992577116e-7 0.000013737299923377577 -0.00001960099871212151 0.00001854249967436772 0.000011756300409615505 -0.00002390899862803053
          0.000010613100130285602 0.000023268599761649966 -0.000025393999749212526 0.00001480149967392208 0.000010636899787641596 -0.000014818999261478893
          0.000015568020899081603 0.000007850800102460198 -0.000020101999325561337 0.000012775900358974468 0.000023044400222715922 -0.00001928899837366771
          0.000017312300769845024 0.0000198599009308964 -0.0000236510004469892 0.000018846700186259113 0.000013562000276579056 -0.000019870998585247435
          0.00001708409945422318 0.000017206799384439364 -0.000027369000235921703 0.000008254500244220253 0.00002271959965582937 -0.000017584001398063265
          0.0000175871991814347 0.000013544599823944736 -0.00002720700103964191 0.000014799499695072882 0.000015101580174814444 -0.0000297800015687244
          0.00001517355030955514 0.000020692899852292612 -0.00002668599881872069 0.000007345999620156363 0.000019608100046752952 -0.000014376999388332479
          0.0000020170000425423495 0.000017941300029633567 -0.000017440999727114104 0.000016197600416489877 0.00001018330021906877 -0.000026962001356878318
          0.000008214599802158773 0.000021926100089331158 -0.000027715001124306582 0.000015060069927130826 0.000012249100109329447 -0.000029101998734404333
          0.00001223599974764511 0.00001417539988324279 -0.000012689999493886717 0.00000603969965595752 0.000023051199605106376 -0.000020858000425505452
          0.000010826900506799575 0.000021558300431934185 -0.000015848001567064784 0.000012160399819549639 0.000021789101083413698 -0.00002764000055321958
          0.000007525800356233958 0.000012039799912599847 -0.000029587999961222522 0.0000050709995775832795 0.000010471099813003093 -0.000027211999622522853
          0.000013260500054457225 0.000006520599526993465 -0.00002255500112369191 0.0000047280000217142515 0.000008265000360552222 -0.000023709000743110664
          0.0000055379996410920285 0.000013357100215216633 -0.00002896000114560593 0.0000031259996831067838 0.000014391500371857546 -0.000015306000932469033
          0.000014931900295778178 0.00002227640106866602 -0.000021712001398555003 0.000010314100109098945 0.000006441599907702766 -0.000024341001335415058
          0.0000021879995983908884 0.000011508700481499545 -0.00002385299922025297 0.0000052429995776037686 0.000022267200620262884 -0.000024557999495300464
          0.000010479000593477394 0.0000195716002053814 -0.000029803000870742835 0.0000028519998522824608 0.00002074939948215615 -0.000020828001652262174
          0.00001253970003745053 0.000009845100066740997 -0.000029010001526330598 0.000018915299733635038 0.000015481840819120407 -0.0000241129982896382
          0.000005967000106466003 0.000008521200470568147 -0.000016907999452087097 0.000001327999598288443 0.000014703499800816644 -0.00002377199962211307
          0.000007586199899378698 0.000018396700397715904 -0.00002996700095536653 0.000013778199900116306 0.00001874309964478016 -0.00002948300061689224
          0.0000011189995348104276 0.000017611000657780096 -0.00002193100044678431 0.000009936200513038784 0.000012436100405466277 -0.00003036499947484117
          0.000013512700206774753 0.000007626799742865842 -0.000025931001800927334 0.000004827999873668887 0.000019826600691885687 -0.00002753699845925439
          0.000010257400390401017 0.000005988999873807188 -0.000021071000446681865 0.000002408999534964096 0.00001745040026435163 -0.00002588800089142751
          0.00000774650015955558 0.000014709199604112655 -0.000030410001272684895 0.0000029570001061074436 0.000013872599993192125 -0.00002677300108189229
          0.00000470000031782547 0.000016288029655697756 -0.0000287710008706199 0.00001631541090318933 0.000008510400220984593 -0.00002354600110265892
          0.000010314500286767725 0.000007782299690006766 -0.00002708400097617414 0.000004565999915939756 0.000020876299458905123 -0.000016929001503740437
          0.000012570400031108875 0.000013134600521880202 -0.000030360000891960226 0.000011056699804612435 0.000016151310774148442 -0.000030901999707566574
          0.0000028360000214888714 0.000009906400009640492 -0.000020726000002468936 0.000009878100172500126 0.000023890101147117093 -0.000021853998987353407
          0.000002767999831121415 0.000019830800738418475 -0.000024422000933554955 0.000013663299796462525 0.000023001899535302073 -0.000023875998522271402
          0.000007830700269551016 0.000006690200279990677 -0.000018724998881225474 0.00000853890014695935 0.000011377000191714615 -0.000013172999388189055
          0.000006075600140320603 0.000010890999874391127 -0.00001445800080546178 0.000003377000211912673 0.000010364400623075198 -0.000017582000509719364
          0.000011531599739100784 0.000009706000128062442 -0.000014028999430593103 0.000014744799955224153 0.000017664999177213758 -0.000014724000720889308
          0.0000128956999105867 0.0000065289996200590394 -0.000019803001123364083 0.00001041409996105358 0.00001888209953904152 -0.000013192999176681042
          0.00000720370007911697 0.000015073170288815163 -0.00001265399987460114 0.000008234499546233565 0.000008532800165994558 -0.000015365001672762446
          0.0000170857001648983 0.000010400800420029555 -0.00001781599894457031 0.000014139600352791604 0.000020594699890352786 -0.00001615000110177789
          0.000016680229236953892 0.00001366460037388606 -0.000015568000890198164 0.000007705700227234047 0.000007671899766137358 -0.000026053998226416297
          0.000005011000212107319 0.000007747499694232829 -0.00002002099972742144 0.000007607400220877025 0.000006512699656013865 -0.00002253800084872637
          0.000008646200512885116 0.000009713200597616378 -0.000028684999051620252 0.00001149909985542763 0.00002060330007225275 -0.0000013589997251983732
          0.000013667499842995312 0.00001963860086107161 0.000003092999577347655 0.000013282000509207137 0.000017271000615437515 0.000004407999767863657
          0.000010922600267804228 0.000024195500373025425 2.109991754650764e-7 0.00001291860007768264 0.000022463900677394122 0.000002499999936844688
          0.000011474100574559998 0.000020750700059579685 0.000009954700544767547 0.000007540299520769622 0.00001913880078063812 0.000012601500202436
          0.000010816500434884802 0.000015978115698089823 0.000009789399882720318 0.000013097999726596754 0.000021984000341035426 0.000006203499651746824
          0.00000857800023368327 0.000011836300473078154 0.000008067099770414643 0.0000056500002756365575 0.000010193800335400738 0.000006176100214361213
          0.000011673399967548903 0.000025054599973373115 0.000004094999894732609 0.000008163199709088076 0.000023578701075166464 0.000011414800610509701
          -0.0000030930004868423566 0.000016125279216794297 0.000003578999894671142 0.000005306999810272828 0.000011951499800488818 0.000009255099939764477
          0.0000017960001059691422 0.000010203199963143561 0.0000030660003176308237 0.000008819100003165659 0.000027240999770583585 0.000005738000254496001
          0.000007974399522936437 0.000026232000891468488 0.000009047700586961582 -6.589997951778059e-7 0.000024777000362519175 -0.0000013330009096534923
          0.0000057489996834192425 0.00002821099951688666 0.0000030530000003636815 0.000004280999746697489 0.00002301680069649592 -0.0000037209993024589494
          0.000009010100257000886 0.00002671100082807243 0.000001020999661704991 -0.000003531000402290374 0.000020198500351398252 0.0000011209995136596262
          0.000005015000169805717 0.00002555009996285662 0.00001058710040524602 0.000001903999873320572 0.000013867899724573363 0.000010254600056214258
          0.0000033639998946455307 0.0000105143999462598 -5.509991183316743e-7 0.000006395500349754002 0.00001465599962102715 0.000011585099855437875
          0.0000020950001271557994 0.000010790699889184907 0.000006799399670853745 0.0000012479995348257944 0.00002506219971110113 0.000009546400178805925
          0.0000021429996195365675 0.000027437999960966408 0.000005597000381385442 0.00000567600000067614 0.00002682699960132595 -0.000001219999830937013
          -0.0000012580003385664895 0.000024844401195878163 0.000005513000360224396 0.000013121099982527085 0.000017992799257626757 0.0000069153002186794765
          -4.960001547260617e-7 0.000017075499272323214 0.000010239500625175424 0.00001083149982150644 0.000024799601305858232 0.000008230399544117972
          -8.789992875790631e-7 0.000013453900464810431 0.000007265500244102441 -0.000002451999534969218 0.000023889700969448313 0.0000018909995560534298
          0.000002775000211840961 0.00001781759965524543 0.000012649599739233963 4.4800074761042197e-7 0.00002101320023939479 0.000011278300007688813
          1.7300048682500346e-7 0.00002215690074081067 -0.000004134999471716583 0.000004280000212020241 0.000009329800377599895 0.000003416000254219398
          -0.000003143999492749572 0.000020127699826844037 0.000005445999704534188 -0.0000025900008040480316 0.0000165406490850728 -6.819990971962397e-7
          0.000011990699931629933 0.000013781899724563118 0.000005077999958302826 0.0000023149996195570566 0.00001552463072584942 -0.00000524099959875457
          0.0000060500997278722934 0.000010103800377692096 0.0000012959999367012642 -0.0000023989996407181025 0.00002226410106231924 -0.0000011230004020035267
          -0.000002382999809924513 0.000019872999473591335 -0.000002026999936788343 -0.0000016369995137210935 0.00002096780008287169 0.00000874739998835139
          0.0000012479995348257944 0.000027214000510866754 0.0000013019998732488602 0.0000049640002544038 0.000027463000151328743 0.00000770150018070126
          0.0000034419999792589806 0.000012658400009968318 -0.0000033359992812620476 0.000003660000402305741 0.000022283900761976838 0.000012447700100892689
          -9.710001904750243e-7 0.000018042199371848255 -0.0000037219997466308996 0.000010035099876404274 0.000015823679859749973 -0.0000026340003387304023
          -0.000001903999873320572 0.000015935076589812525 0.000007518399797845632 0.00001105820047087036 0.000013142000170773827 8.079996973719972e-7
          0.000007497599654016085 0.000019688799511641264 -0.000004866000381298363 0.000012893499842903111 0.000016912219507503323 0.0000013509998098015785
          0.00000846760030981386 0.00002386269989074208 -0.0000025259996618842706 -0.0000010090006981045008 0.000012403300388541538 0.000005222999789111782
          0.000005412999598775059 0.000017453199689043686 -0.000006083999323891476 0.000005642999894917011 0.00001506353964941809 -0.000005166000846656971
          0.0000025170002118102275 0.00001945589974639006 -0.000005863999831490219 0.0000015750001693959348 0.000025584400646039285 -0.00000204900061362423
          0.000008362399967154488 0.000010422700142953545 0.0000029029997676843777 -0.0000010540006769588217 0.000012753500413964503 0.0000011089996405644342
          0.000007546000233560335 0.000011836500561912544 -0.0000018940008885692805 -2.19999449768693e-7 0.000014255700079957023 -0.000002357999619562179
          0.000018625300072017126 -0.00002350899922021199 0.0000010690000635804608 0.000017487800505477935 -0.0000280760013993131 0.000001823000275180675
          0.00001097289987228578 -0.000032427997211925685 -0.0000036319997889222577 0.000016231380868703127 -0.000027644999136100523 -0.000005638999937218614
          0.000013872199815523345 -0.000031314997613662854 0.0000025199997253366746 0.00001627058009034954 -0.000021884001398575492 0.000005449000127555337
          0.000012738900295516942 -0.000024159000531653874 0.000008103999789454974 0.000014758599718334153 -0.00002614900040498469 -0.000007705000825808384
          0.00001241510017280234 -0.000029053999242023565 0.000006359299732139334 0.000013508099982573185 -0.000029788001484121196 -0.000006644999302807264
          0.000005013000190956518 -0.000025554001695127226 0.000006743100129824597 0.0000121887997011072 -0.000020101999325561337 0.000007197800186986569
          5.660004376295547e-7 -0.000025133000235655345 -2.260002958109908e-7 0.000009168899850919843 -0.000026332001652917825 0.000007987499884620775
          0.000007359200026257895 -0.00003008699968631845 0.000005337999937182758 0.000011449799785623327 -0.00002692900125111919 -0.000009212000804836862
          0.000008571900252718478 -0.000030253000659286045 -0.000007520000508520752 0.000006389699592546094 -0.00003186199683113955 -0.0000031620002118870616
          0.000002681000296433922 -0.00002802700146276038 0.0000030080000215093605 0.0000051679999160114676 -0.00003111399928457104 0.0000012820000847568735
          0.0000038090001908130944 -0.00002882100125134457 -0.000006493000910268165 0.000004567000360111706 -0.00002111400135618169 0.000006134299837867729
          0.000003727000148501247 -0.000018959000954055227 -0.000005066000085207634 0.0000011160000212839805 -0.000025659001039457507 -0.000004531999366008677
          0.000007356799869739916 -0.000026244999389746226 -0.000009428000339539722 0.000009612200301489793 -0.00003254399780416861 0.0000012479995348257944
          0.0000017860002117231488 -0.0000231100002565654 0.0000034779995985445566 0.000010140800441149622 -0.00002379100078542251 -0.000009748999218572862
          0.00000732870012143394 -0.000022283000362222083 -0.00000939799974730704 0.0000036350002119434066 -0.000024320999727933668 -0.000008064000212471001
          0.000013862700143363327 -0.000017567001123097725 0.000004001999514002819 0.00001550847082398832 -0.00003075699714827351 -0.0000023049997253110632
          0.000007924900273792446 -0.000016587999198236503 -0.000005572999725700356 7.330000357796962e-7 -0.00002319899977010209 -0.0000024060009309323505
          0.0000017430002117180265 -0.00002205500095442403 -0.000005222000254434533 0.000004131999958190136 -0.000021207999452599324 -0.0000074599993240553886
          0.00001688327938609291 -0.000022962000002735294 -0.000005844000042998232 0.000010212200322712306 -0.000018168999304180034 -0.000006746000508428551
          0.000015644069208065048 -0.000018925000404124148 -0.000004626999725587666 0.0000021440000637085177 -0.000029282999093993567 -0.0000019500002963468432
          0.000018138100131182 -0.000026479998268769123 -0.000002712000423343852 0.000008052599696384277 -0.000021567999283433892 0.00000811320023785811
          0.00001692674049991183 -0.000019557000996428542 0.0000019379995137569495 0.000013654400390805677 -0.00001961999987543095 -0.000006812000719946809
          0.000014651000128651503 -0.000016610998500254937 -9.430004297428241e-7 0.0000059599997257464565 -0.00001606700061529409 -0.0000022250005713431165
          0.000007217199708975386 -0.000016297000911436044 0.0000028880003810627386 0.00000680880020809127 -0.00001916899964271579 -0.000007610000466229394
          0.000010898300388362259 -0.00001576799877511803 0.0000022040003386791795 0.000006163600119180046 -0.000018538999938755296 0.000005492000127560459
          0.000009433299965166952 -0.00001760600025590975 0.000005836999662278686 0.000010739199751697015 -0.00003090499740210362 0.0000044720000005327165
          0.000003748000381165184 -0.00001740200059430208 -7.609996259816398e-7 0.00001759289989422541 -0.00002016300095419865 -0.000002220000169472769
          0.000012233500456204638 -0.000016680000044289045 -0.000004899000487057492 0.00001587251063028816 -0.000026405001335660927 0.0000057159995776601136
          0.000009981799848901574 -0.000015201001588138752 -0.0000012159998732386157 0.000013383300029090606 -0.000022999998691375367 -0.0000086860000010347
          0.00001035390050674323 -0.000021054000171716325 -0.000008953000360634178 0.0000034200002119177952 -0.00001902699841593858 0.0000031709996619611047
          0.000017406800907338038 -0.000025429000743315555 0.0000038059997677919455 0.000015248429917846806 -0.00002864499947463628 0.000004628000169759616
          0.000012556200090330094 -0.00003231299706385471 -5.319997740116378e-7 0.000018305599951418117 -0.000023481001335312612 -0.0000025839999580057338
          0.0000011829997674794868 -0.00002056099947367329 -8.810001759229635e-7 0.000026604000595398247 -0.000009938999937730841 -0.000002270999175379984
          0.000026580000849207863 -0.000013859000318916515 -8.59999573776804e-8 0.00002602600034151692 -0.000012962000255356543 -0.000004797999281436205
          0.000019170300220139325 -0.000017372998627251945 -0.000007980999725987203 0.000011750999874493573 -0.00001020399940898642 0.000005087000317871571
          0.00002469180071784649 -0.000008323000656673685 -0.000006230000508367084 0.000020844699974986725 -0.00001026499921863433 -0.00000953599919739645
          0.000026114001229871064 -0.000009235000106855296 0.0000024419996407232247 0.000023851300284150057 -0.000012335000064922497 -0.000007769000148982741
          0.000021431700588436797 -0.00001422300010744948 -0.000008782999429968186 0.000024158800442819484 -0.000011789999916800298 0.000005681999937223736
          0.00002533390033931937 -0.000013781000234303065 0.0000036880001061945222 0.000021930700313532725 -0.00001855000118666794 -0.00000524200004292652
          0.000018718899809755385 -0.000002349999704165384 -0.0000024019991542445496 0.000021535000996664166 -0.00001976200110220816 -0.0000019929993868572637
          0.00002082009996229317 -0.00001119499938795343 0.0000074211002356605604 0.0000220951005758252 -0.0000032759999157860875 7.599923890211358e-8
          0.000020833100279560313 -0.000006104999556555413 -0.000007938000635476783 0.000017839500287664123 -0.000006827000106568448 -0.000009073999535758048
          0.00002296459933859296 -0.000005461000910145231 0.000003961999937018845 0.00002465350007696543 -0.000017329000911558978 -0.000002802000381052494
          0.000022092001017881557 -0.000015611001799697988 0.000005947000317974016 0.000015940853700158186 -0.00001710399919829797 -0.000006996999218245037
          0.000020161300199106336 -0.000018714001271291636 0.000003733000085048843 0.000018713499230216257 -0.000019511999198584817 -0.000004932999217999168
          0.000020010500520584174 -0.00001986800089071039 8.839998031362484e-7 0.000015091010027390439 -0.0000028850008675362915 0.0000012939999578520656
          0.000018402399291517213 -0.000003680999725474976 0.000003934000233130064 0.000018437600374454632 -0.000014082999769016169 0.0000073248002081527375
          0.00001565770071465522 -0.000018959000954055227 -0.000004761999662150629 0.000016073179722297937 -0.000009765999493538402 -0.000009721999958856031
          0.000014536100024997722 -0.000004785000783158466 0.000004374999662104528 0.000014994199773354921 -0.000006737000148859806 -0.000008484999852953479
          0.000015949393855407834 -0.000006300000677583739 0.000005963999683444854 0.000023146400053519756 -0.000008613000318291597 0.0000059000003602704965
          0.000015235789760481566 -0.000015116000213311054 0.000006634600140387192 0.000012263900316611398 -0.000005218000296736136 -0.000005477999366121367
          0.000008865400559443515 -0.000011329999324516393 -4.909997528557142e-7 0.000017353699149680324 -0.000004022000211989507 -0.000006706000931444578
          0.00001572178916831035 -0.00001071800033969339 0.000007192699740699027 0.000018953100152430125 -0.000002725999365793541 0.000001217000317410566
          0.000013114699868310709 -0.000007144999472075142 0.000004745000296679791 0.000017837799532571808 -0.000017492000552010722 0.000005588000021816697
          0.00002210159982496407 -0.0000041429993871133775 -0.000004711000656243414 0.000012046400115650613 -0.000013688999388250522 0.000005506999514182098
          0.000019540400899131782 -0.000007118000212358311 0.000006779800060030539 0.000013726300494454335 -0.000017440999727114104 0.000003985000148531981
          0.000023373700969386846 -0.00001610200160939712 -0.00000685700069880113 0.000023791100829839706 -0.000017911001123138703 0.000001759000042511616
          0.000025336599719594233 -0.000006312999175861478 -0.0000018470000213710591 0.000009487700481258798 -0.00001339799928246066 0.0000010849998943740502
          0.000011995400200248696 -0.000009178000254905783 -0.000007642000127816573 0.000013567399946623482 -0.00001314799919782672 -0.000008290999176097102
          0.000016823940313770436 -0.000019580000298446976 0.000001964000148291234 0.000024646900783409365 -0.0000058419991546543315 0.0000013749995559919626
          0.00001301280008192407 -0.00001859499934653286 -5.849996682627534e-7 0.0000181123996298993 -0.000013803999536321498 -0.000009154999133897945
          0.000012242399861861486 -0.000016767999113653786 -0.000004957000783178955 0.000009869800123851746 -0.000007885000741225667 0.000001901000359794125
          0.000017540900444146246 -0.000020137000319664367 -0.0000020219995349179953 0.000011744100447685923 -0.000005047000740887597 0.0000026159996195929125
          0.000009892100024444517 -0.000008102999345283024 -0.000003266000931034796 0.000010156200005440041 -0.000012431000868673436 -0.000005232999683357775
          0.000009695500011730473 -0.000011829000868601725 0.000003195999852323439 0.000009890100045595318 -0.000015239000276778825 -0.0000012990003597224131
          0.000010814800589287188 -0.00001578900082677137 0.0000022309995983960107 0.000015149090359045658 -0.0000030440005502896383 -0.000003134999133180827
          0.00001159329985966906 -0.000005022000550525263 -0.0000011590000212891027 0.000008418500328843947 -0.00000618900048721116 -0.000004442999852471985
          0.000008198800060199574 -0.000009162000424112193 -0.000008118999176076613 0.000006389899681380484 -0.000005583000529441051 -0.000007156000719987787
          0.0000054299998737405986 -0.000004547999196802266 -0.000004248000550433062 -0.00000577100036025513 -0.000012583999705384485 -0.000005855999916093424
          -1.4100073997269646e-7 -0.000009916000635712408 0.0000073037999754888006 -0.0000018259997887071222 -0.0000048149995564017445 -5.029996259509062e-7
          0.0000011669999366858974 -0.0000031840008887229487 0.0000010189996828557923 0.0000013489998309523799 -0.0000046219993237173185 0.0000045050001062918454
          0.000009649500498198904 -0.000011805999747593887 0.000003205000211892184 -3.999993793968315e-7 -0.0000049959999159909785 -0.000006418000339181162
          -0.0000017399997886968777 -0.0000053269995987648144 0.0000031549998311675154 -7.720008738942852e-7 -0.000007231999916257337 0.000005961999704595655
          -0.000001903999873320572 -0.000005874000635230914 -0.0000043119998736074194 -4.3100041580146353e-7 -0.000015867999536567368 -0.00000985000042419415
          5.719994646824489e-7 -0.000009687000783742405 -0.000011000000085914508 0.000003531000402290374 -0.000007679000191274099 -0.000010255000233883038
          -0.0000028899994504172355 -0.000008974999218480662 0.000005181999767955858 0.000007060600182740018 -0.000008557000910514034 0.000005720999979530461
          4.0799935163704504e-7 -0.00001858200084825512 -0.00000711599932401441 -0.0000018390001059742644 -0.00000918300065677613 -0.000009766999937710352
          0.000010951500371447764 -0.000011422000170568936 -8.869992029758578e-7 -0.000001296000846195966 -0.00001220199919771403 -0.000010806999853230081
          0.000009936699825630058 -0.00001522999991721008 -0.0000011760002962546423 0.000006731899702572264 -0.000013291000868775882 0.000005806999979540706
          -0.00000401900069846306 -0.000007611999535583891 -0.0000016409994714194909 -0.00000453000029665418 -0.00000851500044518616 -0.000004936999175697565
          -0.000004071000148542225 -0.000010752999514807016 -0.000008319000698975287 -0.0000038569996831938624 -0.000013979000868857838 -0.000008461000106763095
          -0.000002632999894558452 -0.000016866999430931173 0.000004534000254352577 3.59999859256277e-7 -0.000012975999197806232 0.000007816699508111924
          9.000399536773784e-9 -0.000016821000826894306 0.0000060625998230534606 -9.600076111837552e-8 -0.000006657999620074406 -0.000009130000762525015
          0.000007236500096041709 -0.0000163569984579226 0.0000028900003599119373 0.000004137999894737732 -0.0000034479999158065766 -6.520003239529615e-7
          -0.0000062800008890917525 -0.000010073999874293804 -0.0000016159992810571566 -0.000005506999514182098 -0.000011276999430265278 0.000003623999873525463
          -0.0000017220008885487914 -0.00001915400025609415 0.0000026609995984472334 0.0000099634999060072 -0.000008117000106722116 -0.000003249999281251803
          0.000007500399988202844 -0.000013475000741891563 -0.000009295999916503206 -0.000006467000275733881 -0.00001491799957875628 -0.000002165999831049703
          -0.000005420000888989307 -0.00001589199928275775 0.00000229499983106507 -0.000003679000656120479 -0.000018923999959952198 -0.0000012660002539632842
          0.000005519000296771992 -0.00000951999936660286 -0.000010621000910759903 -0.000003905999619746581 -0.00001708799936750438 -0.000006033000317984261
          -0.0000027869991754414514 -0.000007140999514376745 -0.000007116999768186361 -5.599994779004192e-7 -0.000019667999367811717 -0.00000435699985246174
          0.000006356100129778497 -0.000018917000488727354 -0.0000011989995982730761 0.000010191000001213979 -0.000012431000868673436 -0.000005220999810262583
          0.000002720000338740647 -0.000006575999577762559 0.000006391599526978098 0.0000032279995139106177 -0.000018944001567433588 0.000003166000169585459
          0.000003750999894691631 -0.000019211000108043663 -0.000005133000740897842 0.0000032669995562173426 -0.00001079399953596294 0.000007647099664609414
          0.000009681200026534498 -0.000007733999154879712 0.000001927999619510956 -0.000004224000804242678 -0.00000766099947213661 0.0000019259996406617574
          0.0000033879996408359148 -0.000012664000678341836 -0.000011632999303401448 0.00000426600036007585 -0.000016834999769343995 -0.000008910999895306304
          0.000007900600394350477 -0.000016634001440252177 -0.000005605999831459485 0.00000816650026536081 -0.000005481999323819764 -8.549995413886791e-7
          0.000005869999768037815 -0.000004587000148603693 0.000003297999683127273 0.0000012119999155402184 -0.00002034599856415298 -9.180002393804898e-7
          0.000004057999831275083 -0.000015291998352040537 0.0000064721998569439165 -0.000002881000909837894 -0.000013447999663185328 0.000006198800292622764
          0.000002961000063805841 -0.00000419999923906289 -0.000006758000381523743 -0.000006529000529553741 -0.00001311999949393794 3.1300081104745914e-7
          0.0000013330000001587905 -0.000003529999958118424 -0.00000342900057148654 0.00001456300014979206 -0.000012541999240056612 -0.000006209000275703147
          0.000019486800738377497 -0.000020459998268052004 -0.000018946999261970632 0.000016078069165814668 -0.000009777999366633594 -0.00000973699934547767
          0.000005742000212194398 -0.000012275999324629083 -0.000007609000022057444 0.000015659779819543473 -0.000008089000402833335 -0.000013717000911128707
          0.000018152100892621092 -0.000009610999768483452 -0.000014384999303729273 0.000020313800632720813 -0.000012439999409252778 -0.000013569000657298602
          0.000013295300050231162 -0.000007587999789393507 -0.000011390000508981757 0.0000170738003362203 -0.000010694000593503006 -0.00001916699875437189
          0.000015212310245260596 -0.000008274000720120966 -0.000016708998373360373 0.000017475300410296768 -0.00002410200067970436 -0.000016175001292140223
          0.000016962569134193473 -0.000020636000044760294 -0.000007934999302960932 0.00000803560033091344 -0.000023519000023952685 -0.000016485000742250122
          0.000010257300345983822 -0.000007250999260577373 -0.000011829999493784271 0.000012647100447793491 -0.00000888700014911592 -0.00001918800080602523
          0.000009227400369127281 -0.000007867000022088178 -0.00001623900061531458 0.000020970699551980942 -0.00001641300150367897 -0.000017756001398083754
          0.000010225000551145058 -0.000015951000023051165 -0.000022465001165983267 0.000016127320122905076 -0.000017066000509657897 -0.000006828999175922945
          0.000008710399924893863 -0.000011300000551273115 -0.000020326000594650395 0.000013613100236398168 -0.000012816999515052885 -0.000022106998585513793
          0.000020121300622122362 -0.00002196500099671539 -0.000014879000445944257 0.000013942700206825975 -0.000016912001228774898 -0.000022864000129629858
          0.000016655529179843143 -0.00002349600072193425 -0.000010305000614607707 0.000018194799849879928 -0.000013782000678475015 -0.00000900799932423979
          0.000007025299964880105 -0.000008352999429916963 -0.000012312000762904063 0.000012550800420285668 -0.000007180000466178171 -0.000015028001143946312
          0.000021061699953861535 -0.00001740100015013013 -0.00001135300044552423 0.000015946681742207147 -0.000019582001186790876 -0.000021869998818146996
          0.000005666999641107395 -0.000010072999430121854 -0.000015882998923189007 0.000018155600628233515 -0.00001547299871162977 -0.000021071000446681865
          0.00001839720061980188 -0.000023456001144950278 -0.000012828999388148077 0.0000034289996619918384 -0.000012996000805287622 -0.000011713000276358798
          0.000021588301024166867 -0.000018935001207864843 -0.000014836999980616383 0.000006352400305331685 -0.000015774998246342875 -0.000020277000658097677
          0.000012247800441400614 -0.000020528999812086113 -0.000022045000150683336 0.000015179680303845089 -0.000023205999241326936 -0.000019721001081052236
          0.000008368599992536474 -0.00002045199835265521 -0.0000204699990717927 0.000011110900231869891 -0.000023436999981640838 -0.000019198998415959068
          0.0000037939998946967535 -0.000014436000128625892 -0.000016645999494357966 0.000008299999535665847 -0.000009209999916492961 -0.00000813999940874055
          0.00001586264079378452 -0.00002475800101819914 -0.000013086000762996264 0.00002159329960704781 -0.000015296000128728338 -0.00001428500036126934
          0.000020220699298079126 -0.0000129489999380894 -0.000017237000065506436 0.0000048640004024491645 -0.000019495999367791228 -0.000017544998627272435
          0.000012893099665234331 -0.00002529900120862294 -0.000015777999578858726 0.000005060999683337286 -0.000021576999643002637 -0.000013749999197898433
          0.000010239999937766697 -0.000024893999579944648 -0.00001290500040340703 0.000013131900232110638 -0.000024902999939513393 -0.000011299000107101165
          0.000007288200322363991 -0.000023442999008693732 -0.000012046999472659081 0.000010202799785474781 -0.000023800001144991256 -0.000009792000128072686
          0.000007463700057996903 -0.000022147001800476573 -0.000009359999239677563 0.000018844300939235836 -0.000011500000255182385 -0.000011416999768698588
          0.0000054330002967617474 -0.000009739000233821571 -0.00001099700057238806 0.000011983600415987894 -0.000009110999599215575 -0.000007691000064369291
          0.000013661199773196131 -0.000019722001525224186 -0.000006678999852738343 0.000007919099516584538 -0.0000164460016094381 -0.000005719000910175964
          0.000010080900210596155 -0.00001854399852163624 -0.00000618900048721116 0.000010107400157721713 -0.00001247000000148546 -0.000005354000677471049
          0.000012254899957042653 -0.000016623000192339532 -0.000005080000846646726 0.000004350000381236896 -0.00001670800156716723 -0.00000888800059328787
          0.000020426299670361914 -0.000014767998436582275 -0.000011009000445483252 0.000006816800123488065 -0.000019298999177408405 -0.00000768000063544605
          0.000010155300515179988 -0.000021467001715791412 -0.00000768899917602539 0.00000513400027557509 -0.00002066300112346653 -0.000010530000508879311
          0.00001345550026599085 -0.000023131999114411883 -0.000008678000085637905 0.000019997400158899836 -0.00002088799919874873 -0.000010940000720438547
          0.0000031070003387867473 -0.00001788500048860442 -0.00001324400000157766 0.000019102699297945946 -0.000017491000107838772 -0.000008397999408771284
          0.000004214000000501983 -0.000011498999811010435 -0.00001375399915559683 0.00000586300029681297 -0.000012933000107295811 -0.000018884000382968225
          0.000018177399397245608 -0.00000445300065621268 0.000012110000170650892 0.000018177099263994023 -0.0000083760005509248 0.000013492900507117156
          0.000018064500181935728 -0.000007475000529666431 0.000009324599886895157 0.000017051399481715634 -0.000011952999557252042 0.000011708300007740036
          0.000012486500054365024 -0.000012336000509094447 0.000018563699995866045 0.000015246229850163218 -0.0000017589991330169141 0.000016940010027610697
          0.000016124609828693792 -0.0000063539991970174015 0.0000061531000028480776 0.000014308800018625334 -0.000004300000000512227 0.000019213099221815355
          0.000013798299733025488 -0.000007900000127847306 0.000019842600522679277 0.000011020600140909664 -0.00001590699866937939 0.000012274300388526171
          0.000008489600077155046 -0.000012775999493896961 0.000018518099750508554 0.000005400999725679867 -0.000010780999218695797 0.000018814700524671935
          0.000009375000445288606 -0.000015548999726888724 0.000008801800504443236 0.000013497099644155242 8.950001415541919e-7 0.000015056490155984648
          0.0000144061996252276 -0.000004560999514069408 0.000004546000127447769 0.000012208300177007914 -0.0000010769999789772555 0.000018601300325826742
          0.000004100000296602957 -0.000012970000170753337 0.00000886450015968876 0.000010501300494070165 0.00000102400008472614 0.00001645992961130105
          0.0000016269996194751002 -0.000007316999472095631 0.000009076899914362002 0.00000933010051085148 -0.000009449999197386205 0.000020526400476228446
          0.000005312000212143175 -0.000006689999281661585 0.000019886299924110062 0.000005728000360250007 -0.000014572999134543352 0.000009396099812875036
          0.000010815099813044071 0.0000020249999579391442 0.000013176099855627399 0.000008727100066607818 -5.630008104162698e-7 0.00001860530028352514
          0.00000698730036674533 -0.00000254299993684981 0.00001940139918588102 0.000016183039406314492 -0.00001071900078386534 0.000016541109289391898
          0.000002933999894594308 -0.000011730999176506884 0.000015399129551951773 0.0000013720000424655154 -0.000006743999620084651 0.000011536300007719547
          0.00001570568019815255 -0.000010846999430214055 0.000007118699613783974 0.0000043119998736074194 -0.000003043000106117688 0.000018134100173483603
          0.0000022459998945123516 -0.000005976000466034748 0.000016837879229569808 0.000003993999598606024 1.4000801407121344e-8 0.000010469500011822674
          0.000005865999810339417 -0.0000020190000213915482 0.000005216999852564186 0.000002779999704216607 -0.000009127999874181114 0.000017256199498660862
          0.000011852700481540523 -0.00001367799995932728 0.000005576999683398753 0.000002451999534969218 -0.00001180199978989549 0.000011670500498439651
          0.00001708109994069673 -0.000005514000804396346 0.000016535239410586655 0.000008358099876204506 0.0000018660002751857974 0.00001032310046866769
          0.000005683999916072935 -6.369991183419188e-7 0.000017247599316760898 0.000005769999916083179 -0.000014014000043971464 0.000015860960047575645
          0.000013761299669567961 -0.000014848001228529029 0.000009588100510882214 0.000012296700333536137 -0.00001076099943020381 0.000003838999873551074
          0.000005752000106440391 -0.00000941700091061648 0.0000034289996619918384 0.000013725300050282385 0.0000013050002962700091 0.000010217700037173927
          0.000007225399713206571 -0.000015568000890198164 0.000012309200428717304 0.000009766899893293157 -0.000007890999768278562 0.000002058000063698273
          0.0000098627997431322 -0.000015003000953583978 0.000015875930330366828 0.00001688699921942316 -0.000002586999471532181 0.000008447500476904679
          0.000003576000381144695 -0.000002623999534989707 0.0000068635999923571944 0.000005922000127611682 -0.000004650000846595503 0.0000033420001273043454
          0.000004067000190843828 -0.000013868999303667806 0.000012031200640194584 0.000014024400115886237 -0.000014571998690371402 0.000014327600183605682
          0.000010176199793932028 -0.000004605999492923729 0.000020679000954260118 0.000016529549611732364 -0.000001139000232797116 0.000013406100151769351
          0.000006649500392086338 2.1000055028252973e-7 0.000006844699782959651 0.000013471300007950049 -0.000007283999366336502 0.0000042159999793511815
          0.0000018410000848234631 -0.000009367999155074358 0.000010264199772791471 0.000009310700079367962 -0.0000016789999790489674 0.000004212000021652784
          0.0000015750001693959348 -0.000005010000677430071 0.000013853300515620504 0.0000014529996406054124 -0.00000873200042406097 0.00001398089989379514
          0.000009624600352253765 -0.000011727999662980437 0.000003346999619679991 0.00001139210053224815 -0.000004786999852512963 0.0000027449996196082793
          0.00001040660026774276 8.779998665886524e-7 0.000006962800398468971 0.000013460899936035275 -0.0000010000003385357559 0.0000055199998314492404
          0.0000032210000426857732 -0.000010850999387912452 0.0000075990001278114505 0.0000012760001482092775 -0.0000041429993871133775 0.000010602700058370829
          0.000006731499524903484 0.0000014690003808937036 0.000014723799722560216 0.0000026580000849207863 -0.0000066230004449607804 0.000006287000360316597
          0.0000028450003810576163 -0.000001708000127109699 0.00001507322031102376 0.000006754599780833814 -0.0000132589993881993 0.000005760000021837186
          <InformationKey name="L2_NORM_FINITE_RANGE" location="vtkDataArray" length="2">
            <Value index="0">
              2.3227050107e-06
            </Value>
            <Value index="1">
              3.7758616638e-05
            </Value>
          </InformationKey>
          <InformationKey name="L2_NORM_RANGE" location="vtkDataArray" length="2">
            <Value index="0">
              2.3227050107e-06
            </Value>
            <Value index="1">
              3.7758616638e-05
            </Value>
          </InformationKey>
        </DataArray>
      </Points>
      <Cells>
        <DataArray type="Int64" Name="connectivity" format="ascii" RangeMin="0" RangeMax="1209">
          0 1 2 3 4 5
          6 7 8 9 10 11
          12 13 14 15 16 17
          18 19 20 21 22 23
          24 25 26 27 28 29
          30 31 32 33 34 35
          36 37 38 39 40 41
          42 43 44 45 46 47
          48 49 50 51 52 53
          54 55 56 57 58 59
          60 61 62 63 64 65
          66 67 68 69 70 71
          72 73 74 75 76 77
          78 79 80 81 82 83
          84 85 86 87 88 89
          90 91 92 93 94 95
          96 97 98 99 100 101
          102 103 104 105 106 107
          108 109 110 111 112 113
          114 115 116 117 118 119
          120 121 122 123 124 125
          126 127 128 129 130 131
          132 133 134 135 136 137
          138 139 140 141 142 143
          144 145 146 147 148 149
          150 151 152 153 154 155
          156 157 158 159 160 161
          162 163 164 165 166 167
          168 169 170 171 172 173
          174 175 176 177 178 179
          180 181 182 183 184 185
          186 187 188 189 190 191
          192 193 194 195 196 197
          198 199 200 201 202 203
          204 205 206 207 208 209
          210 211 212 213 214 215
          216 217 218 219 220 221
          222 223 224 225 226 227
          228 229 230 231 232 233
          234 235 236 237 238 239
          240 241 242 243 244 245
          246 247 248 249 250 251
          252 253 254 255 256 257
          258 259 260 261 262 263
          264 265 266 267 268 269
          270 271 272 273 274 275
          276 277 278 279 280 281
          282 283 284 285 286 287
          288 289 290 291 292 293
          294 295 296 297 298 299
          300 301 302 303 304 305
          306 307 308 309 310 311
          312 313 314 315 316 317
          318 319 320 321 322 323
          324 325 326 327 328 329
          330 331 332 333 334 335
          336 337 338 339 340 341
          342 343 344 345 346 347
          348 349 350 351 352 353
          354 355 356 357 358 359
          360 361 362 363 364 365
          366 367 368 369 370 371
          372 373 374 375 376 377
          378 379 380 381 382 383
          384 385 386 387 388 389
          390 391 392 393 394 395
          396 397 398 399 400 401
          402 403 404 405 406 407
          408 409 410 411 412 413
          414 415 416 417 418 419
          420 421 422 423 424 425
          426 427 428 429 430 431
          432 433 434 435 436 437
          438 439 440 441 442 443
          444 445 446 447 448 449
          450 451 452 453 454 455
          456 457 458 459 460 461
          462 463 464 465 466 467
          468 469 470 471 472 473
          474 475 476 477 478 479
          480 481 482 483 484 485
          486 487 488 489 490 491
          492 493 494 495 496 497
          498 499 500 501 502 503
          504 505 506 507 508 509
          510 511 512 513 514 515
          516 517 518 519 520 521
          522 523 524 525 526 527
          528 529 530 531 532 533
          534 535 536 537 538 539
          540 541 542 543 544 545
          546 547 548 549 550 551
          552 553 554 555 556 557
          558 559 560 561 562 563
          564 565 566 567 568 569
          570 571 572 573 574 575
          576 577 578 579 580 581
          582 583 584 585 586 587
          588 589 590 591 592 593
          594 595 596 597 598 599
          600 601 602 603 604 605
          606 607 608 609 610 611
          612 613 614 615 616 617
          618 619 620 621 622 623
          624 625 626 627 628 629
          630 631 632 633 634 635
          636 637 638 639 640 641
          642 643 644 645 646 647
          648 649 650 651 652 653
          654 655 656 657 658 659
          660 661 662 663 664 665
          666 667 668 669 670 671
          672 673 674 675 676 677
          678 679 680 681 682 683
          684 685 686 687 688 689
          690 691 692 693 694 695
          696 697 698 699 700 701
          702 703 704 705 706 707
          708 709 710 711 712 713
          714 715 716 717 718 719
          720 721 722 723 724 725
          726 727 728 729 730 731
          732 733 734 735 736 737
          738 739 740 741 742 743
          744 745 746 747 748 749
          750 751 752 753 754 755
          756 757 758 759 760 761
          762 763 764 765 766 767
          768 769 770 771 772 773
          774 775 776 777 778 779
          780 781 782 783 784 785
          786 787 788 789 790 791
          792 793 794 795 796 797
          798 799 800 801 802 803
          804 805 806 807 808 809
          810 811 812 813 814 815
          816 817 818 819 820 821
          822 823 824 825 826 827
          828 829 830 831 832 833
          834 835 836 837 838 839
          840 841 842 843 844 845
          846 847 848 849 850 851
          852 853 854 855 856 857
          858 859 860 861 862 863
          864 865 866 867 868 869
          870 871 872 873 874 875
          876 877 878 879 880 881
          882 883 884 885 886 887
          888 889 890 891 892 893
          894 895 896 897 898 899
          900 901 902 903 904 905
          906 907 908 909 910 911
          912 913 914 915 916 917
          918 919 920 921 922 923
          924 925 926 927 928 929
          930 931 932 933 934 935
          936 937 938 939 940 941
          942 943 944 945 946 947
          948 949 950 951 952 953
          954 955 956 957 958 959
          960 961 962 963 964 965
          966 967 968 969 970 971
          972 973 974 975 976 977
          978 979 980 981 982 983
          984 985 986 987 988 989
          990 991 992 993 994 995
          996 997 998 999 1000 1001
          1002 1003 1004 1005 1006 1007
          1008 1009 1010 1011 1012 1013
          1014 1015 1016 1017 1018 1019
          1020 1021 1022 1023 1024 1025
          1026 1027 1028 1029 1030 1031
          1032 1033 1034 1035 1036 1037
          1038 1039 1040 1041 1042 1043
          1044 1045 1046 1047 1048 1049
          1050 1051 1052 1053 1054 1055
          1056 1057 1058 1059 1060 1061
          1062 1063 1064 1065 1066 1067
          1068 1069 1070 1071 1072 1073
          1074 1075 1076 1077 1078 1079
          1080 1081 1082 1083 1084 1085
          1086 1087 1088 1089 1090 1091
          1092 1093 1094 1095 1096 1097
          1098 1099 1100 1101 1102 1103
          1104 1105 1106 1107 1108 1109
          1110 1111 1112 1113 1114 1115
          1116 1117 1118 1119 1120 1121
          1122 1123 1124 1125 1126 1127
          1128 1129 1130 1131 1132 1133
          1134 1135 1136 1137 1138 1139
          1140 1141 1142 1143 1144 1145
          1146 1147 1148 1149 1150 1151
          1152 1153 1154 1155 1156 1157
          1158 1159 1160 1161 1162 1163
          1164 1165 1166 1167 1168 1169
          1170 1171 1172 1173 1174 1175
          1176 1177 1178 1179 1180 1181
          1182 1183 1184 1185 1186 1187
          1188 1189 1190 1191 1192 1193
          1194 1195 1196 1197 1198 1199
          1200 1201 1202 1203 1204 1205
          1206 1207 1208 1209
        </DataArray>
        <DataArray type="Int64" Name="offsets" format="ascii" RangeMin="86" RangeMax="1210">
          86 156 220 295 368 441
          508 582 644 718 801 870
          935 1003 1069 1140 1210
        </DataArray>
        <DataArray type="UInt8" Name="types" format="ascii" RangeMin="42" RangeMax="42">
          42 42 42 42 42 42
          42 42 42 42 42 42
          42 42 42 42 42
        </DataArray>
        <DataArray type="Int64" IdType="1" Name="faces" format="ascii" RangeMin="0" RangeMax="1209">
          168 3 73 51 25 3
          78 51 73 3 85 51
          78 3 26 85 78 3
          1 79 26 3 27 79
          1 3 79 27 80 3
          0 80 27 3 4 79
          80 3 4 80 7 3
          4 7 84 3 60 7
          80 3 0 60 80 3
          76 60 0 3 13 76
          0 3 27 13 0 3
          3 27 1 3 6 76
          82 3 60 76 6 3
          7 60 5 3 54 7
          5 3 84 7 54 3
          4 84 49 3 69 4
          49 3 74 4 69 3
          79 4 74 3 26 79
          74 3 85 26 74 3
          17 74 69 3 5 12
          54 3 6 12 5 3
          60 6 5 3 83 12
          6 3 82 83 6 3
          76 81 82 3 13 81
          76 3 3 13 27 3
          32 13 3 3 75 32
          3 3 77 75 3 3
          1 77 3 3 78 77
          1 3 26 78 1 3
          73 77 78 3 68 77
          73 3 75 77 68 3
          8 13 32 3 81 13
          8 3 15 81 8 3
          14 81 15 3 82 81
          14 3 20 82 14 3
          83 82 20 3 28 84
          54 3 45 84 28 3
          49 84 45 3 69 49
          45 3 23 69 45 3
          17 69 23 3 85 74
          17 3 17 24 85 3
          23 24 17 3 72 24
          23 3 50 72 23 3
          45 50 23 3 38 45
          28 3 58 38 28 3
          54 58 28 3 29 58
          54 3 12 29 54 3
          83 29 12 3 20 31
          83 3 16 31 20 3
          70 16 20 3 14 70
          20 3 15 70 14 3
          67 70 15 3 8 67
          15 3 9 67 8 3
          32 9 8 3 75 9
          32 3 2 9 75 3
          68 2 75 3 36 2
          68 3 73 36 68 3
          25 36 73 3 52 36
          25 3 47 52 25 3
          66 47 25 3 51 66
          25 3 11 66 51 3
          85 11 51 3 24 11
          85 3 71 11 24 3
          72 71 24 3 50 43
          72 3 38 50 45 3
          37 50 38 3 43 50
          37 3 66 11 71 3
          34 2 36 3 22 2
          34 3 9 2 22 3
          67 9 22 3 21 70
          67 3 35 21 67 3
          22 35 67 3 34 35
          22 3 10 35 34 3
          52 10 34 3 36 52
          34 3 64 52 47 3
          62 64 47 3 66 62
          47 3 71 62 66 3
          46 62 71 3 72 46
          71 3 43 46 72 3
          19 46 43 3 37 19
          43 3 56 19 37 3
          48 56 37 3 38 48
          37 3 58 48 38 3
          39 48 58 3 29 39
          58 3 30 39 29 3
          83 30 29 3 31 30
          83 3 42 30 31 3
          41 30 42 3 40 30
          41 3 39 30 40 3
          48 39 40 3 56 48
          40 3 59 56 40 3
          41 59 40 3 63 59
          41 3 44 63 41 3
          42 44 41 3 33 44
          42 3 16 33 42 3
          31 16 42 3 21 16
          70 3 33 16 21 3
          63 44 65 3 57 63
          65 3 61 63 57 3
          18 61 57 3 19 61
          18 3 56 61 19 3
          59 61 56 3 63 61
          59 3 46 19 18 3
          62 46 18 3 64 62
          18 3 57 64 18 3
          64 57 55 3 52 64
          55 3 10 52 55 3
          53 33 21 3 44 33
          53 3 65 44 53 3
          55 65 53 3 10 55
          53 3 35 10 53 3
          21 35 53 3 57 65
          55 136 3 97 142 100
          3 97 146 142 3 146
          155 101 3 134 142 96
          3 90 134 96 3 91
          134 90 3 102 91 90
          3 132 102 90 3 96
          132 90 3 101 132 96
          3 86 132 101 3 103
          86 101 3 146 97 155
          3 125 103 97 3 99
          125 97 3 100 99 97
          3 87 142 134 3 88
          142 87 3 89 88 87
          3 93 89 87 3 92
          93 87 3 134 92 87
          3 91 92 134 3 98
          92 91 3 133 98 91
          3 102 133 91 3 128
          108 102 3 132 128 102
          3 128 132 113 3 108
          128 117 3 147 108 117
          3 133 108 147 3 102
          108 133 3 98 133 110
          3 148 98 110 3 93
          98 148 3 92 98 93
          3 89 93 94 3 135
          89 94 3 136 89 135
          3 88 89 136 3 111
          88 136 3 99 100 111
          3 95 99 111 3 149
          95 111 3 136 149 111
          3 131 149 136 3 135
          131 136 3 94 131 135
          3 126 131 94 3 148
          126 94 3 93 148 94
          3 88 100 142 3 88
          111 100 3 126 148 152
          3 106 131 126 3 129
          131 106 3 149 131 129
          3 150 149 129 3 95
          149 107 3 140 95 107
          3 99 95 140 3 140
          125 99 3 109 103 125
          3 120 103 109 3 86
          103 120 3 132 86 113
          3 130 113 86 3 116
          113 130 3 128 113 116
          3 117 128 116 3 110
          147 123 3 133 147 110
          3 148 110 123 3 152
          148 123 3 106 152 144
          3 126 152 106 3 129
          106 144 3 154 129 144
          3 150 129 154 3 107
          149 150 3 105 140 107
          3 104 140 105 3 125
          140 104 3 109 125 104
          3 119 109 104 3 105
          119 104 3 153 119 105
          3 119 153 112 3 109
          119 118 3 120 109 118
          3 130 86 120 3 116
          130 121 3 124 116 121
          3 117 116 124 3 127
          117 124 3 117 114 147
          3 117 127 114 3 123
          147 114 3 152 123 115
          3 144 152 115 3 145
          144 115 3 114 145 115
          3 123 114 115 3 127
          145 114 3 141 145 127
          3 124 141 127 3 138
          141 124 3 121 138 124
          3 139 138 121 3 130
          139 121 3 120 139 130
          3 118 139 120 3 122
          139 118 3 112 122 118
          3 119 112 118 3 151
          122 112 3 153 151 112
          3 107 153 105 3 150
          153 107 3 153 150 154
          3 151 153 154 3 122
          151 143 3 138 122 143
          3 143 151 137 3 122
          138 139 3 141 138 143
          3 137 144 145 3 154
          144 137 3 141 143 137
          3 137 145 141 3 137
          151 154 3 96 146 101
          3 96 142 146 3 103
          155 97 3 103 101 155
          124 3 178 188 208 3
          215 188 178 3 189 215
          178 3 212 215 189 3
          217 212 189 3 193 212
          217 3 187 212 193 3
          159 187 193 3 160 159
          193 3 160 193 214 3
          160 214 191 3 160 191
          161 3 176 160 161 3
          200 176 219 3 159 176
          200 3 160 176 159 3
          158 159 200 3 187 159
          158 3 187 215 212 3
          175 215 187 3 158 175
          187 3 157 219 176 3
          161 157 176 3 163 157
          161 3 164 157 163 3
          174 157 164 3 219 157
          174 3 156 200 219 3
          158 200 156 3 175 158
          156 3 204 188 215 3
          175 204 215 3 210 204
          175 3 156 210 175 3
          211 210 156 3 213 211
          156 3 219 213 156 3
          213 219 174 3 165 213
          174 3 164 165 174 3
          170 165 164 3 167 170
          164 3 163 167 164 3
          163 206 167 3 161 162
          163 3 163 162 206 3
          206 172 207 3 206 162
          172 3 191 166 162 3
          161 191 162 3 166 207
          172 3 169 206 207 3
          206 169 209 3 206 209
          167 3 170 167 182 3
          197 165 170 3 198 165
          197 3 213 165 198 3
          211 179 210 3 218 179
          211 3 198 218 211 3
          213 198 211 3 197 218
          198 3 192 197 170 3
          182 192 170 3 194 182
          169 3 196 194 169 3
          207 196 169 3 203 196
          207 3 166 172 162 3
          166 203 207 3 173 203
          166 3 173 168 217 3
          173 166 168 3 191 214
          166 3 214 217 168 3
          193 217 214 3 214 168
          166 3 173 217 189 3
          177 173 189 3 178 177
          189 3 181 178 208 3
          177 178 181 3 185 177
          181 3 173 177 185 3
          203 173 185 3 196 203
          185 3 196 185 201 3
          181 201 185 3 183 196
          201 3 194 196 183 3
          182 194 205 3 192 182
          205 3 194 183 205 3
          181 184 201 3 184 181
          208 3 186 204 210 3
          179 186 210 3 186 199
          216 3 186 179 199 3
          218 190 179 3 197 192
          180 3 171 190 180 3
          195 171 180 3 205 195
          180 3 192 205 180 3
          183 195 205 3 201 202
          183 3 184 202 201 3
          216 202 184 3 208 216
          184 3 186 208 188 3
          204 186 188 3 216 208
          186 3 190 216 199 3
          183 202 195 3 171 216
          190 3 190 199 179 3
          202 216 171 3 195 202
          171 3 182 167 209 3
          182 209 169 3 180 190
          218 3 180 218 197 146
          3 230 281 222 3 270
          230 222 3 257 270 222
          3 258 281 287 3 288
          258 287 3 238 258 288
          3 263 238 288 3 220
          263 285 3 221 263 220
          3 292 221 220 3 244
          292 220 3 285 244 220
          3 225 223 285 3 225
          284 223 3 285 263 282
          3 225 285 282 3 223
          244 285 3 263 221 231
          3 238 263 231 3 294
          238 231 3 247 294 231
          3 221 247 231 3 292
          247 221 3 283 292 244
          3 283 244 267 3 247
          292 293 3 228 247 293
          3 294 247 228 3 293
          286 228 3 283 293 292
          3 267 269 283 3 223
          267 244 3 227 267 223
          3 284 227 223 3 272
          284 225 3 282 272 225
          3 288 282 263 3 240
          282 288 3 272 282 240
          3 248 272 240 3 291
          272 248 3 284 272 291
          3 235 227 284 3 237
          227 235 3 267 227 237
          3 269 267 237 3 266
          269 237 3 236 266 237
          3 235 236 237 3 284
          242 235 3 291 242 284
          3 240 234 248 3 287
          234 240 3 288 287 240
          3 234 287 250 3 260
          248 234 3 291 248 260
          3 268 291 260 3 254
          291 268 3 242 291 254
          3 224 242 254 3 235
          242 224 3 236 235 224
          3 256 236 224 3 266
          236 256 3 289 269 290
          3 283 269 289 3 293
          283 289 3 245 294 228
          3 238 294 277 3 277
          258 238 3 294 249 277
          3 245 249 294 3 251
          249 245 3 241 251 245
          3 228 241 245 3 286
          241 228 3 226 241 286
          3 246 226 286 3 289
          246 286 3 293 289 286
          3 246 289 290 3 241
          226 252 3 251 241 252
          3 243 251 252 3 255
          251 243 3 249 251 255
          3 239 249 255 3 277
          249 239 3 258 277 239
          3 222 258 239 3 281
          258 222 3 257 222 239
          3 255 257 239 3 271
          257 255 3 243 271 255
          3 252 253 243 3 226
          253 252 3 246 253 226
          3 262 253 246 3 261
          253 262 3 243 253 261
          3 271 243 261 3 275
          271 261 3 279 275 261
          3 262 279 261 3 265
          279 262 3 259 265 262
          3 246 259 262 3 290
          259 246 3 229 259 290
          3 265 259 229 3 232
          265 229 3 266 229 290
          3 269 266 290 3 256
          229 266 3 224 273 256
          3 254 273 224 3 268
          273 254 3 232 256 273
          3 229 256 232 3 276
          232 273 3 268 276 273
          3 280 276 268 3 260
          280 268 3 233 280 260
          3 234 233 260 3 250
          233 234 3 287 281 250
          3 230 250 281 3 233
          250 230 3 230 280 233
          3 274 280 230 3 270
          274 230 3 275 274 270
          3 271 275 270 3 257
          271 270 3 278 274 275
          3 280 274 278 3 276
          280 278 3 264 276 278
          3 232 276 264 3 265
          232 264 3 279 265 264
          3 278 279 264 3 275
          279 278 142 3 345 295
          365 3 334 301 313 3
          295 301 334 3 359 334
          313 3 300 334 359 3
          356 334 300 3 295 334
          356 3 345 301 295 3
          356 365 295 3 353 365
          356 3 357 353 356 3
          300 357 356 3 306 357
          300 3 305 306 300 3
          359 305 300 3 345 299
          301 3 364 367 345 3
          365 364 345 3 353 366
          365 3 357 327 353 3
          311 357 306 3 362 311
          306 3 305 362 306 3
          350 362 305 3 359 350
          305 3 348 350 359 3
          313 348 359 3 313 351
          348 3 301 317 313 3
          299 317 301 3 333 317
          299 3 367 333 299 3
          345 367 299 3 333 367
          363 3 310 317 333 3
          313 317 351 3 303 348
          351 3 315 348 303 3
          350 348 315 3 307 362
          350 3 325 362 307 3
          326 311 362 3 321 311
          326 3 327 311 321 3
          357 311 327 3 358 327
          312 3 353 327 358 3
          366 353 358 3 360 363
          367 3 308 360 367 3
          364 308 367 3 366 364
          365 3 358 319 366 3
          327 321 312 3 326 309
          321 3 296 309 326 3
          325 296 326 3 362 325
          326 3 329 296 325 3
          307 329 325 3 315 307
          350 3 298 307 315 3
          318 298 315 3 303 318
          315 3 323 318 303 3
          316 323 303 3 310 316
          303 3 302 316 310 3
          333 302 310 3 363 302
          333 3 304 302 363 3
          324 316 302 3 323 316
          324 3 332 323 324 3
          318 323 332 3 329 307
          298 3 339 329 298 3
          296 329 339 3 342 309
          296 3 339 342 296 3
          343 342 339 3 340 343
          339 3 298 340 339 3
          337 340 298 3 318 337
          298 3 332 337 318 3
          338 337 332 3 331 338
          332 3 324 331 332 3
          304 331 324 3 302 304
          324 3 363 360 304 3
          354 304 360 3 330 354
          360 3 308 330 360 3
          297 330 308 3 314 297
          308 3 364 314 308 3
          366 314 364 3 320 366
          319 3 312 319 358 3
          349 319 312 3 309 349
          321 3 309 322 349 3
          312 321 349 3 342 322
          309 3 347 322 342 3
          319 361 320 3 314 366
          320 3 330 297 328 3
          335 354 330 3 331 304
          354 3 344 338 331 3
          335 344 331 3 354 335
          331 3 328 352 335 3
          330 328 335 3 336 328
          297 3 320 336 297 3
          314 320 297 3 361 336
          320 3 319 349 361 3
          322 361 349 3 347 355
          322 3 343 347 342 3
          346 347 343 3 341 346
          343 3 340 341 343 3
          337 341 340 3 338 341
          337 3 344 341 338 3
          346 341 344 3 352 346
          344 3 335 352 344 3
          328 336 352 3 355 352
          336 3 346 352 355 3
          347 346 355 3 361 322
          355 3 336 361 355 3
          310 351 317 3 303 351
          310 142 3 425 435 436
          3 421 435 425 3 432
          435 421 3 430 432 402
          3 433 432 430 3 439
          433 430 3 391 439 430
          3 407 439 391 3 418
          407 391 3 374 407 418
          3 438 407 374 3 420
          407 438 3 374 369 438
          3 368 369 374 3 371
          369 368 3 377 371 368
          3 376 377 368 3 374
          376 368 3 418 376 374
          3 382 418 415 3 376
          418 382 3 375 376 382
          3 377 376 375 3 428
          377 375 3 392 428 375
          3 387 392 375 3 382
          387 375 3 386 387 382
          3 415 386 382 3 391
          415 418 3 430 415 391
          3 406 415 430 3 386
          415 406 3 393 386 406
          3 387 386 393 3 394
          387 393 3 392 387 394
          3 377 428 378 3 371
          377 378 3 372 371 378
          3 399 371 372 3 369
          371 399 3 426 420 438
          3 370 426 438 3 369
          370 438 3 399 370 369
          3 412 370 399 3 380
          412 399 3 372 380 399
          3 423 380 372 3 379
          423 372 3 378 379 372
          3 428 379 378 3 395
          379 428 3 392 395 428
          3 379 395 388 3 423
          379 388 3 417 380 423
          3 412 380 417 3 370
          412 424 3 426 370 424
          3 419 426 424 3 439
          407 420 3 440 439 420
          3 433 439 440 3 410
          435 433 3 440 410 433
          3 426 429 440 3 426
          440 420 3 426 419 429
          3 384 419 424 3 412
          384 424 3 417 384 412
          3 390 384 417 3 389
          390 417 3 423 389 417
          3 396 389 423 3 388
          396 423 3 413 396 388
          3 395 413 388 3 404
          413 395 3 397 404 395
          3 392 397 395 3 394
          397 392 3 400 397 394
          3 393 400 394 3 414
          400 393 3 406 414 393
          3 402 414 406 3 430
          402 406 3 400 414 408
          3 409 400 408 3 397
          400 409 3 404 397 409
          3 405 413 404 3 373
          413 405 3 396 413 373
          3 401 396 373 3 389
          396 401 3 437 389 401
          3 390 389 437 3 384
          390 411 3 419 384 411
          3 411 429 419 3 403
          411 437 3 429 411 403
          3 381 440 429 3 410
          440 381 3 381 435 410
          3 403 381 429 3 422
          381 403 3 422 403 437
          3 427 422 437 3 390
          437 411 3 401 427 437
          3 373 427 401 3 434
          373 405 3 383 434 405
          3 404 383 405 3 409
          383 404 3 385 383 409
          3 416 385 409 3 408
          416 409 3 398 416 408
          3 414 398 408 3 402
          398 414 3 432 398 402
          3 421 398 432 3 416
          398 421 3 385 434 383
          3 431 434 385 3 425
          431 385 3 416 425 385
          3 421 425 416 3 436
          431 425 3 433 435 432
          3 381 436 435 3 422
          436 381 3 431 436 422
          3 427 434 431 3 373
          434 427 3 431 422 427
          130 3 482 507 454 3
          485 482 454 3 491 485
          454 3 444 491 454 3
          441 491 498 3 490 441
          498 3 490 498 500 3
          442 441 490 3 447 442
          490 3 490 460 494 3
          500 460 490 3 500 499
          501 3 500 443 499 3
          443 502 499 3 444 487
          443 3 491 444 443 3
          504 487 444 3 454 504
          444 3 476 504 454 3
          476 454 507 3 501 503
          460 3 501 488 503 3
          503 495 506 3 503 506
          460 3 489 494 495 3
          499 466 501 3 502 483
          499 3 443 487 502 3
          457 476 507 3 449 476
          457 3 504 476 449 3
          456 504 449 3 487 504
          456 3 502 487 456 3
          466 499 483 3 467 503
          488 3 471 467 488 3
          461 471 488 3 466 461
          488 3 480 461 466 3
          483 480 466 3 502 480
          483 3 448 480 502 3
          456 448 502 3 449 448
          456 3 462 448 449 3
          457 462 449 3 463 462
          457 3 458 463 457 3
          507 458 457 3 482 455
          507 3 452 455 482 3
          451 452 482 3 485 451
          482 3 441 485 491 3
          442 485 441 3 451 485
          442 3 478 451 442 3
          472 478 442 3 447 472
          442 3 446 472 447 3
          494 446 447 3 490 494
          447 3 495 486 489 3
          467 486 495 3 503 467
          495 3 505 486 467 3
          471 505 467 3 448 469
          480 3 470 469 448 3
          462 470 448 3 473 470
          462 3 463 473 462 3
          465 473 463 3 458 465
          463 3 464 465 458 3
          455 464 458 3 455 477
          464 3 452 459 455 3
          484 464 477 3 478 459
          452 3 451 478 452 3
          472 450 478 3 450 472
          446 3 445 450 446 3
          489 445 446 3 494 489
          446 3 486 445 489 3
          479 505 471 3 501 460
          500 3 480 475 461 3
          469 475 480 3 470 475
          469 3 468 475 470 3
          473 468 470 3 481 468
          473 3 465 481 473 3
          455 459 477 3 493 484
          459 3 484 477 459 3
          450 493 459 3 478 450
          459 3 445 493 450 3
          492 445 486 3 496 492
          486 3 505 496 486 3
          479 471 461 3 475 479
          461 3 468 479 475 3
          474 479 468 3 505 479
          474 3 496 505 474 3
          493 445 492 3 492 484
          493 3 496 453 492 3
          474 497 496 3 481 497
          474 3 468 481 474 3
          465 497 481 3 464 497
          465 3 484 497 464 3
          453 497 484 3 492 453
          484 3 496 497 453 3
          458 507 455 3 443 500
          498 3 443 498 491 3
          488 501 466 3 494 460
          506 3 494 506 495 144
          3 549 540 543 3 530
          549 543 3 525 530 543
          3 534 525 543 3 535
          525 534 3 527 535 534
          3 533 527 534 3 523
          527 533 3 531 527 523
          3 512 523 514 3 515
          512 514 3 517 512 515
          3 520 512 517 3 531
          512 520 3 523 512 531
          3 542 531 520 3 521
          542 520 3 518 521 520
          3 517 518 520 3 509
          518 517 3 515 509 517
          3 508 509 515 3 574
          509 508 3 508 572 573
          3 522 572 508 3 516
          522 508 3 515 516 508
          3 514 516 515 3 513
          516 514 3 519 513 514
          3 524 513 519 3 541
          513 524 3 522 513 541
          3 516 513 522 3 568
          572 522 3 568 580 572
          3 508 573 574 3 518
          509 574 3 567 518 574
          3 566 567 574 3 511
          566 574 3 569 566 511
          3 511 580 581 3 572
          580 511 3 522 541 568
          3 575 568 541 3 524
          575 541 3 536 575 524
          3 510 536 524 3 519
          510 524 3 523 510 519
          3 514 523 519 3 533
          510 523 3 539 510 533
          3 536 510 539 3 538
          536 539 3 575 536 538
          3 568 575 564 3 564
          576 580 3 568 564 580
          3 578 564 575 3 553
          578 579 3 538 578 575
          3 538 579 578 3 539
          579 538 3 540 579 539
          3 533 540 539 3 534
          540 533 3 543 540 534
          3 549 579 540 3 553
          579 549 3 581 580 576
          3 511 581 569 3 518
          567 521 3 542 521 526
          3 535 527 531 3 542
          535 531 3 528 535 542
          3 526 528 542 3 552
          528 526 3 529 552 526
          3 521 529 526 3 547
          529 521 3 567 547 521
          3 571 529 547 3 550
          529 571 3 552 529 550
          3 545 528 552 3 535
          528 545 3 525 535 545
          3 548 525 545 3 530
          525 548 3 549 530 559
          3 553 549 559 3 560
          578 553 3 564 578 560
          3 576 564 560 3 532
          567 566 3 547 567 532
          3 571 547 532 3 552
          550 544 3 545 552 544
          3 551 530 548 3 559
          530 551 3 554 559 551
          3 557 554 551 3 558
          557 551 3 548 558 551
          3 545 558 548 3 544
          558 545 3 555 558 544
          3 550 555 544 3 546
          555 550 3 571 546 550
          3 570 546 571 3 555
          546 570 3 562 555 570
          3 557 558 555 3 556
          554 557 3 565 554 556
          3 553 554 565 3 559
          554 553 3 560 553 565
          3 577 560 565 3 576
          560 577 3 581 576 561
          3 581 561 569 3 532
          566 569 3 537 532 569
          3 561 537 569 3 563
          537 561 3 576 563 561
          3 577 563 576 3 556
          577 565 3 563 577 556
          3 562 563 556 3 557
          562 556 3 555 562 557
          3 570 537 563 3 532
          537 571 3 570 571 537
          3 563 562 570 3 511
          574 573 3 511 573 572
          120 3 626 593 595 3
          620 626 595 3 624 626
          628 3 593 626 624 3
          629 593 624 3 592 593
          629 3 586 593 592 3
          615 586 592 3 592 616
          631 3 584 616 585 3
          607 584 585 3 608 584
          607 3 587 584 608 3
          616 584 587 3 587 627
          616 3 587 582 627 3
          592 631 615 3 594 586
          615 3 595 586 594 3
          593 586 595 3 620 595
          594 3 603 620 594 3
          606 603 594 3 615 606
          594 3 590 606 615 3
          583 590 615 3 590 632
          604 3 590 583 632 3
          589 604 582 3 588 589
          582 3 587 588 582 3
          598 588 587 3 608 598
          587 3 607 634 608 3
          634 638 637 3 634 607
          638 3 607 639 638 3
          607 585 639 3 592 629
          585 3 616 592 585 3
          629 639 585 3 637 638
          600 3 601 638 639 3
          599 634 637 3 598 634
          599 3 608 634 598 3
          588 598 633 3 589 588
          633 3 602 589 633 3
          591 589 602 3 604 589
          591 3 590 604 613 3
          606 590 613 3 612 603
          606 3 613 612 606 3
          612 613 625 3 603 612
          611 3 605 626 620 3
          611 620 603 3 605 620
          611 3 596 611 612 3
          612 625 596 3 613 618
          630 3 613 604 618 3
          591 630 618 3 591 643
          630 3 602 622 643 3
          642 602 633 3 637 610
          599 3 601 639 624 3
          600 635 637 3 636 635
          600 3 601 636 600 3
          638 601 600 3 629 624
          639 3 628 601 624 3
          583 616 627 3 636 601
          628 3 630 625 613 3
          610 637 635 3 599 642
          633 3 599 633 598 3
          622 602 642 3 591 618
          604 3 596 630 619 3
          623 596 619 3 602 643
          591 3 622 641 640 3
          622 640 619 3 609 641
          614 3 623 619 640 3
          596 623 621 3 611 596
          621 3 605 611 621 3
          628 626 605 3 583 627
          582 3 599 610 642 3
          610 641 642 3 630 596
          625 3 636 628 597 3
          635 636 614 3 610 635
          614 3 641 622 642 3
          617 621 623 3 605 621
          617 3 628 605 597 3
          617 597 605 3 609 617
          640 3 597 617 609 3
          610 614 641 3 609 640
          641 3 617 623 640 3
          614 597 609 3 614 636
          597 3 583 615 631 3
          583 631 616 3 582 632
          583 3 582 604 632 3
          619 643 622 3 619 630
          643 144 3 708 709 660
          3 701 660 644 3 704
          644 709 3 703 644 704
          3 712 644 703 3 671
          712 703 3 715 671 703
          3 704 715 703 3 709
          653 704 3 687 709 708
          3 646 704 653 3 715
          704 646 3 679 715 646
          3 644 712 701 3 712
          649 701 3 701 698 660
          3 649 698 701 3 712
          714 649 3 671 714 712
          3 645 714 671 3 713
          645 671 3 715 713 671
          3 679 713 715 3 646
          658 679 3 682 658 646
          3 646 653 682 3 662
          687 708 3 708 660 648
          3 702 648 660 3 698
          702 660 3 695 702 698
          3 645 690 714 3 714
          690 665 3 692 716 665
          3 683 692 665 3 690
          683 665 3 686 683 690
          3 645 686 690 3 651
          645 713 3 651 713 691
          3 664 651 691 3 663
          651 664 3 686 651 663
          3 645 651 686 3 683
          686 672 3 649 714 665
          3 685 649 665 3 698
          649 685 3 695 698 685
          3 685 706 695 3 716
          685 665 3 706 685 716
          3 707 706 711 3 695
          706 707 3 702 695 707
          3 709 644 660 3 662
          708 648 3 666 662 648
          3 687 662 666 3 656
          653 687 3 680 656 687
          3 666 680 687 3 648
          710 666 3 702 710 648
          3 707 710 702 3 700
          710 707 3 656 680 659
          3 654 656 659 3 682
          656 654 3 658 682 654
          3 679 658 652 3 691
          679 652 3 713 679 691
          3 657 691 652 3 664
          691 657 3 673 664 657
          3 697 673 657 3 669
          697 657 3 652 669 657
          3 658 669 652 3 696
          669 658 3 654 696 658
          3 667 696 654 3 659
          667 654 3 674 669 696
          3 697 669 674 3 673
          697 655 3 688 673 655
          3 694 673 688 3 663
          673 694 3 672 663 694
          3 686 663 672 3 681
          672 694 3 677 672 681
          3 683 672 677 3 692
          683 677 3 717 716 692
          3 711 716 717 3 706
          716 711 3 661 666 710
          3 680 666 661 3 668
          680 661 3 678 668 661
          3 700 678 661 3 710
          700 661 3 705 700 707
          3 711 705 707 3 717
          650 711 3 677 717 692
          3 681 717 677 3 670
          717 681 3 688 670 681
          3 694 688 681 3 674
          655 697 3 693 655 674
          3 675 693 674 3 696
          675 674 3 667 675 696
          3 684 675 667 3 693
          675 684 3 655 693 688
          3 670 688 693 3 650
          717 670 3 689 711 650
          3 670 689 650 3 647
          689 670 3 693 647 670
          3 711 689 705 3 700
          705 699 3 699 678 700
          3 676 678 699 3 668
          678 676 3 667 668 676
          3 659 668 667 3 680
          668 659 3 684 667 676
          3 699 684 676 3 647
          684 699 3 693 684 647
          3 705 689 699 3 647
          699 689 3 664 673 663
          3 653 656 682 3 687
          653 709 162 3 718 729
          788 3 720 718 788 3
          790 718 720 3 794 729
          718 3 796 729 794 3
          789 796 719 3 719 795
          789 3 719 722 795 3
          791 789 795 3 795 746
          791 3 731 746 795 3
          722 731 795 3 722 732
          754 3 723 732 722 3
          719 723 722 3 733 723
          719 3 796 733 719 3
          794 733 796 3 723 733
          761 3 732 723 761 3
          722 754 731 3 746 731
          735 3 744 789 791 3
          796 789 744 3 744 729
          796 3 788 729 744 3
          785 788 744 3 792 785
          744 3 791 792 744 3
          739 792 791 3 746 739
          791 3 735 739 746 3
          783 754 732 3 783 731
          754 3 731 781 735 3
          783 781 731 3 732 738
          783 3 734 738 732 3
          761 734 732 3 736 734
          761 3 733 727 761 3
          724 727 733 3 794 724
          733 3 730 724 794 3
          718 730 794 3 790 730
          718 3 720 770 790 3
          784 770 720 3 793 720
          788 3 739 721 792 3
          777 721 739 3 735 777
          739 3 745 777 735 3
          781 745 735 3 728 725
          781 3 783 728 781 3
          747 728 783 3 738 747
          783 3 765 747 738 3
          734 765 738 3 737 765
          734 3 736 737 734 3
          743 737 736 3 745 781
          725 3 757 745 725 3
          759 745 757 3 777 745
          759 3 740 721 777 3
          759 740 777 3 766 740
          759 3 782 766 759 3
          757 782 759 3 769 782
          757 3 742 769 757 3
          725 742 757 3 728 742
          725 3 747 742 728 3
          758 742 747 3 765 758
          747 3 779 758 765 3
          737 779 765 3 778 737
          743 3 760 778 743 3
          741 760 743 3 736 741
          743 3 727 741 736 3
          761 727 736 3 775 741
          727 3 724 775 727 3
          730 775 724 3 750 775
          730 3 790 750 730 3
          775 750 768 3 768 741
          775 3 760 741 768 3
          779 737 778 3 758 779
          764 3 742 758 764 3
          769 742 764 3 766 782
          771 3 763 766 771 3
          726 766 763 3 740 766
          726 3 753 792 721 3
          784 720 793 3 785 793
          788 3 786 793 785 3
          792 786 785 3 753 786
          792 3 787 786 753 3
          726 787 753 3 740 726
          753 3 721 740 753 3
          762 793 786 3 784 793
          762 3 798 784 762 3
          799 784 798 3 770 784
          799 3 790 770 750 3
          755 750 770 3 768 750
          755 3 799 755 770 3
          787 798 762 3 786 787
          762 3 726 780 787 3
          756 780 726 3 763 756
          726 3 773 756 763 3
          771 773 763 3 774 773
          771 3 769 774 771 3
          782 769 771 3 764 774
          769 3 774 764 772 3
          752 774 772 3 773 774
          752 3 749 773 752 3
          756 773 749 3 751 756
          749 3 780 756 751 3
          798 780 751 3 799 798
          751 3 797 799 751 3
          749 797 751 3 752 748
          749 3 772 748 752 3
          767 748 772 3 779 767
          772 3 778 767 779 3
          760 767 778 3 800 767
          760 3 776 800 760 3
          768 776 760 3 776 768
          755 3 797 776 755 3
          799 797 755 3 780 798
          787 3 767 800 748 3
          800 797 749 3 748 800
          749 3 797 800 776 3
          764 779 772 134 3 866
          844 810 3 857 844 866
          3 859 844 857 3 803
          844 859 3 802 803 859
          3 801 802 859 3 805
          802 801 3 804 805 801
          3 804 801 860 3 858
          860 801 3 855 801 859
          3 864 821 858 3 812
          805 804 3 809 805 812
          3 802 805 809 3 833
          802 809 3 803 833 844
          3 802 833 803 3 808
          810 844 3 833 808 844
          3 806 808 833 3 809
          806 833 3 835 806 809
          3 813 835 818 3 806
          835 813 3 807 806 813
          3 808 806 807 3 827
          808 807 3 838 827 807
          3 853 838 807 3 813
          853 807 3 824 853 813
          3 818 824 813 3 851
          824 818 3 817 851 818
          3 820 851 817 3 822
          820 817 3 812 822 817
          3 804 822 812 3 830
          851 820 3 829 851 830
          3 824 851 829 3 853
          824 829 3 810 808 827
          3 815 810 827 3 838
          825 827 3 834 825 838
          3 839 834 838 3 853
          839 838 3 829 839 853
          3 849 839 829 3 832
          849 829 3 830 832 829
          3 850 832 830 3 820
          850 830 3 850 831 865
          3 850 820 831 3 822
          831 820 3 831 822 860
          3 831 860 821 3 804
          860 822 3 860 858 821
          3 862 864 858 3 863
          858 855 3 863 862 858
          3 801 855 858 3 859
          857 855 3 866 846 868
          3 868 857 866 3 866
          811 841 3 810 811 866
          3 810 815 811 3 825
          828 815 3 827 825 815
          3 834 836 825 3 856
          836 834 3 828 825 836
          3 857 868 855 3 863
          855 868 3 865 831 821
          3 840 865 821 3 864
          840 821 3 862 845 864
          3 863 845 862 3 852
          863 868 3 826 868 846
          3 826 846 841 3 866
          841 846 3 816 826 841
          3 828 816 841 3 852
          868 826 3 869 852 826
          3 867 869 826 3 816
          867 826 3 861 867 816
          3 828 861 816 3 836
          861 828 3 856 861 836
          3 834 849 856 3 839
          849 834 3 832 842 849
          3 837 842 832 3 850
          837 832 3 819 837 850
          3 865 819 850 3 840
          819 865 3 847 837 819
          3 840 847 819 3 848
          847 840 3 854 848 840
          3 864 854 840 3 845
          854 864 3 845 863 852
          3 869 845 852 3 854
          845 869 3 848 854 843
          3 823 848 843 3 847
          848 823 3 837 847 823
          3 842 837 823 3 814
          842 823 3 856 842 814
          3 849 842 856 3 814
          861 856 3 823 843 814
          3 869 867 843 3 854
          869 843 3 814 843 867
          3 861 814 867 3 835
          812 817 3 809 812 835
          3 818 835 817 3 828
          811 815 3 828 841 811
          126 3 907 928 917 3
          913 928 907 3 924 913
          907 3 902 924 907 3
          926 924 902 3 914 924
          926 3 900 912 914 3
          914 918 900 3 912 900
          875 3 870 912 875 3
          923 912 870 3 870 933
          923 3 871 910 870 3
          870 875 930 3 875 876
          925 3 870 930 871 3
          874 931 878 3 901 871
          874 3 910 871 901 3
          870 910 933 3 873 906
          910 3 901 873 910 3
          901 874 932 3 901 932
          872 3 874 921 895 3
          874 878 921 3 883 884
          878 3 876 883 878 3
          911 883 876 3 881 911
          876 3 875 881 876 3
          900 881 875 3 920 881
          900 3 918 920 900 3
          916 920 918 3 926 916
          918 3 914 926 918 3
          911 881 920 3 883 911
          880 3 884 883 880 3
          888 884 880 3 889 884
          888 3 895 884 889 3
          872 895 887 3 879 901
          872 3 873 901 879 3
          877 873 879 3 906 873
          877 3 927 906 877 3
          914 912 923 3 908 914
          923 3 906 908 923 3
          913 908 906 3 927 913
          906 3 877 885 927 3
          879 885 877 3 886 885
          879 3 872 886 879 3
          887 886 872 3 890 886
          887 3 894 886 890 3
          885 886 894 3 908 913
          924 3 914 908 924 3
          927 928 913 3 897 928
          927 3 885 897 927 3
          894 897 885 3 899 894
          890 3 893 899 890 3
          909 893 890 3 887 909
          890 3 889 909 887 3
          895 889 887 3 888 909
          889 3 882 909 888 3
          896 882 888 3 880 896
          888 3 891 896 880 3
          911 891 880 3 919 891
          911 3 920 919 911 3
          916 919 920 3 919 916
          929 3 891 919 929 3
          896 891 929 3 896 929
          934 3 922 929 916 3
          878 925 876 3 874 871
          931 3 884 895 921 3
          896 934 882 3 893 909
          882 3 903 893 882 3
          904 893 903 3 899 893
          904 3 905 899 904 3
          898 899 905 3 894 899
          898 3 897 894 898 3
          928 897 898 3 917 928
          898 3 905 917 898 3
          892 917 905 3 904 892
          905 3 934 892 904 3
          903 934 904 3 882 934
          903 3 929 922 934 3
          915 916 926 3 902 915
          926 3 917 902 907 3
          922 916 915 3 917 892
          902 3 884 921 878 3
          892 934 922 3 892 922
          915 3 902 892 915 3
          925 871 930 3 925 930
          875 3 925 931 871 3
          925 878 931 3 895 872
          932 3 895 932 874 3
          906 933 910 3 906 923
          933 132 3 984 951 989
          3 978 951 984 3 951
          978 948 3 948 961 975
          3 961 1001 1002 3 961
          948 1001 3 978 973 948
          3 952 973 978 3 940
          952 978 3 984 940 978
          3 935 940 984 3 942
          935 984 3 936 935 942
          3 937 935 936 3 940
          935 937 3 943 940 937
          3 982 943 937 3 955
          982 937 3 936 955 937
          3 983 955 936 3 946
          983 936 3 942 946 936
          3 945 946 942 3 969
          945 942 3 954 969 942
          3 950 945 969 3 956
          945 950 3 946 945 956
          3 983 946 956 3 958
          983 956 3 949 955 983
          3 982 955 947 3 944
          943 982 3 941 943 944
          3 940 943 941 3 952
          940 941 3 953 952 941
          3 965 953 941 3 991
          965 941 3 944 991 941
          3 938 991 944 3 982
          938 944 3 947 938 982
          3 959 938 947 3 949
          959 947 3 955 949 947
          3 994 959 949 3 960
          994 949 3 983 960 949
          3 958 960 983 3 988
          960 958 3 977 988 958
          3 956 977 958 3 963
          977 956 3 950 963 956
          3 974 963 950 3 980
          974 950 3 969 980 950
          3 954 980 969 3 962
          980 954 3 951 962 954
          3 984 989 942 3 948
          975 951 3 966 962 961
          3 995 966 961 3 961
          1002 995 3 971 1002 1001
          3 976 966 995 3 968
          966 976 3 962 966 968
          3 980 962 968 3 974
          980 968 3 970 963 974
          3 977 963 970 3 994
          960 988 3 964 959 994
          3 938 959 964 3 957
          938 964 3 991 938 957
          3 987 991 957 3 965
          991 987 3 967 953 965
          3 973 953 967 3 952
          953 973 3 948 973 1001
          3 967 971 973 3 986
          971 967 3 965 986 967
          3 987 986 965 3 997
          986 987 3 992 997 987
          3 957 992 987 3 964
          992 957 3 964 990 992
          3 990 994 988 3 964
          994 990 3 996 1002 971
          3 995 1002 993 3 971
          1001 973 3 993 976 995
          3 974 968 976 3 970
          974 979 3 962 975 961
          3 981 970 979 3 977
          970 981 3 988 977 981
          3 979 1000 981 3 998
          1000 979 3 962 951 975
          3 939 998 979 3 974
          939 979 3 954 989 951
          3 954 942 989 3 971
          986 996 3 996 986 997
          3 976 993 939 3 974
          976 939 3 993 998 939
          3 981 990 988 3 1000
          990 981 3 1000 985 999
          3 972 998 993 3 1000
          998 985 3 997 972 996
          3 993 996 972 3 997
          999 972 3 972 999 985
          3 999 997 992 3 990
          999 992 3 999 990 1000
          3 972 985 998 3 996
          993 1002 128 3 1036 1026
          1012 3 1027 1036 1012 3
          1024 1012 1026 3 1056 1012
          1024 3 1021 1012 1056 3
          1041 1056 1024 3 1050 1063
          1054 3 1041 1061 1056 3
          1021 1056 1062 3 1052 1021
          1062 3 1012 1021 1027 3
          1027 1021 1055 3 1064 1027
          1055 3 1033 1064 1055 3
          1008 1033 1055 3 1052 1008
          1055 3 1015 1008 1052 3
          1011 1015 1052 3 1062 1011
          1052 3 1061 1037 1062 3
          1006 1037 1061 3 1003 1006
          1061 3 1003 1061 1041 3
          1004 1003 1041 3 1051 1004
          1041 3 1050 1053 1063 3
          1004 1051 1042 3 1046 1004
          1042 3 1005 1004 1046 3
          1003 1004 1005 3 1006 1003
          1005 3 1006 1066 1068 3
          1037 1006 1068 3 1062 1037
          1010 3 1011 1062 1010 3
          1014 1011 1010 3 1009 1014
          1010 3 1037 1068 1010 3
          1016 1009 1068 3 1016 1068
          1013 3 1010 1068 1009 3
          1028 1009 1016 3 1052 1055
          1021 3 1057 1009 1028 3
          1014 1009 1057 3 1020 1014
          1057 3 1015 1014 1020 3
          1011 1014 1015 3 1008 1015
          1020 3 1065 1033 1008 3
          1036 1064 1053 3 1050 1036
          1053 3 1026 1036 1050 3
          1041 1024 1051 3 1026 1051
          1024 3 1060 1051 1026 3
          1042 1051 1060 3 1005 1046
          1019 3 1066 1005 1019 3
          1006 1005 1066 3 1013 1068
          1066 3 1042 1058 1046 3
          1059 1058 1042 3 1060 1059
          1042 3 1050 1060 1026 3
          1062 1056 1061 3 1019 1046
          1058 3 1018 1019 1058 3
          1035 1019 1018 3 1066 1019
          1035 3 1013 1066 1035 3
          1048 1013 1035 3 1016 1013
          1048 3 1028 1016 1029 3
          1065 1008 1020 3 1039 1065
          1020 3 1057 1039 1020 3
          1038 1039 1057 3 1028 1038
          1057 3 1016 1048 1029 3
          1035 1023 1048 3 1018 1023
          1035 3 1025 1023 1018 3
          1058 1025 1018 3 1017 1058
          1059 3 1025 1058 1017 3
          1031 1025 1017 3 1047 1031
          1017 3 1022 1047 1017 3
          1059 1022 1017 3 1054 1060
          1050 3 1040 1063 1053 3
          1034 1040 1053 3 1064 1034
          1053 3 1033 1034 1064 3
          1044 1032 1065 3 1044 1040
          1032 3 1044 1065 1039 3
          1039 1067 1044 3 1039 1038
          1067 3 1007 1043 1038 3
          1029 1007 1038 3 1028 1029
          1038 3 1030 1007 1029 3
          1048 1030 1029 3 1023 1030
          1048 3 1025 1030 1023 3
          1031 1030 1025 3 1007 1030
          1031 3 1047 1007 1031 3
          1054 1022 1059 3 1060 1054
          1059 3 1049 1054 1063 3
          1049 1022 1054 3 1047 1022
          1049 3 1045 1047 1049 3
          1043 1047 1045 3 1007 1047
          1043 3 1044 1043 1045 3
          1033 1065 1034 3 1034 1065
          1032 3 1034 1032 1040 3
          1045 1040 1044 3 1063 1040
          1045 3 1049 1063 1045 3
          1027 1064 1036 3 1043 1044
          1067 3 1043 1067 1038 138
          3 1079 1070 1090 3 1100
          1079 1090 3 1135 1100 1090
          3 1102 1135 1090 3 1070
          1102 1090 3 1085 1102 1070
          3 1111 1102 1085 3 1096
          1102 1111 3 1130 1096 1111
          3 1075 1130 1111 3 1121
          1130 1075 3 1093 1130 1121
          3 1071 1093 1121 3 1074
          1071 1121 3 1071 1074 1073
          3 1076 1071 1073 3 1123
          1071 1076 3 1069 1071 1123
          3 1093 1071 1069 3 1137
          1130 1093 3 1069 1087 1093
          3 1128 1087 1069 3 1127
          1128 1069 3 1123 1127 1069
          3 1109 1127 1123 3 1095
          1076 1073 3 1078 1095 1073
          3 1074 1078 1073 3 1077
          1078 1074 3 1112 1077 1074
          3 1075 1112 1074 3 1121
          1075 1074 3 1111 1112 1075
          3 1083 1078 1077 3 1095
          1078 1083 3 1082 1076 1095
          3 1123 1076 1082 3 1109
          1123 1082 3 1137 1093 1087
          3 1130 1137 1096 3 1080
          1137 1087 3 1135 1137 1080
          3 1092 1135 1080 3 1134
          1092 1080 3 1124 1134 1080
          3 1087 1124 1080 3 1128
          1124 1087 3 1125 1128 1127
          3 1072 1127 1109 3 1094
          1109 1082 3 1084 1094 1082
          3 1095 1084 1082 3 1083
          1084 1095 3 1088 1084 1083
          3 1089 1088 1083 3 1077
          1089 1083 3 1099 1089 1077
          3 1112 1099 1077 3 1085
          1099 1112 3 1111 1085 1112
          3 1070 1099 1085 3 1099
          1070 1097 3 1091 1099 1097
          3 1089 1099 1091 3 1086
          1089 1091 3 1088 1089 1086
          3 1084 1088 1098 3 1094
          1084 1098 3 1122 1094 1098
          3 1122 1109 1094 3 1072
          1109 1122 3 1125 1127 1072
          3 1072 1129 1125 3 1101
          1129 1072 3 1122 1101 1072
          3 1101 1122 1138 3 1101
          1138 1108 3 1108 1139 1103
          3 1108 1098 1139 3 1086
          1103 1088 3 1091 1104 1086
          3 1097 1104 1091 3 1105
          1104 1097 3 1070 1105 1097
          3 1079 1105 1070 3 1100
          1110 1079 3 1092 1110 1100
          3 1135 1092 1100 3 1096
          1135 1102 3 1137 1135 1096
          3 1126 1124 1128 3 1125
          1126 1128 3 1124 1132 1134
          3 1126 1132 1124 3 1131
          1132 1126 3 1125 1131 1126
          3 1129 1131 1125 3 1136
          1129 1101 3 1108 1136 1101
          3 1113 1136 1108 3 1103
          1113 1108 3 1106 1113 1103
          3 1086 1106 1103 3 1104
          1106 1086 3 1107 1106 1104
          3 1105 1107 1104 3 1114
          1107 1105 3 1079 1114 1105
          3 1110 1114 1079 3 1117
          1114 1110 3 1092 1117 1110
          3 1134 1117 1092 3 1129
          1133 1131 3 1136 1133 1129
          3 1113 1115 1136 3 1081
          1115 1113 3 1106 1081 1113
          3 1107 1081 1106 3 1114
          1081 1107 3 1116 1081 1114
          3 1118 1081 1116 3 1115
          1081 1118 3 1133 1115 1118
          3 1136 1115 1133 3 1120
          1131 1133 3 1118 1120 1133
          3 1119 1120 1118 3 1116
          1119 1118 3 1117 1119 1116
          3 1114 1117 1116 3 1134
          1119 1117 3 1132 1119 1134
          3 1120 1119 1132 3 1131
          1120 1132 3 1098 1108 1138
          3 1098 1138 1122 3 1088
          1139 1098 3 1088 1103 1139
          136 3 1171 1194 1188 3
          1171 1206 1177 3 1171 1177
          1194 3 1183 1202 1177 3
          1187 1203 1183 3 1154 1203
          1187 3 1146 1154 1187 3
          1142 1146 1187 3 1140 1142
          1187 3 1141 1142 1140 3
          1176 1141 1140 3 1193 1176
          1140 3 1187 1193 1140 3
          1193 1187 1183 3 1176 1193
          1145 3 1147 1176 1145 3
          1155 1147 1145 3 1153 1155
          1145 3 1193 1153 1145 3
          1183 1153 1193 3 1162 1153
          1183 3 1157 1153 1162 3
          1155 1153 1157 3 1163 1155
          1157 3 1192 1155 1163 3
          1147 1155 1192 3 1148 1147
          1192 3 1176 1147 1148 3
          1165 1176 1148 3 1141 1176
          1165 3 1143 1141 1165 3
          1142 1141 1143 3 1168 1142
          1143 3 1146 1142 1168 3
          1195 1146 1168 3 1180 1168
          1143 3 1191 1180 1143 3
          1165 1191 1143 3 1144 1191
          1165 3 1148 1144 1165 3
          1159 1144 1148 3 1150 1144
          1159 3 1186 1144 1150 3
          1191 1144 1186 3 1149 1191
          1186 3 1180 1191 1149 3
          1154 1146 1195 3 1201 1154
          1195 3 1203 1154 1201 3
          1195 1185 1201 3 1181 1185
          1195 3 1168 1181 1195 3
          1174 1181 1168 3 1180 1174
          1168 3 1152 1174 1180 3
          1149 1152 1180 3 1184 1152
          1149 3 1186 1184 1149 3
          1179 1184 1186 3 1150 1179
          1186 3 1151 1179 1150 3
          1159 1151 1150 3 1192 1159
          1148 3 1160 1192 1164 3
          1159 1192 1160 3 1151 1159
          1160 3 1166 1179 1151 3
          1173 1166 1151 3 1160 1173
          1151 3 1170 1173 1160 3
          1169 1170 1160 3 1164 1169
          1160 3 1178 1169 1164 3
          1163 1178 1164 3 1192 1163
          1164 3 1206 1178 1163 3
          1157 1206 1163 3 1162 1206
          1157 3 1177 1206 1162 3
          1183 1177 1162 3 1171 1208
          1206 3 1205 1208 1171 3
          1188 1205 1171 3 1172 1188
          1194 3 1197 1172 1194 3
          1202 1197 1194 3 1203 1197
          1202 3 1183 1203 1202 3
          1194 1177 1202 3 1201 1197
          1203 3 1189 1172 1197 3
          1201 1189 1197 3 1185 1189
          1201 3 1182 1189 1185 3
          1200 1182 1185 3 1181 1200
          1185 3 1152 1209 1174 3
          1161 1152 1184 3 1190 1161
          1184 3 1179 1190 1184 3
          1166 1190 1179 3 1175 1190
          1166 3 1199 1175 1166 3
          1173 1199 1166 3 1170 1199
          1173 3 1198 1199 1170 3
          1208 1198 1170 3 1169 1208
          1170 3 1178 1208 1169 3
          1206 1208 1178 3 1205 1198
          1208 3 1189 1188 1172 3
          1207 1188 1189 3 1182 1207
          1189 3 1174 1200 1181 3
          1209 1200 1174 3 1161 1209
          1152 3 1156 1209 1161 3
          1190 1156 1161 3 1175 1156
          1190 3 1204 1156 1175 3
          1209 1156 1204 3 1175 1196
          1204 3 1199 1196 1175 3
          1182 1200 1209 3 1204 1182
          1209 3 1207 1182 1204 3
          1204 1158 1207 3 1207 1158
          1205 3 1188 1207 1205 3
          1167 1205 1158 3 1167 1198
          1205 3 1196 1167 1158 3
          1204 1196 1158 3 1167 1196
          1199 3 1198 1167 1199
        </DataArray>
        <DataArray type="Int64" IdType="1" Name="faceoffsets" format="ascii" RangeMin="673" RangeMax="9425">
          673 1218 1715 2300 2869 3438
          3959 4536 5017 5594 6243 6780
          7285 7814 8327 8880 9425
        </DataArray>
      </Cells>
    </Piece>
  </UnstructuredGrid>
</VTKFile>
